"Path","LineNumber","Line"
"E:\projecto\e_garage\templates_canonical\base.html","178","      <a href=""{% if request.path|slice:"":4"" == ""/us/"" %}/us/vehiculos/{% else %}/cl/vehiculos/{% endif %}"" class=""group relative nav-button-power"">"
"E:\projecto\e_garage\templates_canonical\base_backup.html","268","      {% url 'taller:vehiculos:lista_vehiculos' as url_vehiculos %}"
"E:\projecto\e_garage\templates_canonical\base_backup.html","269","      {% if not url_vehiculos %}"
"E:\projecto\e_garage\templates_canonical\base_backup.html","270","        {% url 'vehiculos:lista_vehiculos' as url_vehiculos %}"
"E:\projecto\e_garage\templates_canonical\base_backup.html","273","      {% if not url_vehiculos %}"
"E:\projecto\e_garage\templates_canonical\base_backup.html","274","        {% url 'chile:vehiculos:lista_vehiculos' as url_vehiculos %}"
"E:\projecto\e_garage\templates_canonical\base_backup.html","277","      {% if not url_vehiculos %}"
"E:\projecto\e_garage\templates_canonical\base_backup.html","278","        {% url 'chile:taller:vehiculos:lista_vehiculos' as url_vehiculos %}"
"E:\projecto\e_garage\templates_canonical\base_backup.html","301","      {% if url_vehiculos %}"
"E:\projecto\e_garage\templates_canonical\base_backup.html","302","        <a href=""{{ url_vehiculos }}"" class=""group relative nav-button-power"">"
"E:\projecto\e_garage\templates_canonical\base_backup.html","554","      {% if url_vehiculos %}"
"E:\projecto\e_garage\templates_canonical\base_backup.html","555","        <a href=""{{ url_vehiculos }}"" class=""group relative nav-button-futuristic-mobile"">"
"E:\projecto\e_garage\templates_canonical\documentos\ejemplo_integracion.html","18","         data-endpoint-vehiculos-cliente=""{% country_url 'documentos:api_vehiculos_cliente' %}"""
"E:\projecto\e_garage\templates_canonical\public\landing_inicio_en.html","66","                        <a href=""{% country_url 'vehiculos:lista_vehiculos' %}"" class=""btn btn-futuristic btn-sm w-100"">"
"E:\projecto\e_garage\templates_canonical\public\landing_inicio_es.html","66","                        <a href=""{% country_url 'vehiculos:lista_vehiculos' %}"" class=""btn btn-futuristic btn-sm w-100"">"
"E:\projecto\e_garage\templates_canonical\taller\cl\en\documentos\documento.html","21","  <p><strong>Vehículo:</strong> {{ documento.vehiculo }}</p>"
"E:\projecto\e_garage\templates_canonical\taller\cl\en\documentos\documento_form.html","64","          <select id=""vehiculo"" name=""vehiculo"" class=""futurista-input w-full"">"
"E:\projecto\e_garage\templates_canonical\taller\cl\en\documentos\documento_pdf.html","25","  <strong>Vehículo:</strong> {{ documento.vehiculo }}<br>"
"E:\projecto\e_garage\templates_canonical\taller\cl\en\documentos\editar_documento.html","437","          {{ form.vehiculo|add_class:""form-input"" }}"
"E:\projecto\e_garage\templates_canonical\taller\cl\en\documentos\editar_documento.html","695","  $('#id_vehiculo').select2({"
"E:\projecto\e_garage\templates_canonical\taller\cl\en\documentos\editar_documento.html","701","      url: '/documentos/autocomplete/vehiculo/',"
"E:\projecto\e_garage\templates_canonical\taller\cl\en\documentos\editar_documento.html","717","          results: data.results.map(vehiculo => ({"
"E:\projecto\e_garage\templates_canonical\taller\cl\en\documentos\editar_documento.html","718","            id: vehiculo.id,"
"E:\projecto\e_garage\templates_canonical\taller\cl\en\documentos\editar_documento.html","719","            text: `${vehiculo.patente} - ${vehiculo.marca} ${vehiculo.modelo}`,"
"E:\projecto\e_garage\templates_canonical\taller\cl\en\documentos\editar_documento.html","720","            patente: vehiculo.patente,"
"E:\projecto\e_garage\templates_canonical\taller\cl\en\documentos\editar_documento.html","721","            marca: vehiculo.marca,"
"E:\projecto\e_garage\templates_canonical\taller\cl\en\documentos\editar_documento.html","722","            modelo: vehiculo.modelo"
"E:\projecto\e_garage\templates_canonical\taller\cl\en\documentos\editar_documento.html","751","    $('#id_vehiculo').prop('disabled', false);"
"E:\projecto\e_garage\templates_canonical\taller\cl\en\documentos\editar_documento.html","752","    $('#id_vehiculo').val(null).trigger('change');"
"E:\projecto\e_garage\templates_canonical\taller\cl\en\documentos\editar_documento.html","753","    $('#id_vehiculo').select2('destroy').select2({"
"E:\projecto\e_garage\templates_canonical\taller\cl\en\documentos\editar_documento.html","758","        url: '/documentos/autocomplete/vehiculo/',"
"E:\projecto\e_garage\templates_canonical\taller\cl\en\documentos\editar_documento.html","771","            results: data.results.map(vehiculo => ({"
"E:\projecto\e_garage\templates_canonical\taller\cl\en\documentos\editar_documento.html","772","              id: vehiculo.id,"
"E:\projecto\e_garage\templates_canonical\taller\cl\en\documentos\editar_documento.html","773","              text: `${vehiculo.patente} - ${vehiculo.marca} ${vehiculo.modelo}`,"
"E:\projecto\e_garage\templates_canonical\taller\cl\en\documentos\editar_documento.html","774","              patente: vehiculo.patente,"
"E:\projecto\e_garage\templates_canonical\taller\cl\en\documentos\editar_documento.html","775","              marca: vehiculo.marca,"
"E:\projecto\e_garage\templates_canonical\taller\cl\en\documentos\editar_documento.html","776","              modelo: vehiculo.modelo"
"E:\projecto\e_garage\templates_canonical\taller\cl\en\documentos\editar_documento.html","789","    $('#id_vehiculo').val(null).trigger('change');"
"E:\projecto\e_garage\templates_canonical\taller\cl\en\documentos\editar_documento.html","790","    $('#id_vehiculo').prop('disabled', true).select2({"
"E:\projecto\e_garage\templates_canonical\taller\cl\en\documentos\editar_documento.html","814","    $('#id_vehiculo').prop('disabled', false);"
"E:\projecto\e_garage\templates_canonical\taller\cl\en\documentos\editar_documento.html","815","    $('#id_vehiculo').select2('destroy').select2({"
"E:\projecto\e_garage\templates_canonical\taller\cl\en\documentos\editar_documento.html","820","        url: '/documentos/autocomplete/vehiculo/',"
"E:\projecto\e_garage\templates_canonical\taller\cl\en\documentos\editar_documento.html","833","            results: data.results.map(vehiculo => ({"
"E:\projecto\e_garage\templates_canonical\taller\cl\en\documentos\editar_documento.html","834","              id: vehiculo.id,"
"E:\projecto\e_garage\templates_canonical\taller\cl\en\documentos\editar_documento.html","835","              text: `${vehiculo.patente} - ${vehiculo.marca} ${vehiculo.modelo}`,"
"E:\projecto\e_garage\templates_canonical\taller\cl\en\documentos\editar_documento.html","836","              patente: vehiculo.patente,"
"E:\projecto\e_garage\templates_canonical\taller\cl\en\documentos\editar_documento.html","837","              marca: vehiculo.marca,"
"E:\projecto\e_garage\templates_canonical\taller\cl\en\documentos\editar_documento.html","838","              modelo: vehiculo.modelo"
"E:\projecto\e_garage\templates_canonical\taller\cl\en\documentos\formulario_documento.html","216","        <label for=""id_vehiculo"">Vehículo</label>"
"E:\projecto\e_garage\templates_canonical\taller\cl\en\documentos\formulario_documento.html","217","        {{ form.vehiculo }}"
"E:\projecto\e_garage\templates_canonical\taller\cl\en\documentos\formulario_documento.html","339","  const $vehiculo = $('#id_vehiculo');"
"E:\projecto\e_garage\templates_canonical\taller\cl\en\documentos\formulario_documento.html","340","  const $vehiculoWrapper = $('#vehiculo-wrapper');"
"E:\projecto\e_garage\templates_canonical\taller\cl\en\documentos\formulario_documento.html","341","  const $vehiculoAlerta = $('#vehiculo-alerta');"
"E:\projecto\e_garage\templates_canonical\taller\cl\en\documentos\formulario_documento.html","386","  function initVehiculoSelect2(clienteId) {"
"E:\projecto\e_garage\templates_canonical\taller\cl\en\documentos\formulario_documento.html","387","    $vehiculo.select2({"
"E:\projecto\e_garage\templates_canonical\taller\cl\en\documentos\formulario_documento.html","389","        url: '/autocomplete/vehiculo/',"
"E:\projecto\e_garage\templates_canonical\taller\cl\en\documentos\formulario_documento.html","411","  initVehiculoSelect2($cliente.val());"
"E:\projecto\e_garage\templates_canonical\taller\cl\en\documentos\formulario_documento.html","416","    $vehiculo.val(null).trigger('change');"
"E:\projecto\e_garage\templates_canonical\taller\cl\en\documentos\formulario_documento.html","417","    $vehiculo.select2('destroy');"
"E:\projecto\e_garage\templates_canonical\taller\cl\en\documentos\formulario_documento.html","418","    initVehiculoSelect2(clienteId);"
"E:\projecto\e_garage\templates_canonical\taller\cl\en\documentos\formulario_documento.html","420","      $vehiculoWrapper.removeClass('hidden');"
"E:\projecto\e_garage\templates_canonical\taller\cl\en\documentos\formulario_documento.html","422","      $vehiculoWrapper.addClass('hidden');"
"E:\projecto\e_garage\templates_canonical\taller\cl\en\documentos\formulario_documento.html","426","  $vehiculo.on('select2:opening', function (e) {"
"E:\projecto\e_garage\templates_canonical\taller\cl\en\documentos\formulario_documento.html","430","      $vehiculoAlerta.removeClass('hidden');"
"E:\projecto\e_garage\templates_canonical\taller\cl\en\documentos\formulario_documento.html","432","        $vehiculoAlerta.addClass('hidden');"
"E:\projecto\e_garage\templates_canonical\taller\cl\en\documentos\lista_documentos.html","11","        radial-gradient(circle at 40% 40%, rgba(120, 200, 255, 0.2) 0%, transparent 5          <th class=""sortable-header"" data-sort=""vehiculo"" onclick=""sortTable('vehiculo')"">"
"E:\projecto\e_garage\templates_canonical\taller\cl\en\documentos\lista_documentos.html","13","            <span class=""sort-indicator"" id=""sort-vehiculo"">⚡</span>"
"E:\projecto\e_garage\templates_canonical\taller\cl\en\documentos\lista_documentos.html","469","          <th class=""sortable-header"" data-sort=""vehiculo"" onclick=""sortTable('vehiculo')"">"
"E:\projecto\e_garage\templates_canonical\taller\cl\en\documentos\lista_documentos.html","471","            <span class=""sort-indicator"" id=""sort-vehiculo"">⚡</span>"
"E:\projecto\e_garage\templates_canonical\taller\cl\en\documentos\lista_documentos.html","516","            data-vehiculo=""{{ doc.vehiculo }}"">"
"E:\projecto\e_garage\templates_canonical\taller\cl\en\documentos\lista_documentos.html","527","          <td class=""table-cell"">{{ doc.vehiculo|default:""N/A"" }}</td>"
"E:\projecto\e_garage\templates_canonical\taller\cl\en\documentos\lista_documentos.html","673","        case 'vehiculo':"
"E:\projecto\e_garage\templates_canonical\taller\cl\en\documentos\lista_documentos.html","674","          valueA = (a.dataset.vehiculo || '').toLowerCase();"
"E:\projecto\e_garage\templates_canonical\taller\cl\en\documentos\lista_documentos.html","675","          valueB = (b.dataset.vehiculo || '').toLowerCase();"
"E:\projecto\e_garage\templates_canonical\taller\cl\en\documentos\lista_documentos.html","772","          sortTable('vehiculo');"
"E:\projecto\e_garage\templates_canonical\taller\cl\en\documentos\ver_documento.html","165","    <div><span class=""futurista-label"">Vehículo:</span> {{ documento.vehiculo }}</div>"
"E:\projecto\e_garage\templates_canonical\taller\cl\en\documentos\ver_documento.html","166","    <div><span class=""futurista-label"">{{ country|mileage_label:request.LANGUAGE_CODE }}:</span> {{ documento.vehiculo.millas|default:""No especificado"" }}{% if country == 'US' %} miles{% else %} km{% endif %}</div>"
"E:\projecto\e_garage\templates_canonical\taller\cl\en\documentos\ver_documento_nuevo.html","247","        {% if documento.vehiculo %}"
"E:\projecto\e_garage\templates_canonical\taller\cl\en\documentos\ver_documento_nuevo.html","248","          {{ documento.vehiculo.patente }} - {{ documento.vehiculo.marca.nombre }} {{ documento.vehiculo.modelo.nombre }}"
"E:\projecto\e_garage\templates_canonical\taller\cl\en\documentos\_form_common.html","50","      <label class=""form-label"" for=""{{ form.vehiculo.id_for_label }}"">Vehículo</label>"
"E:\projecto\e_garage\templates_canonical\taller\cl\en\documentos\_form_common.html","51","      {{ form.vehiculo|add_class:""form-input"" }}"
"E:\projecto\e_garage\templates_canonical\taller\cl\en\documentos\_form_country_cl.html","7","  {# Kilometraje: usa el mismo campo extra del form (kilometraje) que persiste en vehiculo.millas #}"
"E:\projecto\e_garage\templates_canonical\taller\cl\en\other\demo_vehiculo.html","4","{% block title %}🚗 Demo IA Vehicular{% endblock %}"
"E:\projecto\e_garage\templates_canonical\taller\cl\en\other\demo_vehiculo.html","74","    .vehiculo-info {"
"E:\projecto\e_garage\templates_canonical\taller\cl\en\other\demo_vehiculo.html","83","    .vehiculo-specs {"
"E:\projecto\e_garage\templates_canonical\taller\cl\en\other\demo_vehiculo.html","304","        .vehiculo-specs {"
"E:\projecto\e_garage\templates_canonical\taller\cl\en\other\demo_vehiculo.html","321","        <h1 class=""demo-title"">🚗 DEMO IA VEHICULAR</h1>"
"E:\projecto\e_garage\templates_canonical\taller\cl\en\other\demo_vehiculo.html","331","    <div class=""vehiculo-info"">"
"E:\projecto\e_garage\templates_canonical\taller\cl\en\other\demo_vehiculo.html","335","        <div class=""vehiculo-specs"">"
"E:\projecto\e_garage\templates_canonical\taller\cl\en\other\demo_vehiculo.html","338","                <div class=""spec-value"">{{ demo_data.vehiculo_ejemplo.marca }}</div>"
"E:\projecto\e_garage\templates_canonical\taller\cl\en\other\demo_vehiculo.html","342","                <div class=""spec-value"">{{ demo_data.vehiculo_ejemplo.modelo }}</div>"
"E:\projecto\e_garage\templates_canonical\taller\cl\en\other\demo_vehiculo.html","346","                <div class=""spec-value"">{{ demo_data.vehiculo_ejemplo.kilometraje }}</div>"
"E:\projecto\e_garage\templates_canonical\taller\cl\en\other\demo_vehiculo.html","356","            Basado en 50,000+ patrones de mantenimiento vehicular"
"E:\projecto\e_garage\templates_canonical\taller\cl\en\other\demo_vehiculo.html","485","    gtag('event', 'demo_ia_vehicular_vista', {"
"E:\projecto\e_garage\templates_canonical\taller\cl\en\other\demo_vehiculo.html","490","            'vehiculo': '{{ demo_data.vehiculo_ejemplo.marca }} {{ demo_data.vehiculo_ejemplo.modelo }}'"
"E:\projecto\e_garage\templates_canonical\taller\cl\en\other\documento_form.html","524","                        {{ form.vehiculo }}"
"E:\projecto\e_garage\templates_canonical\taller\cl\en\other\sugerencias_basicas.html","116","    .vehiculo-selector {"
"E:\projecto\e_garage\templates_canonical\taller\cl\en\other\sugerencias_basicas.html","341","        .vehiculo-selector {"
"E:\projecto\e_garage\templates_canonical\taller\cl\en\other\sugerencias_basicas.html","362","        <div class=""vehiculo-selector"">"
"E:\projecto\e_garage\templates_canonical\taller\cl\en\other\sugerencias_basicas.html","486","const sugerenciasPorMarca = {{ sugerencias_por_vehiculo|safe }};"
"E:\projecto\e_garage\templates_canonical\taller\cl\en\vehiculos\detalle.html","21","      <li><strong>Cliente:</strong> {{ vehiculo.cliente.nombre }} {{ vehiculo.cliente.apellido }}</li>"
"E:\projecto\e_garage\templates_canonical\taller\cl\en\vehiculos\detalle.html","22","      <li><strong>Marca:</strong> {{ vehiculo.modelo.marca.nombre }}</li>"
"E:\projecto\e_garage\templates_canonical\taller\cl\en\vehiculos\detalle.html","23","      <li><strong>Modelo:</strong> {{ vehiculo.modelo.nombre }}</li>"
"E:\projecto\e_garage\templates_canonical\taller\cl\en\vehiculos\detalle.html","24","      <li><strong>Año:</strong> {{ vehiculo.anio }}</li>"
"E:\projecto\e_garage\templates_canonical\taller\cl\en\vehiculos\detalle.html","25","      <li><strong>Patente:</strong> {{ vehiculo.patente }}</li>"
"E:\projecto\e_garage\templates_canonical\taller\cl\en\vehiculos\detalle.html","26","      <li><strong>VIN:</strong> {{ vehiculo.vin }}</li>"
"E:\projecto\e_garage\templates_canonical\taller\cl\en\vehiculos\detalle.html","29","  {% url 'taller:vehiculos:lista_vehiculos' as url_lista_vehiculos %}"
"E:\projecto\e_garage\templates_canonical\taller\cl\en\vehiculos\detalle.html","30","  <a href=""{{ url_lista_vehiculos|default:'#' }}"" class=""bg-sky-600 text-white px-6 py-2 rounded hover:bg-sky-700"">⬅️ Volver</a>"
"E:\projecto\e_garage\templates_canonical\taller\cl\en\vehiculos\editar_vehiculo.html","26","      <form id=""form-editar-vehiculo"""
"E:\projecto\e_garage\templates_canonical\taller\cl\en\vehiculos\editar_vehiculo.html","28","            action=""{% url 'taller:vehiculos:editar_vehiculo' vehiculo.id %}"""
"E:\projecto\e_garage\templates_canonical\taller\cl\en\vehiculos\editar_vehiculo.html","177","          <a href=""{% country_url 'vehiculos:lista_vehiculos' %}"""
"E:\projecto\e_garage\templates_canonical\taller\cl\en\vehiculos\editar_vehiculo.html","209","  const f = document.getElementById('form-editar-vehiculo');"
"E:\projecto\e_garage\templates_canonical\taller\cl\es\dashboard\centro_operaciones_espacial.html","384","            <a href=""{% country_url 'vehiculos:lista_vehiculos' %}"" class=""command-panel modern-panel"">"
"E:\projecto\e_garage\templates_canonical\taller\cl\es\dashboard\centro_operaciones_espacial.html","391","                <div class=""modern-description"">Sistema vehicular smart</div>"
"E:\projecto\e_garage\templates_canonical\taller\cl\es\documentos\crear_documento.html","255","        <select id=""id_vehiculo"" name=""vehiculo"" class=""form-select w-full"">"
"E:\projecto\e_garage\templates_canonical\taller\cl\es\documentos\crear_documento.html","465","const urlVeh            = ""/cl/ajax/vehiculos-por-cliente/"";"
"E:\projecto\e_garage\templates_canonical\taller\cl\es\documentos\crear_documento.html","601","async function cargarVehiculosPorCliente(clienteId) {"
"E:\projecto\e_garage\templates_canonical\taller\cl\es\documentos\crear_documento.html","602","  const selVeh = document.getElementById('id_vehiculo');"
"E:\projecto\e_garage\templates_canonical\taller\cl\es\documentos\crear_documento.html","785","  await cargarVehiculosPorCliente(clienteId);"
"E:\projecto\e_garage\templates_canonical\taller\cl\es\documentos\crear_documento.html","883","        cargarVehiculosPorCliente(clienteId);"
"E:\projecto\e_garage\templates_canonical\taller\cl\es\documentos\crear_documento.html","885","        const selVeh = document.getElementById('id_vehiculo');"
"E:\projecto\e_garage\templates_canonical\taller\cl\es\documentos\crear_documento.html","900","  await cargarVehiculosPorCliente(selCliente.value);"
"E:\projecto\e_garage\templates_canonical\taller\cl\es\documentos\crear_documento_moderno.html","174","                        <select name=""vehiculo"" class=""form-control"">"
"E:\projecto\e_garage\templates_canonical\taller\cl\es\documentos\crear_documento_moderno.html","300","  const vehiculoSelect = document.querySelector('select[name=""vehiculo""]');"
"E:\projecto\e_garage\templates_canonical\taller\cl\es\documentos\crear_documento_moderno.html","301","  function cargarVehiculos(clienteId) {"
"E:\projecto\e_garage\templates_canonical\taller\cl\es\documentos\crear_documento_moderno.html","302","    if (!vehiculoSelect) return;"
"E:\projecto\e_garage\templates_canonical\taller\cl\es\documentos\crear_documento_moderno.html","304","      vehiculoSelect.innerHTML = '<option value="""">-- Seleccionar Vehículo --</option>';"
"E:\projecto\e_garage\templates_canonical\taller\cl\es\documentos\crear_documento_moderno.html","307","    vehiculoSelect.innerHTML = '<option value="""">-- Cargando vehículos... --</option>';"
"E:\projecto\e_garage\templates_canonical\taller\cl\es\documentos\crear_documento_moderno.html","308","    fetch(`{% country_url 'ajax-vehiculos-por-cliente' %}?cliente=${encodeURIComponent(clienteId)}`, {"
"E:\projecto\e_garage\templates_canonical\taller\cl\es\documentos\crear_documento_moderno.html","315","      vehiculoSelect.innerHTML = opts.join('');"
"E:\projecto\e_garage\templates_canonical\taller\cl\es\documentos\crear_documento_moderno.html","318","      vehiculoSelect.innerHTML = '<option value="""">-- Error al cargar vehículos --</option>';"
"E:\projecto\e_garage\templates_canonical\taller\cl\es\documentos\crear_documento_moderno.html","324","    cargarVehiculos(id);"
"E:\projecto\e_garage\templates_canonical\taller\cl\es\documentos\crear_documento_moderno.html","326","    cargarVehiculos('');"
"E:\projecto\e_garage\templates_canonical\taller\cl\es\documentos\documento.html","21","  <p><strong>Vehículo:</strong> {{ documento.vehiculo }}</p>"
"E:\projecto\e_garage\templates_canonical\taller\cl\es\documentos\documento_form.html","64","          <select id=""vehiculo"" name=""vehiculo"" class=""futurista-input w-full"">"
"E:\projecto\e_garage\templates_canonical\taller\cl\es\documentos\documento_pdf.html","25","  <strong>Vehículo:</strong> {{ documento.vehiculo }}<br>"
"E:\projecto\e_garage\templates_canonical\taller\cl\es\documentos\editar_documento.html","437","          {{ form.vehiculo|add_class:""form-input"" }}"
"E:\projecto\e_garage\templates_canonical\taller\cl\es\documentos\editar_documento.html","695","  $('#id_vehiculo').select2({"
"E:\projecto\e_garage\templates_canonical\taller\cl\es\documentos\editar_documento.html","701","      url: '/documentos/autocomplete/vehiculo/',"
"E:\projecto\e_garage\templates_canonical\taller\cl\es\documentos\editar_documento.html","717","          results: data.results.map(vehiculo => ({"
"E:\projecto\e_garage\templates_canonical\taller\cl\es\documentos\editar_documento.html","718","            id: vehiculo.id,"
"E:\projecto\e_garage\templates_canonical\taller\cl\es\documentos\editar_documento.html","719","            text: `${vehiculo.patente} - ${vehiculo.marca} ${vehiculo.modelo}`,"
"E:\projecto\e_garage\templates_canonical\taller\cl\es\documentos\editar_documento.html","720","            patente: vehiculo.patente,"
"E:\projecto\e_garage\templates_canonical\taller\cl\es\documentos\editar_documento.html","721","            marca: vehiculo.marca,"
"E:\projecto\e_garage\templates_canonical\taller\cl\es\documentos\editar_documento.html","722","            modelo: vehiculo.modelo"
"E:\projecto\e_garage\templates_canonical\taller\cl\es\documentos\editar_documento.html","751","    $('#id_vehiculo').prop('disabled', false);"
"E:\projecto\e_garage\templates_canonical\taller\cl\es\documentos\editar_documento.html","752","    $('#id_vehiculo').val(null).trigger('change');"
"E:\projecto\e_garage\templates_canonical\taller\cl\es\documentos\editar_documento.html","753","    $('#id_vehiculo').select2('destroy').select2({"
"E:\projecto\e_garage\templates_canonical\taller\cl\es\documentos\editar_documento.html","758","        url: '/documentos/autocomplete/vehiculo/',"
"E:\projecto\e_garage\templates_canonical\taller\cl\es\documentos\editar_documento.html","771","            results: data.results.map(vehiculo => ({"
"E:\projecto\e_garage\templates_canonical\taller\cl\es\documentos\editar_documento.html","772","              id: vehiculo.id,"
"E:\projecto\e_garage\templates_canonical\taller\cl\es\documentos\editar_documento.html","773","              text: `${vehiculo.patente} - ${vehiculo.marca} ${vehiculo.modelo}`,"
"E:\projecto\e_garage\templates_canonical\taller\cl\es\documentos\editar_documento.html","774","              patente: vehiculo.patente,"
"E:\projecto\e_garage\templates_canonical\taller\cl\es\documentos\editar_documento.html","775","              marca: vehiculo.marca,"
"E:\projecto\e_garage\templates_canonical\taller\cl\es\documentos\editar_documento.html","776","              modelo: vehiculo.modelo"
"E:\projecto\e_garage\templates_canonical\taller\cl\es\documentos\editar_documento.html","789","    $('#id_vehiculo').val(null).trigger('change');"
"E:\projecto\e_garage\templates_canonical\taller\cl\es\documentos\editar_documento.html","790","    $('#id_vehiculo').prop('disabled', true).select2({"
"E:\projecto\e_garage\templates_canonical\taller\cl\es\documentos\editar_documento.html","814","    $('#id_vehiculo').prop('disabled', false);"
"E:\projecto\e_garage\templates_canonical\taller\cl\es\documentos\editar_documento.html","815","    $('#id_vehiculo').select2('destroy').select2({"
"E:\projecto\e_garage\templates_canonical\taller\cl\es\documentos\editar_documento.html","820","        url: '/documentos/autocomplete/vehiculo/',"
"E:\projecto\e_garage\templates_canonical\taller\cl\es\documentos\editar_documento.html","833","            results: data.results.map(vehiculo => ({"
"E:\projecto\e_garage\templates_canonical\taller\cl\es\documentos\editar_documento.html","834","              id: vehiculo.id,"
"E:\projecto\e_garage\templates_canonical\taller\cl\es\documentos\editar_documento.html","835","              text: `${vehiculo.patente} - ${vehiculo.marca} ${vehiculo.modelo}`,"
"E:\projecto\e_garage\templates_canonical\taller\cl\es\documentos\editar_documento.html","836","              patente: vehiculo.patente,"
"E:\projecto\e_garage\templates_canonical\taller\cl\es\documentos\editar_documento.html","837","              marca: vehiculo.marca,"
"E:\projecto\e_garage\templates_canonical\taller\cl\es\documentos\editar_documento.html","838","              modelo: vehiculo.modelo"
"E:\projecto\e_garage\templates_canonical\taller\cl\es\documentos\formulario_documento.html","216","        <label for=""id_vehiculo"">Vehículo</label>"
"E:\projecto\e_garage\templates_canonical\taller\cl\es\documentos\formulario_documento.html","217","        {{ form.vehiculo }}"
"E:\projecto\e_garage\templates_canonical\taller\cl\es\documentos\formulario_documento.html","339","  const $vehiculo = $('#id_vehiculo');"
"E:\projecto\e_garage\templates_canonical\taller\cl\es\documentos\formulario_documento.html","340","  const $vehiculoWrapper = $('#vehiculo-wrapper');"
"E:\projecto\e_garage\templates_canonical\taller\cl\es\documentos\formulario_documento.html","341","  const $vehiculoAlerta = $('#vehiculo-alerta');"
"E:\projecto\e_garage\templates_canonical\taller\cl\es\documentos\formulario_documento.html","386","  function initVehiculoSelect2(clienteId) {"
"E:\projecto\e_garage\templates_canonical\taller\cl\es\documentos\formulario_documento.html","387","    $vehiculo.select2({"
"E:\projecto\e_garage\templates_canonical\taller\cl\es\documentos\formulario_documento.html","389","        url: '/autocomplete/vehiculo/',"
"E:\projecto\e_garage\templates_canonical\taller\cl\es\documentos\formulario_documento.html","411","  initVehiculoSelect2($cliente.val());"
"E:\projecto\e_garage\templates_canonical\taller\cl\es\documentos\formulario_documento.html","416","    $vehiculo.val(null).trigger('change');"
"E:\projecto\e_garage\templates_canonical\taller\cl\es\documentos\formulario_documento.html","417","    $vehiculo.select2('destroy');"
"E:\projecto\e_garage\templates_canonical\taller\cl\es\documentos\formulario_documento.html","418","    initVehiculoSelect2(clienteId);"
"E:\projecto\e_garage\templates_canonical\taller\cl\es\documentos\formulario_documento.html","420","      $vehiculoWrapper.removeClass('hidden');"
"E:\projecto\e_garage\templates_canonical\taller\cl\es\documentos\formulario_documento.html","422","      $vehiculoWrapper.addClass('hidden');"
"E:\projecto\e_garage\templates_canonical\taller\cl\es\documentos\formulario_documento.html","426","  $vehiculo.on('select2:opening', function (e) {"
"E:\projecto\e_garage\templates_canonical\taller\cl\es\documentos\formulario_documento.html","430","      $vehiculoAlerta.removeClass('hidden');"
"E:\projecto\e_garage\templates_canonical\taller\cl\es\documentos\formulario_documento.html","432","        $vehiculoAlerta.addClass('hidden');"
"E:\projecto\e_garage\templates_canonical\taller\cl\es\documentos\lista_documentos.html","12","        radial-gradient(circle at 40% 40%, rgba(120, 200, 255, 0.2) 0%, transparent 5          <th class=""sortable-header"" data-sort=""vehiculo"" onclick=""sortTable('vehiculo')"">"
"E:\projecto\e_garage\templates_canonical\taller\cl\es\documentos\lista_documentos.html","14","            <span class=""sort-indicator"" id=""sort-vehiculo"">⚡</span>"
"E:\projecto\e_garage\templates_canonical\taller\cl\es\documentos\lista_documentos.html","652","          <th class=""sortable-header"" data-sort=""vehiculo"" onclick=""sortTable('vehiculo')"">"
"E:\projecto\e_garage\templates_canonical\taller\cl\es\documentos\lista_documentos.html","654","            <span class=""sort-indicator"" id=""sort-vehiculo"">⚡</span>"
"E:\projecto\e_garage\templates_canonical\taller\cl\es\documentos\lista_documentos.html","699","            data-vehiculo=""{{ doc.vehiculo|default:'N/A' }}"""
"E:\projecto\e_garage\templates_canonical\taller\cl\es\documentos\lista_documentos.html","712","          <td class=""table-cell"">{{ doc.vehiculo|default:""N/A"" }}</td>"
"E:\projecto\e_garage\templates_canonical\taller\cl\es\documentos\lista_documentos.html","859","        case 'vehiculo':"
"E:\projecto\e_garage\templates_canonical\taller\cl\es\documentos\lista_documentos.html","860","          valueA = (a.dataset.vehiculo || '').toLowerCase();"
"E:\projecto\e_garage\templates_canonical\taller\cl\es\documentos\lista_documentos.html","861","          valueB = (b.dataset.vehiculo || '').toLowerCase();"
"E:\projecto\e_garage\templates_canonical\taller\cl\es\documentos\lista_documentos.html","958","          sortTable('vehiculo');"
"E:\projecto\e_garage\templates_canonical\taller\cl\es\documentos\lista_documentos.html","1027","  const vehiculo = documentoRow.dataset.vehiculo || '';"
"E:\projecto\e_garage\templates_canonical\taller\cl\es\documentos\lista_documentos.html","1037","🚙 *Vehículo:* ${vehiculo}"
"E:\projecto\e_garage\templates_canonical\taller\cl\es\documentos\ver_documento.html","165","    <div><span class=""futurista-label"">Vehículo:</span> {{ documento.vehiculo }}</div>"
"E:\projecto\e_garage\templates_canonical\taller\cl\es\documentos\ver_documento.html","166","    <div><span class=""futurista-label"">{{ country|mileage_label:request.LANGUAGE_CODE }}:</span> {{ documento.vehiculo.millas|default:""No especificado"" }}{% if country == 'US' %} miles{% else %} km{% endif %}</div>"
"E:\projecto\e_garage\templates_canonical\taller\cl\es\documentos\ver_documento_nuevo.html","247","        {% if documento.vehiculo %}"
"E:\projecto\e_garage\templates_canonical\taller\cl\es\documentos\ver_documento_nuevo.html","248","          {{ documento.vehiculo.patente }} - {{ documento.vehiculo.marca.nombre }} {{ documento.vehiculo.modelo.nombre }}"
"E:\projecto\e_garage\templates_canonical\taller\cl\es\documentos\_form_common.html","50","      <label class=""form-label"" for=""{{ form.vehiculo.id_for_label }}"">Vehículo</label>"
"E:\projecto\e_garage\templates_canonical\taller\cl\es\documentos\_form_common.html","51","      {{ form.vehiculo|add_class:""form-input"" }}"
"E:\projecto\e_garage\templates_canonical\taller\cl\es\documentos\_form_country_cl.html","7","  {# Kilometraje: usa el mismo campo extra del form (kilometraje) que persiste en vehiculo.millas #}"
"E:\projecto\e_garage\templates_canonical\taller\cl\es\other\demo_vehiculo.html","4","{% block title %}🚗 Demo IA Vehicular{% endblock %}"
"E:\projecto\e_garage\templates_canonical\taller\cl\es\other\demo_vehiculo.html","74","    .vehiculo-info {"
"E:\projecto\e_garage\templates_canonical\taller\cl\es\other\demo_vehiculo.html","83","    .vehiculo-specs {"
"E:\projecto\e_garage\templates_canonical\taller\cl\es\other\demo_vehiculo.html","304","        .vehiculo-specs {"
"E:\projecto\e_garage\templates_canonical\taller\cl\es\other\demo_vehiculo.html","321","        <h1 class=""demo-title"">🚗 DEMO IA VEHICULAR</h1>"
"E:\projecto\e_garage\templates_canonical\taller\cl\es\other\demo_vehiculo.html","331","    <div class=""vehiculo-info"">"
"E:\projecto\e_garage\templates_canonical\taller\cl\es\other\demo_vehiculo.html","335","        <div class=""vehiculo-specs"">"
"E:\projecto\e_garage\templates_canonical\taller\cl\es\other\demo_vehiculo.html","338","                <div class=""spec-value"">{{ demo_data.vehiculo_ejemplo.marca }}</div>"
"E:\projecto\e_garage\templates_canonical\taller\cl\es\other\demo_vehiculo.html","342","                <div class=""spec-value"">{{ demo_data.vehiculo_ejemplo.modelo }}</div>"
"E:\projecto\e_garage\templates_canonical\taller\cl\es\other\demo_vehiculo.html","346","                <div class=""spec-value"">{{ demo_data.vehiculo_ejemplo.kilometraje }}</div>"
"E:\projecto\e_garage\templates_canonical\taller\cl\es\other\demo_vehiculo.html","356","            Basado en 50,000+ patrones de mantenimiento vehicular"
"E:\projecto\e_garage\templates_canonical\taller\cl\es\other\demo_vehiculo.html","485","    gtag('event', 'demo_ia_vehicular_vista', {"
"E:\projecto\e_garage\templates_canonical\taller\cl\es\other\demo_vehiculo.html","490","            'vehiculo': '{{ demo_data.vehiculo_ejemplo.marca }} {{ demo_data.vehiculo_ejemplo.modelo }}'"
"E:\projecto\e_garage\templates_canonical\taller\cl\es\other\documento_form.html","524","                        {{ form.vehiculo }}"
"E:\projecto\e_garage\templates_canonical\taller\cl\es\other\sugerencias_basicas.html","116","    .vehiculo-selector {"
"E:\projecto\e_garage\templates_canonical\taller\cl\es\other\sugerencias_basicas.html","341","        .vehiculo-selector {"
"E:\projecto\e_garage\templates_canonical\taller\cl\es\other\sugerencias_basicas.html","362","        <div class=""vehiculo-selector"">"
"E:\projecto\e_garage\templates_canonical\taller\cl\es\other\sugerencias_basicas.html","486","const sugerenciasPorMarca = {{ sugerencias_por_vehiculo|safe }};"
"E:\projecto\e_garage\templates_canonical\taller\cl\es\reportes\dashboard_inteligencia.html","545","        <div class=""kpi-value"">{{ vehiculos_por_semana }}</div>"
"E:\projecto\e_garage\templates_canonical\taller\cl\es\reportes\dashboard_inteligencia.html","1090","      ['Vehículos/Semana', '{{ vehiculos_por_semana }}'],"
"E:\projecto\e_garage\templates_canonical\taller\cl\es\reportes\dashboard_inteligencia_operativa.html","340","        <div class=""kpi-value"">{{ vehiculos_por_semana }}</div>"
"E:\projecto\e_garage\templates_canonical\taller\cl\es\reportes\demo_reportes_por_fecha.html","425","                            <td style=""padding: 12px; color: var(--glow-cyan);"">{{ doc.vehiculo.patente|default:""Sin patente"" }}</td>"
"E:\projecto\e_garage\templates_canonical\taller\cl\es\reportes\reportes.html","22","      <a href=""/vehiculos/"" class=""btn-futuristic-nav""><span>Vehículos</span><span class=""glow""></span></a>"
"E:\projecto\e_garage\templates_canonical\taller\cl\es\reportes\reportes.html","128","        <div class=""categoria-card"" data-categoria=""vehiculos"">"
"E:\projecto\e_garage\templates_canonical\taller\cl\es\reportes\reportes.html","132","            <span class=""categoria-badge"" id=""badgeVehiculos"">-</span>"
"E:\projecto\e_garage\templates_canonical\taller\cl\es\reportes\reportes.html","137","                <span class=""stat-number"" id=""totalVehiculos"">-</span>"
"E:\projecto\e_garage\templates_canonical\taller\cl\es\reportes\reportes.html","149","            <canvas id=""chartVehiculos"" class=""mini-chart""></canvas>"
"E:\projecto\e_garage\templates_canonical\taller\cl\es\reportes\reportes.html","152","            <button class=""btn-detalle"" data-tipo=""vehiculos"">Ver Detalles</button>"
"E:\projecto\e_garage\templates_canonical\taller\cl\es\reportes\reportes.html","153","            <button class=""btn-exportar"" data-tipo=""vehiculos"">📊 Exportar</button>"
"E:\projecto\e_garage\templates_canonical\taller\cl\es\reportes\reportes.html","340","      <a href=""servicios/?enfoque=vehiculos"" class=""reporte-card"">"
"E:\projecto\e_garage\templates_canonical\taller\cl\es\reportes\reportes.html","1105","    cargarVehiculos(fechaDesde, fechaHasta);"
"E:\projecto\e_garage\templates_canonical\taller\cl\es\reportes\reportes.html","1143","function cargarVehiculos(fechaDesde, fechaHasta) {"
"E:\projecto\e_garage\templates_canonical\taller\cl\es\reportes\reportes.html","1145","    document.getElementById('badgeVehiculos').textContent = '28';"
"E:\projecto\e_garage\templates_canonical\taller\cl\es\reportes\reportes.html","1146","    document.getElementById('totalVehiculos').textContent = '28';"
"E:\projecto\e_garage\templates_canonical\taller\cl\es\reportes\reportes.html","1150","    crearMiniGrafico('chartVehiculos', ["
"E:\projecto\e_garage\templates_canonical\taller\cl\es\reportes\reportes.html","1336","        'vehiculos': 'servicios/?enfoque=vehiculos',"
"E:\projecto\e_garage\templates_canonical\taller\cl\es\reportes\reportes_mecanicos.html","524","    .servicio-vehiculo {"
"E:\projecto\e_garage\templates_canonical\taller\cl\es\reportes\reportes_mecanicos.html","530","    .vehiculo-patente {"
"E:\projecto\e_garage\templates_canonical\taller\cl\es\reportes\reportes_mecanicos.html","1046","    .vehiculo-model {"
"E:\projecto\e_garage\templates_canonical\taller\cl\es\reportes\reportes_mecanicos.html","1052","    .vehiculo-plate {"
"E:\projecto\e_garage\templates_canonical\taller\cl\es\reportes\reportes_mecanicos.html","1580","                        <div class=""data-cell vehiculo-info"">"
"E:\projecto\e_garage\templates_canonical\taller\cl\es\reportes\reportes_mecanicos.html","1581","                            <div class=""vehiculo-model"">{{ servicio.documento.vehiculo.marca }} {{ servicio.documento.vehiculo.modelo|truncatechars:15 }}</div>"
"E:\projecto\e_garage\templates_canonical\taller\cl\es\reportes\reportes_mecanicos.html","1582","                            <div class=""vehiculo-plate"">{{ servicio.documento.vehiculo.patente }}</div>"
"E:\projecto\e_garage\templates_canonical\taller\cl\es\reportes\reporte_servicios.html","348","        <button class=""enfoque-btn"" data-enfoque=""vehiculos"">🚗 Vehículos Atendidos</button>"
"E:\projecto\e_garage\templates_canonical\taller\cl\es\reportes\reporte_servicios.html","422","                    <td>{{ t.vehiculo }}</td>"
"E:\projecto\e_garage\templates_canonical\taller\cl\es\reportes\reporte_servicios.html","610","    <button class=""enfoque-btn"" data-enfoque=""vehiculos"">🚗 Vehículos atendidos</button>"
"E:\projecto\e_garage\templates_canonical\taller\cl\es\reportes\reporte_servicios.html","629","          <td>{{ t.vehiculo }}</td>"
"E:\projecto\e_garage\templates_canonical\taller\cl\es\reportes\reporte_servicios.html","688","  <div id=""panel-vehiculos"" class=""enfoque-panel"" style=""display:none;"">"
"E:\projecto\e_garage\templates_canonical\taller\cl\es\vehiculos\crear_vehiculo.html","179","            <p class=""text-gray-400 text-xs mt-0.5"">{% trans ""Registro vehicular"" %}</p>"
"E:\projecto\e_garage\templates_canonical\taller\cl\es\vehiculos\crear_vehiculo.html","183","        <a href=""{% country_url 'vehiculos:lista_vehiculos' %}"""
"E:\projecto\e_garage\templates_canonical\taller\cl\es\vehiculos\crear_vehiculo.html","323","        <a href=""{% country_url 'vehiculos:lista_vehiculos' %}"" "
"E:\projecto\e_garage\templates_canonical\taller\cl\es\vehiculos\crear_vehiculo.html","339","     console.log(""eGarage: vehiculos/crear ready"");"
"E:\projecto\e_garage\templates_canonical\taller\cl\es\vehiculos\crear_vehiculo.html","430","                 const base = countryPrefix() + ""vehiculos/"";"
"E:\projecto\e_garage\templates_canonical\taller\cl\es\vehiculos\crear_vehiculo.html","500","                 const base = countryPrefix() + ""vehiculos/"";"
"E:\projecto\e_garage\templates_canonical\taller\cl\es\vehiculos\crear_vehiculo.html","524","                 const base = countryPrefix() + ""vehiculos/"";"
"E:\projecto\e_garage\templates_canonical\taller\cl\es\vehiculos\crear_vehiculo.html","555","                 const base = countryPrefix() + ""vehiculos/"";"
"E:\projecto\e_garage\templates_canonical\taller\cl\es\vehiculos\crear_vehiculo.html","644","                 const base = countryPrefix() + ""vehiculos/"";"
"E:\projecto\e_garage\templates_canonical\taller\cl\es\vehiculos\crear_vehiculo.html","706","                         fetch(countryPrefix() + ""vehiculos/api/colores/?q="" + encodeURIComponent(q),"
"E:\projecto\e_garage\templates_canonical\taller\cl\es\vehiculos\crear_vehiculo.html","740","                 fetch(countryPrefix() + ""vehiculos/api/colores/crear/"", {"
"E:\projecto\e_garage\templates_canonical\taller\cl\es\vehiculos\crear_vehiculo.html","806","         const url = countryPrefix() + ""vehiculos/crear-"" + kind + ""/?"" + params.toString();"
"E:\projecto\e_garage\templates_canonical\taller\cl\es\vehiculos\detalle.html","21","      <li><strong>Cliente:</strong> {{ vehiculo.cliente.nombre }} {{ vehiculo.cliente.apellido }}</li>"
"E:\projecto\e_garage\templates_canonical\taller\cl\es\vehiculos\detalle.html","22","      <li><strong>Marca:</strong> {{ vehiculo.modelo.marca.nombre }}</li>"
"E:\projecto\e_garage\templates_canonical\taller\cl\es\vehiculos\detalle.html","23","      <li><strong>Modelo:</strong> {{ vehiculo.modelo.nombre }}</li>"
"E:\projecto\e_garage\templates_canonical\taller\cl\es\vehiculos\detalle.html","24","      <li><strong>Año:</strong> {{ vehiculo.anio }}</li>"
"E:\projecto\e_garage\templates_canonical\taller\cl\es\vehiculos\detalle.html","25","      <li><strong>Patente:</strong> {{ vehiculo.patente }}</li>"
"E:\projecto\e_garage\templates_canonical\taller\cl\es\vehiculos\detalle.html","26","      <li><strong>VIN:</strong> {{ vehiculo.vin }}</li>"
"E:\projecto\e_garage\templates_canonical\taller\cl\es\vehiculos\detalle.html","29","  {% url 'taller:vehiculos:lista_vehiculos' as url_lista_vehiculos %}"
"E:\projecto\e_garage\templates_canonical\taller\cl\es\vehiculos\detalle.html","30","  <a href=""{{ url_lista_vehiculos|default:'#' }}"" class=""bg-sky-600 text-white px-6 py-2 rounded hover:bg-sky-700"">⬅️ Volver</a>"
"E:\projecto\e_garage\templates_canonical\taller\cl\es\vehiculos\editar.html","10","<div class=""campo-vehiculo"" data-campo=""cliente"">"
"E:\projecto\e_garage\templates_canonical\taller\cl\es\vehiculos\editar.html","17","<div class=""campo-vehiculo"" data-campo=""anio"">"
"E:\projecto\e_garage\templates_canonical\taller\cl\es\vehiculos\editar.html","24","<div class=""campo-vehiculo"" data-campo=""marca"">"
"E:\projecto\e_garage\templates_canonical\taller\cl\es\vehiculos\editar.html","31","<div class=""campo-vehiculo"" data-campo=""modelo"">"
"E:\projecto\e_garage\templates_canonical\taller\cl\es\vehiculos\editar.html","38","<div class=""campo-vehiculo"" data-campo=""patente"">"
"E:\projecto\e_garage\templates_canonical\taller\cl\es\vehiculos\editar.html","45","<div class=""campo-vehiculo"" data-campo=""vin"">"
"E:\projecto\e_garage\templates_canonical\taller\cl\es\vehiculos\editar.html","53","<div class=""campo-vehiculo"" data-campo=""color"">"
"E:\projecto\e_garage\templates_canonical\taller\cl\es\vehiculos\editar.html","68","<script src=""{% static 'js/formulario_vehiculo.js' %}""></script>"
"E:\projecto\e_garage\templates_canonical\taller\cl\es\vehiculos\editar_vehiculo.html","26","      <form id=""form-editar-vehiculo"""
"E:\projecto\e_garage\templates_canonical\taller\cl\es\vehiculos\editar_vehiculo.html","28","            action=""{% url 'chile:taller:vehiculos:editar_vehiculo' vehiculo.id %}"""
"E:\projecto\e_garage\templates_canonical\taller\cl\es\vehiculos\editar_vehiculo.html","177","          <a href=""{% url 'chile:taller:vehiculos:lista_vehiculos' %}"""
"E:\projecto\e_garage\templates_canonical\taller\cl\es\vehiculos\editar_vehiculo.html","209","  const f = document.getElementById('form-editar-vehiculo');"
"E:\projecto\e_garage\templates_canonical\taller\cl\es\vehiculos\vehiculos.html","52","#busqueda-vehiculo {"
"E:\projecto\e_garage\templates_canonical\taller\cl\es\vehiculos\vehiculos.html","61","#busqueda-vehiculo:focus {"
"E:\projecto\e_garage\templates_canonical\taller\cl\es\vehiculos\vehiculos.html","67","#busqueda-vehiculo::placeholder {"
"E:\projecto\e_garage\templates_canonical\taller\cl\es\vehiculos\vehiculos.html","105","       href=""{% country_url 'crear_vehiculo' app_namespace='vehiculos' %}"">+ Agregar Vehículo</a>"
"E:\projecto\e_garage\templates_canonical\taller\cl\es\vehiculos\vehiculos.html","111","             id=""busqueda-vehiculo"""
"E:\projecto\e_garage\templates_canonical\taller\cl\es\vehiculos\vehiculos.html","141","      <tbody class=""translucent-card text-black"" id=""tabla-vehiculos"">"
"E:\projecto\e_garage\templates_canonical\taller\cl\es\vehiculos\vehiculos.html","142","        {% for vehiculo in vehiculos %}"
"E:\projecto\e_garage\templates_canonical\taller\cl\es\vehiculos\vehiculos.html","144","          <td class=""px-4 py-2"">{{ vehiculo.patente }}</td>"
"E:\projecto\e_garage\templates_canonical\taller\cl\es\vehiculos\vehiculos.html","145","          <td class=""px-4 py-2"">{{ vehiculo.marca|sin_pais }}</td>"
"E:\projecto\e_garage\templates_canonical\taller\cl\es\vehiculos\vehiculos.html","146","          <td class=""px-4 py-2"">{{ vehiculo.modelo }}</td>"
"E:\projecto\e_garage\templates_canonical\taller\cl\es\vehiculos\vehiculos.html","147","          <td class=""px-4 py-2"">{{ vehiculo.anio }}</td>"
"E:\projecto\e_garage\templates_canonical\taller\cl\es\vehiculos\vehiculos.html","148","          <td class=""px-4 py-2"">{{ vehiculo.cliente.nombre }} {{ vehiculo.cliente.apellido }}</td>"
"E:\projecto\e_garage\templates_canonical\taller\cl\es\vehiculos\vehiculos.html","150","            <a class=""text-blue-600 hover:underline"" href=""{% url 'chile:taller:vehiculos:ver_vehiculo' vehiculo.id %}"" title=""Ver"">👁️</a>"
"E:\projecto\e_garage\templates_canonical\taller\cl\es\vehiculos\vehiculos.html","151","            <a class=""text-yellow-600 hover:underline"" href=""{% url 'chile:taller:vehiculos:editar_vehiculo' vehiculo_id=vehiculo.id %}"" title=""Editar"">✏️</a>"
"E:\projecto\e_garage\templates_canonical\taller\cl\es\vehiculos\vehiculos.html","152","            <a class=""text-red-600 hover:underline"" href=""{% url 'chile:taller:vehiculos:eliminar_vehiculo' vehiculo_id=vehiculo.id %}"" title=""Eliminar"">🗑️</a>"
"E:\projecto\e_garage\templates_canonical\taller\cl\es\vehiculos\vehiculos.html","165","    const input = document.getElementById('busqueda-vehiculo');"
"E:\projecto\e_garage\templates_canonical\taller\cl\es\vehiculos\vehiculos.html","166","    const filas = document.querySelectorAll('#tabla-vehiculos tr');"
"E:\projecto\e_garage\templates_canonical\taller\cl\es\vehiculos\vehiculos.html","169","    function buscarVehiculos(filtro) {"
"E:\projecto\e_garage\templates_canonical\taller\cl\es\vehiculos\vehiculos.html","247","        buscarVehiculos(filtro);"
"E:\projecto\e_garage\templates_canonical\taller\cl\es\vehiculos\vehiculos_fixed.html","74","       href=""{% country_url 'crear_vehiculo' app_namespace='vehiculos' %}"">+ Agregar Vehículo</a>"
"E:\projecto\e_garage\templates_canonical\taller\cl\es\vehiculos\vehiculos_fixed.html","78","    <input class=""w-full rounded px-4 py-2 text-black"" id=""busqueda-vehiculo"" placeholder=""Buscar vehículo por patente, modelo, VIN o marca..."" type=""text""/>"
"E:\projecto\e_garage\templates_canonical\taller\cl\es\vehiculos\vehiculos_fixed.html","93","      <tbody class=""translucent-card text-black"" id=""tabla-vehiculos"">"
"E:\projecto\e_garage\templates_canonical\taller\cl\es\vehiculos\vehiculos_fixed.html","94","        {% for vehiculo in vehiculos %}"
"E:\projecto\e_garage\templates_canonical\taller\cl\es\vehiculos\vehiculos_fixed.html","96","          <td class=""px-4 py-2"">{{ vehiculo.patente }}</td>"
"E:\projecto\e_garage\templates_canonical\taller\cl\es\vehiculos\vehiculos_fixed.html","97","          <td class=""px-4 py-2"">{{ vehiculo.marca|sin_pais }}</td>"
"E:\projecto\e_garage\templates_canonical\taller\cl\es\vehiculos\vehiculos_fixed.html","98","          <td class=""px-4 py-2"">{{ vehiculo.modelo }}</td>"
"E:\projecto\e_garage\templates_canonical\taller\cl\es\vehiculos\vehiculos_fixed.html","99","          <td class=""px-4 py-2"">{{ vehiculo.anio }}</td>"
"E:\projecto\e_garage\templates_canonical\taller\cl\es\vehiculos\vehiculos_fixed.html","100","          <td class=""px-4 py-2"">{{ vehiculo.cliente.nombre }} {{ vehiculo.cliente.apellido }}</td>"
"E:\projecto\e_garage\templates_canonical\taller\cl\es\vehiculos\vehiculos_fixed.html","102","            <a class=""text-blue-600 hover:underline"" href=""{% url 'chile:taller:vehiculos:ver_vehiculo' vehiculo.id %}"" title=""Ver"">👁️</a>"
"E:\projecto\e_garage\templates_canonical\taller\cl\es\vehiculos\vehiculos_fixed.html","103","            <a class=""text-yellow-600 hover:underline"" href=""{% url 'chile:taller:vehiculos:editar_vehiculo' vehiculo_id=vehiculo.id %}"" title=""Editar"">✏️</a>"
"E:\projecto\e_garage\templates_canonical\taller\cl\es\vehiculos\vehiculos_fixed.html","104","            <a class=""text-red-600 hover:underline"" href=""{% url 'chile:taller:vehiculos:eliminar_vehiculo' vehiculo_id=vehiculo.id %}"" title=""Eliminar"">🗑️</a>"
"E:\projecto\e_garage\templates_canonical\taller\cl\es\vehiculos\vehiculos_fixed.html","117","    const input = document.getElementById('busqueda-vehiculo');"
"E:\projecto\e_garage\templates_canonical\taller\cl\es\vehiculos\vehiculos_fixed.html","118","    const filas = document.querySelectorAll('#tabla-vehiculos tr');"
"E:\projecto\e_garage\templates_canonical\taller\cl\es\vehiculos\vehiculo_detail.html","124","    <a href=""{% country_url 'lista_vehiculos' app_namespace='vehiculos' %}"""
"E:\projecto\e_garage\templates_canonical\taller\cl\es\vehiculos\vehiculo_detail.html","193","      <a href=""{% url 'chile:taller:vehiculos:editar_vehiculo' vehiculo_id=object.id %}"""
"E:\projecto\e_garage\templates_canonical\taller\cl\es\vehiculos\vehiculo_detail.html","198","      <a href=""{% url 'chile:taller:vehiculos:eliminar_vehiculo' vehiculo_id=object.id %}"""
"E:\projecto\e_garage\templates_canonical\taller\cl\es\vehiculos\vehiculo_detail.html","203","      <a href=""{% country_url 'lista_vehiculos' app_namespace='vehiculos' %}"""
"E:\projecto\e_garage\templates_canonical\taller\cl\es\vehiculos\vehiculo_form.html","119","    <a href=""{% country_url 'lista_vehiculos' app_namespace='vehiculos' %}"""
"E:\projecto\e_garage\templates_canonical\taller\cl\es\vehiculos\vehiculo_form.html","184","        <a href=""{% url 'chile:taller:vehiculos:ver_vehiculo' object.id %}"""
"E:\projecto\e_garage\templates_canonical\taller\cl\es\vehiculos\vehiculo_list.html","301","<!-- 🟤 MARCADOR MARRÓN: TEMPLATE CL ES VEHICULO_LIST.HTML -->"
"E:\projecto\e_garage\templates_canonical\taller\cl\es\vehiculos\vehiculo_list.html","323","          <p class=""text-green-300 text-lg"">{% trans ""Sistema avanzado de gestión vehicular"" %}</p>"
"E:\projecto\e_garage\templates_canonical\taller\cl\es\vehiculos\vehiculo_list.html","334","  {% include ""taller/common/vehiculos/_ai_badges.html"" %}"
"E:\projecto\e_garage\templates_canonical\taller\cl\es\vehiculos\vehiculo_list.html","335","  {% include ""taller/common/vehiculos/_filters_toolbar.html"" %}"
"E:\projecto\e_garage\templates_canonical\taller\cl\es\vehiculos\vehiculo_list.html","340","    🔍 Búsqueda: ""{{ search_query }}"" - {{ total_vehiculos }} vehículos encontrados"
"E:\projecto\e_garage\templates_canonical\taller\cl\es\vehiculos\vehiculo_list.html","344","  {% include ""taller/common/vehiculos/_table.html"" %}"
"E:\projecto\e_garage\templates_canonical\taller\cl\es\vehiculos\vehiculo_list.html","345","  {% include ""taller/common/vehiculos/_empty_state.html"" %}"
"E:\projecto\e_garage\templates_canonical\taller\cl\es\vehiculos\vehiculo_list.html","346","  {% include ""taller/common/vehiculos/_pagination.html"" %}"
"E:\projecto\e_garage\templates_canonical\taller\cl\es\vehiculos\vehiculo_list.html","347","  {% include ""taller/common/vehiculos/_add_button.html"" %}"
"E:\projecto\e_garage\templates_canonical\taller\cl\es\vehiculos\vehiculo_list.html","348","  {% include ""taller/common/vehiculos/_footer.html"" %}"
"E:\projecto\e_garage\templates_canonical\taller\cl\es\vehiculos\vehiculo_list_ai.html","6","<!-- ⚪ MARCADOR BLANCO: TEMPLATE CL ES VEHICULO_LIST_AI.HTML -->"
"E:\projecto\e_garage\templates_canonical\taller\cl\es\vehiculos\vehiculo_list_ai.html","375","  <div class=""matrix-code"" style=""left: 40%; animation-delay: 2s;"">AI VEHICULAR SYS</div>"
"E:\projecto\e_garage\templates_canonical\taller\cl\es\vehiculos\vehiculo_list_ai.html","400","    <span>{{ vehiculos|length }} Vehículos</span>"
"E:\projecto\e_garage\templates_canonical\taller\cl\es\vehiculos\vehiculo_list_ai.html","412","          <p class=""text-slate-400 text-sm"">{% trans ""Sistema de gestión vehicular profesional"" %}</p>"
"E:\projecto\e_garage\templates_canonical\taller\cl\es\vehiculos\vehiculo_list_ai.html","443","  <a href=""{% url 'chile:taller:vehiculos:crear_vehiculo' %}"" class=""inline-flex items-center space-x-2 px-6 py-3 bg-gradient-to-r from-indigo-700/90 to-slate-700/90 hover:from-indigo-600/90 hover:to-slate-600/90 text-white font-semibold rounded-lg transition-all shadow-lg border border-indigo-500/40"">"
"E:\projecto\e_garage\templates_canonical\taller\cl\es\vehiculos\vehiculo_list_ai.html","457","  {% for vehiculo in vehiculos %}"
"E:\projecto\e_garage\templates_canonical\taller\cl\es\vehiculos\vehiculo_list_ai.html","466","          <p class=""text-indigo-300 font-mono font-bold text-sm"">{{ vehiculo.patente|default:vehiculo.vin|default:""-""|truncatechars:8 }}</p>"
"E:\projecto\e_garage\templates_canonical\taller\cl\es\vehiculos\vehiculo_list_ai.html","467","          <p class=""text-slate-500 text-xs"">ID: #{{ vehiculo.pk }}</p>"
"E:\projecto\e_garage\templates_canonical\taller\cl\es\vehiculos\vehiculo_list_ai.html","479","          {% if vehiculo.cliente.nombre or vehiculo.cliente.apellido %}"
"E:\projecto\e_garage\templates_canonical\taller\cl\es\vehiculos\vehiculo_list_ai.html","480","            {{ vehiculo.cliente.nombre|default:"""" }} {{ vehiculo.cliente.apellido|default:"""" }}"
"E:\projecto\e_garage\templates_canonical\taller\cl\es\vehiculos\vehiculo_list_ai.html","491","          <p class=""text-slate-300 font-semibold text-xs truncate"">{{ vehiculo.marca.nombre|default:""-"" }}</p>"
"E:\projecto\e_garage\templates_canonical\taller\cl\es\vehiculos\vehiculo_list_ai.html","495","          <p class=""text-slate-300 font-semibold text-xs truncate"">{{ vehiculo.modelo.nombre|default:""-"" }}</p>"
"E:\projecto\e_garage\templates_canonical\taller\cl\es\vehiculos\vehiculo_list_ai.html","502","      <a href=""{% url 'chile:taller:vehiculos:ver_vehiculo' vehiculo.pk %}"""
"E:\projecto\e_garage\templates_canonical\taller\cl\es\vehiculos\vehiculo_list_ai.html","509","      <a href=""{% url 'chile:taller:vehiculos:editar_vehiculo' vehiculo.pk %}"""
"E:\projecto\e_garage\templates_canonical\taller\cl\es\vehiculos\vehiculo_list_ai.html","572","    <a href=""{% url 'chile:taller:vehiculos:crear_vehiculo' %}"" class=""ai-action-btn"" style=""margin-top: 20px; display: inline-block;"">"
"E:\projecto\e_garage\templates_canonical\taller\cl\es\vehiculos\vehiculo_list_ai.html","692","  message.innerHTML = '🤖 IA ACTIVADA - ANÁLISIS VEHICULAR EN PROGRESO...';"
"E:\projecto\e_garage\templates_canonical\taller\cl\es\vehiculos\_tabla_vehiculos.html","13","      {% for v in vehiculos %}"
"E:\projecto\e_garage\templates_canonical\taller\cl\es\vehiculos\_tabla_vehiculos.html","20","          {% url 'taller:vehiculos:detalle_vehiculo' v.id as url_detalle_vehiculo %}"
"E:\projecto\e_garage\templates_canonical\taller\cl\es\vehiculos\_tabla_vehiculos.html","21","          {% url 'taller:vehiculos:editar_vehiculo' v.id as url_editar_vehiculo %}"
"E:\projecto\e_garage\templates_canonical\taller\cl\es\vehiculos\_tabla_vehiculos.html","22","          {% url 'taller:vehiculos:eliminar_vehiculo' v.id as url_eliminar_vehiculo %}"
"E:\projecto\e_garage\templates_canonical\taller\cl\es\vehiculos\_tabla_vehiculos.html","23","          <a href=""{{ url_detalle_vehiculo|default:'#' }}"" class=""text-blue-600 hover:underline"" title=""Ver"">👁️</a>"
"E:\projecto\e_garage\templates_canonical\taller\cl\es\vehiculos\_tabla_vehiculos.html","24","          <a href=""{{ url_editar_vehiculo|default:'#' }}"" class=""text-orange-600 hover:underline"" title=""Editar"">✏️</a>"
"E:\projecto\e_garage\templates_canonical\taller\cl\es\vehiculos\_tabla_vehiculos.html","25","          <a href=""{{ url_eliminar_vehiculo|default:'#' }}"" class=""text-red-600 hover:underline ml-2"" title=""Eliminar"">🗑️</a>"
"E:\projecto\e_garage\templates_canonical\taller\common\dashboard\centro_operaciones.html","371","            <a href=""/cl/vehiculos/"" class=""command-panel modern-panel"">"
"E:\projecto\e_garage\templates_canonical\taller\common\dashboard\centro_operaciones.html","378","                <div class=""modern-description"">Sistema vehicular smart</div>"
"E:\projecto\e_garage\templates_canonical\taller\common\vehiculos\vehiculo_list.html","302","<!-- 🔵 MARCADOR AZUL: TEMPLATE COMÚN VEHICULO_LIST.HTML -->"
"E:\projecto\e_garage\templates_canonical\taller\common\vehiculos\vehiculo_list.html","335","  {% include ""taller/common/vehiculos/_ai_badges.html"" %}"
"E:\projecto\e_garage\templates_canonical\taller\common\vehiculos\vehiculo_list.html","336","  {% include ""taller/common/vehiculos/_filters_toolbar.html"" %}"
"E:\projecto\e_garage\templates_canonical\taller\common\vehiculos\vehiculo_list.html","337","  {% include ""taller/common/vehiculos/_table.html"" %}"
"E:\projecto\e_garage\templates_canonical\taller\common\vehiculos\vehiculo_list.html","338","  {% include ""taller/common/vehiculos/_empty_state.html"" %}"
"E:\projecto\e_garage\templates_canonical\taller\common\vehiculos\vehiculo_list.html","339","  {% include ""taller/common/vehiculos/_pagination.html"" %}"
"E:\projecto\e_garage\templates_canonical\taller\common\vehiculos\vehiculo_list.html","340","  {% include ""taller/common/vehiculos/_add_button.html"" %}"
"E:\projecto\e_garage\templates_canonical\taller\common\vehiculos\vehiculo_list.html","341","  {% include ""taller/common/vehiculos/_footer.html"" %}"
"E:\projecto\e_garage\templates_canonical\taller\common\vehiculos\_add_button.html","3","  <a href=""{% url 'chile:taller:vehiculos:crear_vehiculo' %}"""
"E:\projecto\e_garage\templates_canonical\taller\common\vehiculos\_empty_state.html","2","{% if not vehiculos %}"
"E:\projecto\e_garage\templates_canonical\taller\common\vehiculos\_table.html","4","  {% for vehiculo in vehiculos %}"
"E:\projecto\e_garage\templates_canonical\taller\common\vehiculos\_table.html","10","          <span class=""text-white text-xs font-bold"">{{ vehiculo.marca.nombre|default:""?""|first }}</span>"
"E:\projecto\e_garage\templates_canonical\taller\common\vehiculos\_table.html","13","          <h3 class=""text-white font-bold text-sm"">{{ vehiculo.patente|default:vehiculo.vin|default:""-"" }}</h3>"
"E:\projecto\e_garage\templates_canonical\taller\common\vehiculos\_table.html","14","          <p class=""text-cyan-400 text-xs font-medium"">{{ vehiculo.marca.nombre|default:""-"" }} {{ vehiculo.modelo.nombre|default:"""" }}</p>"
"E:\projecto\e_garage\templates_canonical\taller\common\vehiculos\_table.html","24","        <span class=""text-white font-medium"">{{ vehiculo.cliente.nombre|default:""-"" }} {{ vehiculo.cliente.apellido|default:"""" }}</span>"
"E:\projecto\e_garage\templates_canonical\taller\common\vehiculos\_table.html","28","        <span class=""text-white"">{{ vehiculo.anio|default:""-"" }}</span>"
"E:\projecto\e_garage\templates_canonical\taller\common\vehiculos\_table.html","34","      <a href=""{% if request.path|slice:"":4"" == ""/us/"" %}/us/vehiculos/{{ vehiculo.pk }}/{% else %}/cl/vehiculos/{{ vehiculo.pk }}/{% endif %}"""
"E:\projecto\e_garage\templates_canonical\taller\common\vehiculos\_table.html","42","      <a href=""{% if request.path|slice:"":4"" == ""/us/"" %}/us/vehiculos/{{ vehiculo.pk }}/editar/{% else %}/cl/vehiculos/{{ vehiculo.pk }}/editar/{% endif %}"""
"E:\projecto\e_garage\templates_canonical\taller\documentos\_form_common.html","54","      <label class=""form-label"" for=""{{ form.vehiculo.id_for_label }}"">Vehículo</label>"
"E:\projecto\e_garage\templates_canonical\taller\documentos\_form_common.html","55","      {{ form.vehiculo|add_class:""form-input"" }}"
"E:\projecto\e_garage\templates_canonical\taller\documentos\_form_common.html","56","      {% if form.vehiculo.errors %}"
"E:\projecto\e_garage\templates_canonical\taller\documentos\_form_common.html","57","        <div class=""error-message"">{{ form.vehiculo.errors }}</div>"
"E:\projecto\e_garage\templates_canonical\taller\documentos\_form_country_cl.html","7","  {# Kilometraje: usa el mismo campo extra del form (kilometraje) que persiste en vehiculo.millas #}"
"E:\projecto\e_garage\templates_canonical\taller\pdf\documento.html","185","      <div class=""info-cell"">{{ documento.vehiculo.patente }} - {{ documento.vehiculo.marca.nombre }} {{ documento.vehiculo.modelo.nombre }}</div>"
"E:\projecto\e_garage\templates_canonical\taller\pdf\documento.html","187","      <div class=""info-cell"">{{ documento.vehiculo.anio }}</div>"
"E:\projecto\e_garage\templates_canonical\taller\reportes\reportes.html","22","      <a href=""/vehiculos/"" class=""btn-futuristic-nav""><span>Vehículos</span><span class=""glow""></span></a>"
"E:\projecto\e_garage\templates_canonical\taller\reportes\reportes.html","128","        <div class=""categoria-card"" data-categoria=""vehiculos"">"
"E:\projecto\e_garage\templates_canonical\taller\reportes\reportes.html","132","            <span class=""categoria-badge"" id=""badgeVehiculos"">-</span>"
"E:\projecto\e_garage\templates_canonical\taller\reportes\reportes.html","137","                <span class=""stat-number"" id=""totalVehiculos"">-</span>"
"E:\projecto\e_garage\templates_canonical\taller\reportes\reportes.html","149","            <canvas id=""chartVehiculos"" class=""mini-chart""></canvas>"
"E:\projecto\e_garage\templates_canonical\taller\reportes\reportes.html","152","            <button class=""btn-detalle"" data-tipo=""vehiculos"">Ver Detalles</button>"
"E:\projecto\e_garage\templates_canonical\taller\reportes\reportes.html","153","            <button class=""btn-exportar"" data-tipo=""vehiculos"">📊 Exportar</button>"
"E:\projecto\e_garage\templates_canonical\taller\reportes\reportes.html","340","      <a href=""servicios/?enfoque=vehiculos"" class=""reporte-card"">"
"E:\projecto\e_garage\templates_canonical\taller\reportes\reportes.html","1105","    cargarVehiculos(fechaDesde, fechaHasta);"
"E:\projecto\e_garage\templates_canonical\taller\reportes\reportes.html","1143","function cargarVehiculos(fechaDesde, fechaHasta) {"
"E:\projecto\e_garage\templates_canonical\taller\reportes\reportes.html","1145","    document.getElementById('badgeVehiculos').textContent = '28';"
"E:\projecto\e_garage\templates_canonical\taller\reportes\reportes.html","1146","    document.getElementById('totalVehiculos').textContent = '28';"
"E:\projecto\e_garage\templates_canonical\taller\reportes\reportes.html","1150","    crearMiniGrafico('chartVehiculos', ["
"E:\projecto\e_garage\templates_canonical\taller\reportes\reportes.html","1336","        'vehiculos': 'servicios/?enfoque=vehiculos',"
"E:\projecto\e_garage\templates_canonical\taller\reportes\reportes_mecanicos.html","213","                      <span class=""text-gray-200"">{{ documento.vehiculo.patente|default:documento.vehiculo.vin|default:""-"" }}</span>"
"E:\projecto\e_garage\templates_canonical\taller\us\en\common\base.html","142","      {% url 'vehiculos:lista_vehiculos' as url_vehiculos %}"
"E:\projecto\e_garage\templates_canonical\taller\us\en\common\base.html","150","      {% if url_vehiculos %}"
"E:\projecto\e_garage\templates_canonical\taller\us\en\common\base.html","151","        <a href=""{{ url_vehiculos }}"" class=""text-cyan-300 hover:text-lime-300 transition flex items-center gap-2"">"
"E:\projecto\e_garage\templates_canonical\taller\us\en\dashboard\centro_operaciones_espacial.html","383","            <a href=""/us/vehiculos/"" class=""command-panel modern-panel"">"
"E:\projecto\e_garage\templates_canonical\taller\us\en\documentos\documento.html","21","  <p><strong>Vehículo:</strong> {{ documento.vehiculo }}</p>"
"E:\projecto\e_garage\templates_canonical\taller\us\en\documentos\documento_form.html","64","          <select id=""vehiculo"" name=""vehiculo"" class=""futurista-input w-full"">"
"E:\projecto\e_garage\templates_canonical\taller\us\en\documentos\documento_pdf.html","25","  <strong>Vehículo:</strong> {{ documento.vehiculo }}<br>"
"E:\projecto\e_garage\templates_canonical\taller\us\en\documentos\editar_documento.html","437","          {{ form.vehiculo|add_class:""form-input"" }}"
"E:\projecto\e_garage\templates_canonical\taller\us\en\documentos\editar_documento.html","695","  $('#id_vehiculo').select2({"
"E:\projecto\e_garage\templates_canonical\taller\us\en\documentos\editar_documento.html","701","      url: '/documentos/autocomplete/vehiculo/',"
"E:\projecto\e_garage\templates_canonical\taller\us\en\documentos\editar_documento.html","717","          results: data.results.map(vehiculo => ({"
"E:\projecto\e_garage\templates_canonical\taller\us\en\documentos\editar_documento.html","718","            id: vehiculo.id,"
"E:\projecto\e_garage\templates_canonical\taller\us\en\documentos\editar_documento.html","719","            text: `${vehiculo.patente} - ${vehiculo.marca} ${vehiculo.modelo}`,"
"E:\projecto\e_garage\templates_canonical\taller\us\en\documentos\editar_documento.html","720","            patente: vehiculo.patente,"
"E:\projecto\e_garage\templates_canonical\taller\us\en\documentos\editar_documento.html","721","            marca: vehiculo.marca,"
"E:\projecto\e_garage\templates_canonical\taller\us\en\documentos\editar_documento.html","722","            modelo: vehiculo.modelo"
"E:\projecto\e_garage\templates_canonical\taller\us\en\documentos\editar_documento.html","751","    $('#id_vehiculo').prop('disabled', false);"
"E:\projecto\e_garage\templates_canonical\taller\us\en\documentos\editar_documento.html","752","    $('#id_vehiculo').val(null).trigger('change');"
"E:\projecto\e_garage\templates_canonical\taller\us\en\documentos\editar_documento.html","753","    $('#id_vehiculo').select2('destroy').select2({"
"E:\projecto\e_garage\templates_canonical\taller\us\en\documentos\editar_documento.html","758","        url: '/documentos/autocomplete/vehiculo/',"
"E:\projecto\e_garage\templates_canonical\taller\us\en\documentos\editar_documento.html","771","            results: data.results.map(vehiculo => ({"
"E:\projecto\e_garage\templates_canonical\taller\us\en\documentos\editar_documento.html","772","              id: vehiculo.id,"
"E:\projecto\e_garage\templates_canonical\taller\us\en\documentos\editar_documento.html","773","              text: `${vehiculo.patente} - ${vehiculo.marca} ${vehiculo.modelo}`,"
"E:\projecto\e_garage\templates_canonical\taller\us\en\documentos\editar_documento.html","774","              patente: vehiculo.patente,"
"E:\projecto\e_garage\templates_canonical\taller\us\en\documentos\editar_documento.html","775","              marca: vehiculo.marca,"
"E:\projecto\e_garage\templates_canonical\taller\us\en\documentos\editar_documento.html","776","              modelo: vehiculo.modelo"
"E:\projecto\e_garage\templates_canonical\taller\us\en\documentos\editar_documento.html","789","    $('#id_vehiculo').val(null).trigger('change');"
"E:\projecto\e_garage\templates_canonical\taller\us\en\documentos\editar_documento.html","790","    $('#id_vehiculo').prop('disabled', true).select2({"
"E:\projecto\e_garage\templates_canonical\taller\us\en\documentos\editar_documento.html","814","    $('#id_vehiculo').prop('disabled', false);"
"E:\projecto\e_garage\templates_canonical\taller\us\en\documentos\editar_documento.html","815","    $('#id_vehiculo').select2('destroy').select2({"
"E:\projecto\e_garage\templates_canonical\taller\us\en\documentos\editar_documento.html","820","        url: '/documentos/autocomplete/vehiculo/',"
"E:\projecto\e_garage\templates_canonical\taller\us\en\documentos\editar_documento.html","833","            results: data.results.map(vehiculo => ({"
"E:\projecto\e_garage\templates_canonical\taller\us\en\documentos\editar_documento.html","834","              id: vehiculo.id,"
"E:\projecto\e_garage\templates_canonical\taller\us\en\documentos\editar_documento.html","835","              text: `${vehiculo.patente} - ${vehiculo.marca} ${vehiculo.modelo}`,"
"E:\projecto\e_garage\templates_canonical\taller\us\en\documentos\editar_documento.html","836","              patente: vehiculo.patente,"
"E:\projecto\e_garage\templates_canonical\taller\us\en\documentos\editar_documento.html","837","              marca: vehiculo.marca,"
"E:\projecto\e_garage\templates_canonical\taller\us\en\documentos\editar_documento.html","838","              modelo: vehiculo.modelo"
"E:\projecto\e_garage\templates_canonical\taller\us\en\documentos\formulario_documento.html","216","        <label for=""id_vehiculo"">Vehículo</label>"
"E:\projecto\e_garage\templates_canonical\taller\us\en\documentos\formulario_documento.html","217","        {{ form.vehiculo }}"
"E:\projecto\e_garage\templates_canonical\taller\us\en\documentos\formulario_documento.html","339","  const $vehiculo = $('#id_vehiculo');"
"E:\projecto\e_garage\templates_canonical\taller\us\en\documentos\formulario_documento.html","340","  const $vehiculoWrapper = $('#vehiculo-wrapper');"
"E:\projecto\e_garage\templates_canonical\taller\us\en\documentos\formulario_documento.html","341","  const $vehiculoAlerta = $('#vehiculo-alerta');"
"E:\projecto\e_garage\templates_canonical\taller\us\en\documentos\formulario_documento.html","386","  function initVehiculoSelect2(clienteId) {"
"E:\projecto\e_garage\templates_canonical\taller\us\en\documentos\formulario_documento.html","387","    $vehiculo.select2({"
"E:\projecto\e_garage\templates_canonical\taller\us\en\documentos\formulario_documento.html","389","        url: '/autocomplete/vehiculo/',"
"E:\projecto\e_garage\templates_canonical\taller\us\en\documentos\formulario_documento.html","411","  initVehiculoSelect2($cliente.val());"
"E:\projecto\e_garage\templates_canonical\taller\us\en\documentos\formulario_documento.html","416","    $vehiculo.val(null).trigger('change');"
"E:\projecto\e_garage\templates_canonical\taller\us\en\documentos\formulario_documento.html","417","    $vehiculo.select2('destroy');"
"E:\projecto\e_garage\templates_canonical\taller\us\en\documentos\formulario_documento.html","418","    initVehiculoSelect2(clienteId);"
"E:\projecto\e_garage\templates_canonical\taller\us\en\documentos\formulario_documento.html","420","      $vehiculoWrapper.removeClass('hidden');"
"E:\projecto\e_garage\templates_canonical\taller\us\en\documentos\formulario_documento.html","422","      $vehiculoWrapper.addClass('hidden');"
"E:\projecto\e_garage\templates_canonical\taller\us\en\documentos\formulario_documento.html","426","  $vehiculo.on('select2:opening', function (e) {"
"E:\projecto\e_garage\templates_canonical\taller\us\en\documentos\formulario_documento.html","430","      $vehiculoAlerta.removeClass('hidden');"
"E:\projecto\e_garage\templates_canonical\taller\us\en\documentos\formulario_documento.html","432","        $vehiculoAlerta.addClass('hidden');"
"E:\projecto\e_garage\templates_canonical\taller\us\en\documentos\lista_documentos.html","11","        radial-gradient(circle at 40% 40%, rgba(120, 200, 255, 0.2) 0%, transparent 5          <th class=""sortable-header"" data-sort=""vehiculo"" onclick=""sortTable('vehiculo')"">"
"E:\projecto\e_garage\templates_canonical\taller\us\en\documentos\lista_documentos.html","13","            <span class=""sort-indicator"" id=""sort-vehiculo"">⚡</span>"
"E:\projecto\e_garage\templates_canonical\taller\us\en\documentos\lista_documentos.html","469","          <th class=""sortable-header"" data-sort=""vehiculo"" onclick=""sortTable('vehiculo')"">"
"E:\projecto\e_garage\templates_canonical\taller\us\en\documentos\lista_documentos.html","471","            <span class=""sort-indicator"" id=""sort-vehiculo"">⚡</span>"
"E:\projecto\e_garage\templates_canonical\taller\us\en\documentos\lista_documentos.html","516","            data-vehiculo=""{{ doc.vehiculo }}"">"
"E:\projecto\e_garage\templates_canonical\taller\us\en\documentos\lista_documentos.html","527","          <td class=""table-cell"">{{ doc.vehiculo|default:""N/A"" }}</td>"
"E:\projecto\e_garage\templates_canonical\taller\us\en\documentos\lista_documentos.html","673","        case 'vehiculo':"
"E:\projecto\e_garage\templates_canonical\taller\us\en\documentos\lista_documentos.html","674","          valueA = (a.dataset.vehiculo || '').toLowerCase();"
"E:\projecto\e_garage\templates_canonical\taller\us\en\documentos\lista_documentos.html","675","          valueB = (b.dataset.vehiculo || '').toLowerCase();"
"E:\projecto\e_garage\templates_canonical\taller\us\en\documentos\lista_documentos.html","772","          sortTable('vehiculo');"
"E:\projecto\e_garage\templates_canonical\taller\us\en\documentos\ver_documento.html","165","    <div><span class=""futurista-label"">Vehículo:</span> {{ documento.vehiculo }}</div>"
"E:\projecto\e_garage\templates_canonical\taller\us\en\documentos\ver_documento.html","166","    <div><span class=""futurista-label"">{{ country|mileage_label:request.LANGUAGE_CODE }}:</span> {{ documento.vehiculo.millas|default:""No especificado"" }}{% if country == 'US' %} miles{% else %} km{% endif %}</div>"
"E:\projecto\e_garage\templates_canonical\taller\us\en\documentos\ver_documento_nuevo.html","247","        {% if documento.vehiculo %}"
"E:\projecto\e_garage\templates_canonical\taller\us\en\documentos\ver_documento_nuevo.html","248","          {{ documento.vehiculo.patente }} - {{ documento.vehiculo.marca.nombre }} {{ documento.vehiculo.modelo.nombre }}"
"E:\projecto\e_garage\templates_canonical\taller\us\en\documentos\_form_common.html","50","      <label class=""form-label"" for=""{{ form.vehiculo.id_for_label }}"">Vehículo</label>"
"E:\projecto\e_garage\templates_canonical\taller\us\en\documentos\_form_common.html","51","      {{ form.vehiculo|add_class:""form-input"" }}"
"E:\projecto\e_garage\templates_canonical\taller\us\en\documentos\_form_country_cl.html","7","  {# Kilometraje: usa el mismo campo extra del form (kilometraje) que persiste en vehiculo.millas #}"
"E:\projecto\e_garage\templates_canonical\taller\us\en\other\demo_vehiculo.html","4","{% block title %}🚗 Demo IA Vehicular{% endblock %}"
"E:\projecto\e_garage\templates_canonical\taller\us\en\other\demo_vehiculo.html","74","    .vehiculo-info {"
"E:\projecto\e_garage\templates_canonical\taller\us\en\other\demo_vehiculo.html","83","    .vehiculo-specs {"
"E:\projecto\e_garage\templates_canonical\taller\us\en\other\demo_vehiculo.html","304","        .vehiculo-specs {"
"E:\projecto\e_garage\templates_canonical\taller\us\en\other\demo_vehiculo.html","321","        <h1 class=""demo-title"">🚗 DEMO IA VEHICULAR</h1>"
"E:\projecto\e_garage\templates_canonical\taller\us\en\other\demo_vehiculo.html","331","    <div class=""vehiculo-info"">"
"E:\projecto\e_garage\templates_canonical\taller\us\en\other\demo_vehiculo.html","335","        <div class=""vehiculo-specs"">"
"E:\projecto\e_garage\templates_canonical\taller\us\en\other\demo_vehiculo.html","338","                <div class=""spec-value"">{{ demo_data.vehiculo_ejemplo.marca }}</div>"
"E:\projecto\e_garage\templates_canonical\taller\us\en\other\demo_vehiculo.html","342","                <div class=""spec-value"">{{ demo_data.vehiculo_ejemplo.modelo }}</div>"
"E:\projecto\e_garage\templates_canonical\taller\us\en\other\demo_vehiculo.html","346","                <div class=""spec-value"">{{ demo_data.vehiculo_ejemplo.kilometraje }}</div>"
"E:\projecto\e_garage\templates_canonical\taller\us\en\other\demo_vehiculo.html","356","            Basado en 50,000+ patrones de mantenimiento vehicular"
"E:\projecto\e_garage\templates_canonical\taller\us\en\other\demo_vehiculo.html","485","    gtag('event', 'demo_ia_vehicular_vista', {"
"E:\projecto\e_garage\templates_canonical\taller\us\en\other\demo_vehiculo.html","490","            'vehiculo': '{{ demo_data.vehiculo_ejemplo.marca }} {{ demo_data.vehiculo_ejemplo.modelo }}'"
"E:\projecto\e_garage\templates_canonical\taller\us\en\other\documento_form.html","524","                        {{ form.vehiculo }}"
"E:\projecto\e_garage\templates_canonical\taller\us\en\other\sugerencias_basicas.html","116","    .vehiculo-selector {"
"E:\projecto\e_garage\templates_canonical\taller\us\en\other\sugerencias_basicas.html","341","        .vehiculo-selector {"
"E:\projecto\e_garage\templates_canonical\taller\us\en\other\sugerencias_basicas.html","362","        <div class=""vehiculo-selector"">"
"E:\projecto\e_garage\templates_canonical\taller\us\en\other\sugerencias_basicas.html","486","const sugerenciasPorMarca = {{ sugerencias_por_vehiculo|safe }};"
"E:\projecto\e_garage\templates_canonical\taller\us\en\vehiculos\crear_vehiculo.html","39","            <p class=""text-gray-400 text-xs mt-0.5"">{% trans ""Registro vehicular"" %}</p>"
"E:\projecto\e_garage\templates_canonical\taller\us\en\vehiculos\crear_vehiculo.html","43","        <a href=""{% country_url 'vehiculos:lista_vehiculos' %}"""
"E:\projecto\e_garage\templates_canonical\taller\us\en\vehiculos\crear_vehiculo.html","238","        <a href=""{% country_url 'vehiculos:lista_vehiculos' %}"""
"E:\projecto\e_garage\templates_canonical\taller\us\en\vehiculos\crear_vehiculo.html","258","      <span>{% trans ""Formulario de registro vehicular"" %}</span>"
"E:\projecto\e_garage\templates_canonical\taller\us\en\vehiculos\detalle.html","21","      <li><strong>Cliente:</strong> {{ vehiculo.cliente.nombre }} {{ vehiculo.cliente.apellido }}</li>"
"E:\projecto\e_garage\templates_canonical\taller\us\en\vehiculos\detalle.html","22","      <li><strong>Marca:</strong> {{ vehiculo.modelo.marca.nombre }}</li>"
"E:\projecto\e_garage\templates_canonical\taller\us\en\vehiculos\detalle.html","23","      <li><strong>Modelo:</strong> {{ vehiculo.modelo.nombre }}</li>"
"E:\projecto\e_garage\templates_canonical\taller\us\en\vehiculos\detalle.html","24","      <li><strong>Año:</strong> {{ vehiculo.anio }}</li>"
"E:\projecto\e_garage\templates_canonical\taller\us\en\vehiculos\detalle.html","25","      <li><strong>Patente:</strong> {{ vehiculo.patente }}</li>"
"E:\projecto\e_garage\templates_canonical\taller\us\en\vehiculos\detalle.html","26","      <li><strong>VIN:</strong> {{ vehiculo.vin }}</li>"
"E:\projecto\e_garage\templates_canonical\taller\us\en\vehiculos\detalle.html","29","  {% url 'taller:vehiculos:lista_vehiculos' as url_lista_vehiculos %}"
"E:\projecto\e_garage\templates_canonical\taller\us\en\vehiculos\detalle.html","30","  <a href=""{{ url_lista_vehiculos|default:'#' }}"" class=""bg-sky-600 text-white px-6 py-2 rounded hover:bg-sky-700"">⬅️ Volver</a>"
"E:\projecto\e_garage\templates_canonical\taller\us\en\vehiculos\editar_vehiculo.html","26","      <form id=""form-editar-vehiculo"""
"E:\projecto\e_garage\templates_canonical\taller\us\en\vehiculos\editar_vehiculo.html","28","            action=""{% url 'taller:vehiculos:editar_vehiculo' vehiculo.id %}"""
"E:\projecto\e_garage\templates_canonical\taller\us\en\vehiculos\editar_vehiculo.html","177","          <a href=""{% country_url 'vehiculos:lista_vehiculos' %}"""
"E:\projecto\e_garage\templates_canonical\taller\us\en\vehiculos\editar_vehiculo.html","209","  const f = document.getElementById('form-editar-vehiculo');"
"E:\projecto\e_garage\templates_canonical\taller\us\en\vehiculos\vehiculo_list.html","302","<!-- 🟢 MARCADOR VERDE: TEMPLATE USA EN VEHICULO_LIST.HTML -->"
"E:\projecto\e_garage\templates_canonical\taller\us\en\vehiculos\vehiculo_list.html","335","  {% include ""taller/common/vehiculos/_ai_badges.html"" %}"
"E:\projecto\e_garage\templates_canonical\taller\us\en\vehiculos\vehiculo_list.html","336","  {% include ""taller/common/vehiculos/_filters_toolbar.html"" %}"
"E:\projecto\e_garage\templates_canonical\taller\us\en\vehiculos\vehiculo_list.html","337","  {% include ""taller/common/vehiculos/_table.html"" %}"
"E:\projecto\e_garage\templates_canonical\taller\us\en\vehiculos\vehiculo_list.html","338","  {% include ""taller/common/vehiculos/_empty_state.html"" %}"
"E:\projecto\e_garage\templates_canonical\taller\us\en\vehiculos\vehiculo_list.html","339","  {% include ""taller/common/vehiculos/_pagination.html"" %}"
"E:\projecto\e_garage\templates_canonical\taller\us\en\vehiculos\vehiculo_list.html","340","  {% include ""taller/common/vehiculos/_add_button.html"" %}"
"E:\projecto\e_garage\templates_canonical\taller\us\en\vehiculos\vehiculo_list.html","341","  {% include ""taller/common/vehiculos/_footer.html"" %}"
"E:\projecto\e_garage\templates_canonical\taller\us\en\vehiculos\vehiculo_list_ai.html","302","<!-- 🟠 MARCADOR NARANJA: TEMPLATE USA EN VEHICULO_LIST_AI.HTML -->"
"E:\projecto\e_garage\templates_canonical\taller\us\en\vehiculos\vehiculo_list_ai.html","358","    {% for vehiculo in vehiculos %}"
"E:\projecto\e_garage\templates_canonical\taller\us\en\vehiculos\vehiculo_list_ai.html","364","            <span class=""text-white text-sm font-bold"">{{ vehiculo.marca.nombre|default:""?""|first }}</span>"
"E:\projecto\e_garage\templates_canonical\taller\us\en\vehiculos\vehiculo_list_ai.html","367","            <h3 class=""text-white font-bold text-sm"">{{ vehiculo.patente|default:vehiculo.vin|default:""-""|truncatechars:8 }}</h3>"
"E:\projecto\e_garage\templates_canonical\taller\us\en\vehiculos\vehiculo_list_ai.html","368","            <p class=""text-cyan-400 text-xs"">{{ vehiculo.marca.nombre|default:""-"" }}</p>"
"E:\projecto\e_garage\templates_canonical\taller\us\en\vehiculos\vehiculo_list_ai.html","378","          <span class=""text-white"">{{ vehiculo.cliente.nombre|default:""-""|truncatechars:12 }}</span>"
"E:\projecto\e_garage\templates_canonical\taller\us\en\vehiculos\vehiculo_list_ai.html","382","          <span class=""text-white"">{{ vehiculo.modelo.nombre|default:""-""|truncatechars:12 }}</span>"
"E:\projecto\e_garage\templates_canonical\taller\us\en\vehiculos\vehiculo_list_ai.html","386","          <span class=""text-white"">{{ vehiculo.anio|default:""-"" }}</span>"
"E:\projecto\e_garage\templates_canonical\taller\us\en\vehiculos\vehiculo_list_ai.html","392","        <a href=""{% url 'usa:taller:vehiculos:ver_vehiculo' vehiculo.pk %}"""
"E:\projecto\e_garage\templates_canonical\taller\us\en\vehiculos\vehiculo_list_ai.html","400","        <a href=""{% url 'usa:taller:vehiculos:editar_vehiculo' vehiculo.pk %}"""
"E:\projecto\e_garage\templates_canonical\taller\us\en\vehiculos\vehiculo_list_ai.html","482","    <a href=""{% country_url 'vehiculos:crear_vehiculo' %}"""
"E:\projecto\e_garage\templates_canonical\taller\us\en\vehiculos\vehiculo_list_simple.html","10","        <a href=""/us/vehiculos/crear/"" class=""btn btn-primary"">"
"E:\projecto\e_garage\templates_canonical\taller\us\en\vehiculos\vehiculo_list_simple.html","15","      {% if vehiculos %}"
"E:\projecto\e_garage\templates_canonical\taller\us\en\vehiculos\vehiculo_list_simple.html","17","          {% for vehiculo in vehiculos %}"
"E:\projecto\e_garage\templates_canonical\taller\us\en\vehiculos\vehiculo_list_simple.html","21","                <h5 class=""card-title"">{{ vehiculo.marca.nombre }} {{ vehiculo.modelo.nombre }}</h5>"
"E:\projecto\e_garage\templates_canonical\taller\us\en\vehiculos\vehiculo_list_simple.html","23","                  <strong>{% trans ""License Plate"" %}:</strong> {{ vehiculo.patente }}<br>"
"E:\projecto\e_garage\templates_canonical\taller\us\en\vehiculos\vehiculo_list_simple.html","24","                  <strong>{% trans ""VIN"" %}:</strong> {{ vehiculo.vin }}<br>"
"E:\projecto\e_garage\templates_canonical\taller\us\en\vehiculos\vehiculo_list_simple.html","25","                  <strong>{% trans ""Year"" %}:</strong> {{ vehiculo.anio }}<br>"
"E:\projecto\e_garage\templates_canonical\taller\us\en\vehiculos\vehiculo_list_simple.html","26","                  <strong>{% trans ""Client"" %}:</strong> {{ vehiculo.cliente.nombre }}"
"E:\projecto\e_garage\templates_canonical\taller\us\en\vehiculos\vehiculo_list_simple.html","29","                  <a href=""/us/vehiculos/{{ vehiculo.pk }}/"" class=""btn btn-sm btn-outline-primary"">"
"E:\projecto\e_garage\templates_canonical\taller\us\en\vehiculos\vehiculo_list_simple.html","32","                  <a href=""/us/vehiculos/{{ vehiculo.pk }}/editar/"" class=""btn btn-sm btn-outline-secondary"">"
"E:\projecto\e_garage\templates_canonical\taller\us\en\vehiculos\vehiculo_list_simple.html","46","          <a href=""/us/vehiculos/crear/"" class=""btn btn-primary"">"
"E:\projecto\e_garage\templates_canonical\taller\us\es\common\dashboard_usa.html","366","                    <a href=""/us/vehiculos/"" class=""text-blue-400 hover:text-blue-300 text-sm"" data-translate=""viewDemo"">View Demo →</a>"
"E:\projecto\e_garage\templates_canonical\taller\us\es\documentos\documento.html","21","  <p><strong>Vehículo:</strong> {{ documento.vehiculo }}</p>"
"E:\projecto\e_garage\templates_canonical\taller\us\es\documentos\documento_form.html","64","          <select id=""vehiculo"" name=""vehiculo"" class=""futurista-input w-full"">"
"E:\projecto\e_garage\templates_canonical\taller\us\es\documentos\documento_pdf.html","25","  <strong>Vehículo:</strong> {{ documento.vehiculo }}<br>"
"E:\projecto\e_garage\templates_canonical\taller\us\es\documentos\editar_documento.html","437","          {{ form.vehiculo|add_class:""form-input"" }}"
"E:\projecto\e_garage\templates_canonical\taller\us\es\documentos\editar_documento.html","695","  $('#id_vehiculo').select2({"
"E:\projecto\e_garage\templates_canonical\taller\us\es\documentos\editar_documento.html","701","      url: '/documentos/autocomplete/vehiculo/',"
"E:\projecto\e_garage\templates_canonical\taller\us\es\documentos\editar_documento.html","717","          results: data.results.map(vehiculo => ({"
"E:\projecto\e_garage\templates_canonical\taller\us\es\documentos\editar_documento.html","718","            id: vehiculo.id,"
"E:\projecto\e_garage\templates_canonical\taller\us\es\documentos\editar_documento.html","719","            text: `${vehiculo.patente} - ${vehiculo.marca} ${vehiculo.modelo}`,"
"E:\projecto\e_garage\templates_canonical\taller\us\es\documentos\editar_documento.html","720","            patente: vehiculo.patente,"
"E:\projecto\e_garage\templates_canonical\taller\us\es\documentos\editar_documento.html","721","            marca: vehiculo.marca,"
"E:\projecto\e_garage\templates_canonical\taller\us\es\documentos\editar_documento.html","722","            modelo: vehiculo.modelo"
"E:\projecto\e_garage\templates_canonical\taller\us\es\documentos\editar_documento.html","751","    $('#id_vehiculo').prop('disabled', false);"
"E:\projecto\e_garage\templates_canonical\taller\us\es\documentos\editar_documento.html","752","    $('#id_vehiculo').val(null).trigger('change');"
"E:\projecto\e_garage\templates_canonical\taller\us\es\documentos\editar_documento.html","753","    $('#id_vehiculo').select2('destroy').select2({"
"E:\projecto\e_garage\templates_canonical\taller\us\es\documentos\editar_documento.html","758","        url: '/documentos/autocomplete/vehiculo/',"
"E:\projecto\e_garage\templates_canonical\taller\us\es\documentos\editar_documento.html","771","            results: data.results.map(vehiculo => ({"
"E:\projecto\e_garage\templates_canonical\taller\us\es\documentos\editar_documento.html","772","              id: vehiculo.id,"
"E:\projecto\e_garage\templates_canonical\taller\us\es\documentos\editar_documento.html","773","              text: `${vehiculo.patente} - ${vehiculo.marca} ${vehiculo.modelo}`,"
"E:\projecto\e_garage\templates_canonical\taller\us\es\documentos\editar_documento.html","774","              patente: vehiculo.patente,"
"E:\projecto\e_garage\templates_canonical\taller\us\es\documentos\editar_documento.html","775","              marca: vehiculo.marca,"
"E:\projecto\e_garage\templates_canonical\taller\us\es\documentos\editar_documento.html","776","              modelo: vehiculo.modelo"
"E:\projecto\e_garage\templates_canonical\taller\us\es\documentos\editar_documento.html","789","    $('#id_vehiculo').val(null).trigger('change');"
"E:\projecto\e_garage\templates_canonical\taller\us\es\documentos\editar_documento.html","790","    $('#id_vehiculo').prop('disabled', true).select2({"
"E:\projecto\e_garage\templates_canonical\taller\us\es\documentos\editar_documento.html","814","    $('#id_vehiculo').prop('disabled', false);"
"E:\projecto\e_garage\templates_canonical\taller\us\es\documentos\editar_documento.html","815","    $('#id_vehiculo').select2('destroy').select2({"
"E:\projecto\e_garage\templates_canonical\taller\us\es\documentos\editar_documento.html","820","        url: '/documentos/autocomplete/vehiculo/',"
"E:\projecto\e_garage\templates_canonical\taller\us\es\documentos\editar_documento.html","833","            results: data.results.map(vehiculo => ({"
"E:\projecto\e_garage\templates_canonical\taller\us\es\documentos\editar_documento.html","834","              id: vehiculo.id,"
"E:\projecto\e_garage\templates_canonical\taller\us\es\documentos\editar_documento.html","835","              text: `${vehiculo.patente} - ${vehiculo.marca} ${vehiculo.modelo}`,"
"E:\projecto\e_garage\templates_canonical\taller\us\es\documentos\editar_documento.html","836","              patente: vehiculo.patente,"
"E:\projecto\e_garage\templates_canonical\taller\us\es\documentos\editar_documento.html","837","              marca: vehiculo.marca,"
"E:\projecto\e_garage\templates_canonical\taller\us\es\documentos\editar_documento.html","838","              modelo: vehiculo.modelo"
"E:\projecto\e_garage\templates_canonical\taller\us\es\documentos\formulario_documento.html","216","        <label for=""id_vehiculo"">Vehículo</label>"
"E:\projecto\e_garage\templates_canonical\taller\us\es\documentos\formulario_documento.html","217","        {{ form.vehiculo }}"
"E:\projecto\e_garage\templates_canonical\taller\us\es\documentos\formulario_documento.html","339","  const $vehiculo = $('#id_vehiculo');"
"E:\projecto\e_garage\templates_canonical\taller\us\es\documentos\formulario_documento.html","340","  const $vehiculoWrapper = $('#vehiculo-wrapper');"
"E:\projecto\e_garage\templates_canonical\taller\us\es\documentos\formulario_documento.html","341","  const $vehiculoAlerta = $('#vehiculo-alerta');"
"E:\projecto\e_garage\templates_canonical\taller\us\es\documentos\formulario_documento.html","386","  function initVehiculoSelect2(clienteId) {"
"E:\projecto\e_garage\templates_canonical\taller\us\es\documentos\formulario_documento.html","387","    $vehiculo.select2({"
"E:\projecto\e_garage\templates_canonical\taller\us\es\documentos\formulario_documento.html","389","        url: '/autocomplete/vehiculo/',"
"E:\projecto\e_garage\templates_canonical\taller\us\es\documentos\formulario_documento.html","411","  initVehiculoSelect2($cliente.val());"
"E:\projecto\e_garage\templates_canonical\taller\us\es\documentos\formulario_documento.html","416","    $vehiculo.val(null).trigger('change');"
"E:\projecto\e_garage\templates_canonical\taller\us\es\documentos\formulario_documento.html","417","    $vehiculo.select2('destroy');"
"E:\projecto\e_garage\templates_canonical\taller\us\es\documentos\formulario_documento.html","418","    initVehiculoSelect2(clienteId);"
"E:\projecto\e_garage\templates_canonical\taller\us\es\documentos\formulario_documento.html","420","      $vehiculoWrapper.removeClass('hidden');"
"E:\projecto\e_garage\templates_canonical\taller\us\es\documentos\formulario_documento.html","422","      $vehiculoWrapper.addClass('hidden');"
"E:\projecto\e_garage\templates_canonical\taller\us\es\documentos\formulario_documento.html","426","  $vehiculo.on('select2:opening', function (e) {"
"E:\projecto\e_garage\templates_canonical\taller\us\es\documentos\formulario_documento.html","430","      $vehiculoAlerta.removeClass('hidden');"
"E:\projecto\e_garage\templates_canonical\taller\us\es\documentos\formulario_documento.html","432","        $vehiculoAlerta.addClass('hidden');"
"E:\projecto\e_garage\templates_canonical\taller\us\es\documentos\lista_documentos.html","11","        radial-gradient(circle at 40% 40%, rgba(120, 200, 255, 0.2) 0%, transparent 5          <th class=""sortable-header"" data-sort=""vehiculo"" onclick=""sortTable('vehiculo')"">"
"E:\projecto\e_garage\templates_canonical\taller\us\es\documentos\lista_documentos.html","13","            <span class=""sort-indicator"" id=""sort-vehiculo"">⚡</span>"
"E:\projecto\e_garage\templates_canonical\taller\us\es\documentos\lista_documentos.html","651","          <th class=""sortable-header"" data-sort=""vehiculo"" onclick=""sortTable('vehiculo')"">"
"E:\projecto\e_garage\templates_canonical\taller\us\es\documentos\lista_documentos.html","653","            <span class=""sort-indicator"" id=""sort-vehiculo"">⚡</span>"
"E:\projecto\e_garage\templates_canonical\taller\us\es\documentos\lista_documentos.html","698","            data-vehiculo=""{{ doc.vehiculo }}"">"
"E:\projecto\e_garage\templates_canonical\taller\us\es\documentos\lista_documentos.html","709","          <td class=""table-cell"">{{ doc.vehiculo|default:""N/A"" }}</td>"
"E:\projecto\e_garage\templates_canonical\taller\us\es\documentos\lista_documentos.html","856","        case 'vehiculo':"
"E:\projecto\e_garage\templates_canonical\taller\us\es\documentos\lista_documentos.html","857","          valueA = (a.dataset.vehiculo || '').toLowerCase();"
"E:\projecto\e_garage\templates_canonical\taller\us\es\documentos\lista_documentos.html","858","          valueB = (b.dataset.vehiculo || '').toLowerCase();"
"E:\projecto\e_garage\templates_canonical\taller\us\es\documentos\lista_documentos.html","955","          sortTable('vehiculo');"
"E:\projecto\e_garage\templates_canonical\taller\us\es\documentos\lista_documentos.html","1025","  const vehiculo = cells[4]?.textContent?.trim() || '';"
"E:\projecto\e_garage\templates_canonical\taller\us\es\documentos\lista_documentos.html","1034","🚙 *Vehicle:* ${vehiculo}"
"E:\projecto\e_garage\templates_canonical\taller\us\es\documentos\ver_documento.html","165","    <div><span class=""futurista-label"">Vehículo:</span> {{ documento.vehiculo }}</div>"
"E:\projecto\e_garage\templates_canonical\taller\us\es\documentos\ver_documento.html","166","    <div><span class=""futurista-label"">{{ country|mileage_label:request.LANGUAGE_CODE }}:</span> {{ documento.vehiculo.millas|default:""No especificado"" }}{% if country == 'US' %} miles{% else %} km{% endif %}</div>"
"E:\projecto\e_garage\templates_canonical\taller\us\es\documentos\ver_documento_nuevo.html","247","        {% if documento.vehiculo %}"
"E:\projecto\e_garage\templates_canonical\taller\us\es\documentos\ver_documento_nuevo.html","248","          {{ documento.vehiculo.patente }} - {{ documento.vehiculo.marca.nombre }} {{ documento.vehiculo.modelo.nombre }}"
"E:\projecto\e_garage\templates_canonical\taller\us\es\documentos\_form_common.html","50","      <label class=""form-label"" for=""{{ form.vehiculo.id_for_label }}"">Vehículo</label>"
"E:\projecto\e_garage\templates_canonical\taller\us\es\documentos\_form_common.html","51","      {{ form.vehiculo|add_class:""form-input"" }}"
"E:\projecto\e_garage\templates_canonical\taller\us\es\documentos\_form_country_cl.html","7","  {# Kilometraje: usa el mismo campo extra del form (kilometraje) que persiste en vehiculo.millas #}"
"E:\projecto\e_garage\templates_canonical\taller\us\es\other\demo_vehiculo.html","4","{% block title %}🚗 Demo IA Vehicular{% endblock %}"
"E:\projecto\e_garage\templates_canonical\taller\us\es\other\demo_vehiculo.html","74","    .vehiculo-info {"
"E:\projecto\e_garage\templates_canonical\taller\us\es\other\demo_vehiculo.html","83","    .vehiculo-specs {"
"E:\projecto\e_garage\templates_canonical\taller\us\es\other\demo_vehiculo.html","304","        .vehiculo-specs {"
"E:\projecto\e_garage\templates_canonical\taller\us\es\other\demo_vehiculo.html","321","        <h1 class=""demo-title"">🚗 DEMO IA VEHICULAR</h1>"
"E:\projecto\e_garage\templates_canonical\taller\us\es\other\demo_vehiculo.html","331","    <div class=""vehiculo-info"">"
"E:\projecto\e_garage\templates_canonical\taller\us\es\other\demo_vehiculo.html","335","        <div class=""vehiculo-specs"">"
"E:\projecto\e_garage\templates_canonical\taller\us\es\other\demo_vehiculo.html","338","                <div class=""spec-value"">{{ demo_data.vehiculo_ejemplo.marca }}</div>"
"E:\projecto\e_garage\templates_canonical\taller\us\es\other\demo_vehiculo.html","342","                <div class=""spec-value"">{{ demo_data.vehiculo_ejemplo.modelo }}</div>"
"E:\projecto\e_garage\templates_canonical\taller\us\es\other\demo_vehiculo.html","346","                <div class=""spec-value"">{{ demo_data.vehiculo_ejemplo.kilometraje }}</div>"
"E:\projecto\e_garage\templates_canonical\taller\us\es\other\demo_vehiculo.html","356","            Basado en 50,000+ patrones de mantenimiento vehicular"
"E:\projecto\e_garage\templates_canonical\taller\us\es\other\demo_vehiculo.html","485","    gtag('event', 'demo_ia_vehicular_vista', {"
"E:\projecto\e_garage\templates_canonical\taller\us\es\other\demo_vehiculo.html","490","            'vehiculo': '{{ demo_data.vehiculo_ejemplo.marca }} {{ demo_data.vehiculo_ejemplo.modelo }}'"
"E:\projecto\e_garage\templates_canonical\taller\us\es\other\documento_form.html","524","                        {{ form.vehiculo }}"
"E:\projecto\e_garage\templates_canonical\taller\us\es\other\sugerencias_basicas.html","116","    .vehiculo-selector {"
"E:\projecto\e_garage\templates_canonical\taller\us\es\other\sugerencias_basicas.html","341","        .vehiculo-selector {"
"E:\projecto\e_garage\templates_canonical\taller\us\es\other\sugerencias_basicas.html","362","        <div class=""vehiculo-selector"">"
"E:\projecto\e_garage\templates_canonical\taller\us\es\other\sugerencias_basicas.html","486","const sugerenciasPorMarca = {{ sugerencias_por_vehiculo|safe }};"
"E:\projecto\e_garage\templates_canonical\taller\us\es\vehiculos\detalle.html","21","      <li><strong>Cliente:</strong> {{ vehiculo.cliente.nombre }} {{ vehiculo.cliente.apellido }}</li>"
"E:\projecto\e_garage\templates_canonical\taller\us\es\vehiculos\detalle.html","22","      <li><strong>Marca:</strong> {{ vehiculo.modelo.marca.nombre }}</li>"
"E:\projecto\e_garage\templates_canonical\taller\us\es\vehiculos\detalle.html","23","      <li><strong>Modelo:</strong> {{ vehiculo.modelo.nombre }}</li>"
"E:\projecto\e_garage\templates_canonical\taller\us\es\vehiculos\detalle.html","24","      <li><strong>Año:</strong> {{ vehiculo.anio }}</li>"
"E:\projecto\e_garage\templates_canonical\taller\us\es\vehiculos\detalle.html","25","      <li><strong>Patente:</strong> {{ vehiculo.patente }}</li>"
"E:\projecto\e_garage\templates_canonical\taller\us\es\vehiculos\detalle.html","26","      <li><strong>VIN:</strong> {{ vehiculo.vin }}</li>"
"E:\projecto\e_garage\templates_canonical\taller\us\es\vehiculos\detalle.html","29","  {% url 'taller:vehiculos:lista_vehiculos' as url_lista_vehiculos %}"
"E:\projecto\e_garage\templates_canonical\taller\us\es\vehiculos\detalle.html","30","  <a href=""{{ url_lista_vehiculos|default:'#' }}"" class=""bg-sky-600 text-white px-6 py-2 rounded hover:bg-sky-700"">⬅️ Volver</a>"
"E:\projecto\e_garage\templates_canonical\taller\us\es\vehiculos\editar_vehiculo.html","26","      <form id=""form-editar-vehiculo"""
"E:\projecto\e_garage\templates_canonical\taller\us\es\vehiculos\editar_vehiculo.html","28","            action=""{% url 'taller:vehiculos:editar_vehiculo' vehiculo.id %}"""
"E:\projecto\e_garage\templates_canonical\taller\us\es\vehiculos\editar_vehiculo.html","177","          <a href=""{% country_url 'vehiculos:lista_vehiculos' %}"""
"E:\projecto\e_garage\templates_canonical\taller\us\es\vehiculos\editar_vehiculo.html","209","  const f = document.getElementById('form-editar-vehiculo');"
"E:\projecto\e_garage\templates_canonical\taller\us\es\vehiculos\vehiculo_list.html","301","<!-- 🟢 MARCADOR VERDE OSCURO: TEMPLATE USA ES VEHICULO_LIST.HTML -->"
"E:\projecto\e_garage\templates_canonical\taller\us\es\vehiculos\vehiculo_list.html","323","          <p class=""text-cyan-300 text-lg"">{% trans ""Sistema avanzado de gestión vehicular"" %}</p>"
"E:\projecto\e_garage\templates_canonical\taller\us\es\vehiculos\vehiculo_list.html","334","  {% include ""taller/common/vehiculos/_ai_badges.html"" %}"
"E:\projecto\e_garage\templates_canonical\taller\us\es\vehiculos\vehiculo_list.html","335","  {% include ""taller/common/vehiculos/_filters_toolbar.html"" %}"
"E:\projecto\e_garage\templates_canonical\taller\us\es\vehiculos\vehiculo_list.html","336","  {% include ""taller/common/vehiculos/_table.html"" %}"
"E:\projecto\e_garage\templates_canonical\taller\us\es\vehiculos\vehiculo_list.html","337","  {% include ""taller/common/vehiculos/_empty_state.html"" %}"
"E:\projecto\e_garage\templates_canonical\taller\us\es\vehiculos\vehiculo_list.html","338","  {% include ""taller/common/vehiculos/_pagination.html"" %}"
"E:\projecto\e_garage\templates_canonical\taller\us\es\vehiculos\vehiculo_list.html","339","  {% include ""taller/common/vehiculos/_add_button.html"" %}"
"E:\projecto\e_garage\templates_canonical\taller\us\es\vehiculos\vehiculo_list.html","340","  {% include ""taller/common/vehiculos/_footer.html"" %}"
"E:\projecto\e_garage\templates_canonical\taller\us\es\vehiculos\vehiculo_list_ai.html","387","  <div class=""matrix-code"" style=""left: 40%; animation-delay: 2s;"">AI VEHICULAR SYS</div>"
"E:\projecto\e_garage\templates_canonical\taller\us\es\vehiculos\vehiculo_list_ai.html","412","    <span>{{ vehiculos|length }} Vehículos</span>"
"E:\projecto\e_garage\templates_canonical\taller\us\es\vehiculos\vehiculo_list_ai.html","430","  <h1 class=""ai-title"">🚗 VEHICULAR MATRIX</h1>"
"E:\projecto\e_garage\templates_canonical\taller\us\es\vehiculos\vehiculo_list_ai.html","431","  <p class=""ai-subtitle"">Sistema de Gestión Vehicular Potenciado por IA</p>"
"E:\projecto\e_garage\templates_canonical\taller\us\es\vehiculos\vehiculo_list_ai.html","452","  <a href=""{% country_url 'vehiculos:crear_vehiculo' %}"" class=""ai-action-btn"">"
"E:\projecto\e_garage\templates_canonical\taller\us\es\vehiculos\vehiculo_list_ai.html","465","  {% for vehiculo in vehiculos %}"
"E:\projecto\e_garage\templates_canonical\taller\us\es\vehiculos\vehiculo_list_ai.html","466","  <div class=""vehicle-hex-card"" data-vehicle-id=""{{ vehiculo.id }}"">"
"E:\projecto\e_garage\templates_canonical\taller\us\es\vehiculos\vehiculo_list_ai.html","468","    <div class=""status-indicator {% if vehiculo.activo %}status-active{% else %}status-inactive{% endif %}""></div>"
"E:\projecto\e_garage\templates_canonical\taller\us\es\vehiculos\vehiculo_list_ai.html","472","      {% if vehiculo.marca %}"
"E:\projecto\e_garage\templates_canonical\taller\us\es\vehiculos\vehiculo_list_ai.html","473","        {{ vehiculo.marca.nombre|first|upper }}"
"E:\projecto\e_garage\templates_canonical\taller\us\es\vehiculos\vehiculo_list_ai.html","482","        {{ vehiculo.patente|upper }}"
"E:\projecto\e_garage\templates_canonical\taller\us\es\vehiculos\vehiculo_list_ai.html","488","          {% if vehiculo.cliente.nombre or vehiculo.cliente.apellido %}"
"E:\projecto\e_garage\templates_canonical\taller\us\es\vehiculos\vehiculo_list_ai.html","489","            {{ vehiculo.cliente.nombre|default:"""" }} {{ vehiculo.cliente.apellido|default:"""" }}"
"E:\projecto\e_garage\templates_canonical\taller\us\es\vehiculos\vehiculo_list_ai.html","497","          {{ vehiculo.marca.nombre|default:""N/A"" }} {{ vehiculo.modelo.nombre|default:""N/A"" }}"
"E:\projecto\e_garage\templates_canonical\taller\us\es\vehiculos\vehiculo_list_ai.html","502","          {{ vehiculo.ano|default:""N/A"" }}"
"E:\projecto\e_garage\templates_canonical\taller\us\es\vehiculos\vehiculo_list_ai.html","505","        {% if vehiculo.color %}"
"E:\projecto\e_garage\templates_canonical\taller\us\es\vehiculos\vehiculo_list_ai.html","508","          {{ vehiculo.color.nombre }}"
"E:\projecto\e_garage\templates_canonical\taller\us\es\vehiculos\vehiculo_list_ai.html","515","        <a href=""{% url 'taller:vehiculos:ver_vehiculo' vehiculo.pk %}"""
"E:\projecto\e_garage\templates_canonical\taller\us\es\vehiculos\vehiculo_list_ai.html","520","        <a href=""{% url 'taller:vehiculos:editar_vehiculo' vehiculo_id=vehiculo.pk %}"""
"E:\projecto\e_garage\templates_canonical\taller\us\es\vehiculos\vehiculo_list_ai.html","537","    <a href=""{% country_url 'vehiculos:crear_vehiculo' %}"" class=""ai-action-btn"" style=""margin-top: 20px; display: inline-block;"">"
"E:\projecto\e_garage\templates_canonical\taller\us\es\vehiculos\vehiculo_list_ai.html","657","  message.innerHTML = '🤖 IA ACTIVADA - ANÁLISIS VEHICULAR EN PROGRESO...';"
"E:\projecto\e_garage\templates_canonical\taller\vehiculos\editar_vehiculo.html","26","      <form id=""form-editar-vehiculo"""
"E:\projecto\e_garage\templates_canonical\taller\vehiculos\editar_vehiculo.html","28","            action=""{% if request.path|slice:':4' == '/us/' %}/us/vehiculos/editar/{{ vehiculo.id }}/{% else %}/cl/vehiculos/editar/{{ vehiculo.id }}/{% endif %}"""
"E:\projecto\e_garage\templates_canonical\taller\vehiculos\editar_vehiculo.html","177","          <a href=""{% if request.path|slice:':4' == '/us/' %}/us/vehiculos/{% else %}/cl/vehiculos/{% endif %}"""
"E:\projecto\e_garage\templates_canonical\taller\vehiculos\editar_vehiculo.html","209","  const f = document.getElementById('form-editar-vehiculo');"
"E:\projecto\e_garage\templates_canonical\taller\vehiculos\vehiculo_detail.html","215","            <a href=""{% if request.path|slice:':4' == '/us/' %}/us/vehiculos/editar/{{ vehiculo.pk }}/{% else %}/cl/vehiculos/editar/{{ vehiculo.pk }}/{% endif %}"""
"E:\projecto\e_garage\templates_canonical\taller\vehiculos\vehiculo_detail.html","220","            <a href=""{% if request.path|slice:':4' == '/us/' %}/us/vehiculos/{% else %}/cl/vehiculos/{% endif %}"""
"E:\projecto\e_garage\templates_canonical\taller\vehiculos\vehiculo_detail.html","240","              <h2 class=""text-2xl font-bold text-white"">{{ vehiculo.patente|default:vehiculo.vin|default:""Sin patente"" }}</h2>"
"E:\projecto\e_garage\templates_canonical\taller\vehiculos\vehiculo_detail.html","241","              <p class=""text-gray-400 text-sm"">ID: #{{ vehiculo.pk }}</p>"
"E:\projecto\e_garage\templates_canonical\taller\vehiculos\vehiculo_detail.html","257","                <span class=""field-value highlight"">{{ vehiculo.marca.nombre|default:""No especificada"" }}</span>"
"E:\projecto\e_garage\templates_canonical\taller\vehiculos\vehiculo_detail.html","266","                <span class=""field-value highlight"">{{ vehiculo.modelo.nombre|default:""No especificado"" }}</span>"
"E:\projecto\e_garage\templates_canonical\taller\vehiculos\vehiculo_detail.html","279","                <span class=""field-value highlight"">{{ vehiculo.anio|default:""No especificado"" }}</span>"
"E:\projecto\e_garage\templates_canonical\taller\vehiculos\vehiculo_detail.html","288","                <span class=""field-value highlight"">{{ vehiculo.color.nombre|default:""No especificado"" }}</span>"
"E:\projecto\e_garage\templates_canonical\taller\vehiculos\vehiculo_detail.html","294","          {% if vehiculo.vin %}"
"E:\projecto\e_garage\templates_canonical\taller\vehiculos\vehiculo_detail.html","301","              <span class=""field-value font-mono"">{{ vehiculo.vin }}</span>"
"E:\projecto\e_garage\templates_canonical\taller\vehiculos\vehiculo_detail.html","307","          {% if vehiculo.motor or vehiculo.caja %}"
"E:\projecto\e_garage\templates_canonical\taller\vehiculos\vehiculo_detail.html","309","            {% if vehiculo.motor %}"
"E:\projecto\e_garage\templates_canonical\taller\vehiculos\vehiculo_detail.html","316","                <span class=""field-value highlight"">{{ vehiculo.motor.nombre|default:""No especificado"" }}</span>"
"E:\projecto\e_garage\templates_canonical\taller\vehiculos\vehiculo_detail.html","320","            {% if vehiculo.caja %}"
"E:\projecto\e_garage\templates_canonical\taller\vehiculos\vehiculo_detail.html","327","                <span class=""field-value highlight"">{{ vehiculo.caja.nombre|default:""No especificado"" }}</span>"
"E:\projecto\e_garage\templates_canonical\taller\vehiculos\vehiculo_detail.html","349","        {% if vehiculo.cliente %}"
"E:\projecto\e_garage\templates_canonical\taller\vehiculos\vehiculo_detail.html","358","              <span class=""field-value highlight"">{{ vehiculo.cliente.nombre|default:"""" }} {{ vehiculo.cliente.apellido|default:"""" }}</span>"
"E:\projecto\e_garage\templates_canonical\taller\vehiculos\vehiculo_detail.html","363","          {% if vehiculo.cliente.email %}"
"E:\projecto\e_garage\templates_canonical\taller\vehiculos\vehiculo_detail.html","370","              <span class=""field-value"">{{ vehiculo.cliente.email }}</span>"
"E:\projecto\e_garage\templates_canonical\taller\vehiculos\vehiculo_detail.html","376","          {% if vehiculo.cliente.telefono %}"
"E:\projecto\e_garage\templates_canonical\taller\vehiculos\vehiculo_detail.html","383","              <span class=""field-value"">{{ vehiculo.cliente.telefono }}</span>"
"E:\projecto\e_garage\templates_canonical\taller\vehiculos\vehiculo_detail.html","389","          {% if vehiculo.cliente.direccion %}"
"E:\projecto\e_garage\templates_canonical\taller\vehiculos\vehiculo_detail.html","396","              <span class=""field-value"">{{ vehiculo.cliente.direccion }}</span>"
"E:\projecto\e_garage\templates_canonical\taller\vehiculos\vehiculo_detail.html","414","    {% if vehiculo.observaciones or vehiculo.fecha_creacion %}"
"E:\projecto\e_garage\templates_canonical\taller\vehiculos\vehiculo_detail.html","431","            {% if vehiculo.observaciones %}"
"E:\projecto\e_garage\templates_canonical\taller\vehiculos\vehiculo_detail.html","435","                <p class=""text-gray-300 text-sm"">{{ vehiculo.observaciones }}</p>"
"E:\projecto\e_garage\templates_canonical\taller\vehiculos\vehiculo_detail.html","441","            {% if vehiculo.fecha_creacion %}"
"E:\projecto\e_garage\templates_canonical\taller\vehiculos\vehiculo_detail.html","448","                <p class=""text-cyan-300"">{{ vehiculo.fecha_creacion|date:""d/m/Y H:i"" }}</p>"
"E:\projecto\e_garage\templates_canonical\taller\vehiculos\vehiculo_detail.html","460","      <a href=""{% country_url 'vehiculos:editar_vehiculo' vehiculo.pk %}"""
"E:\projecto\e_garage\templates_canonical\taller\vehiculos\vehiculo_detail.html","469","      <button data-vehiculo-id=""{{ vehiculo.pk }}"""
"E:\projecto\e_garage\templates_canonical\taller\vehiculos\vehiculo_detail.html","470","              data-vehiculo-nombre=""{{ vehiculo.patente|default:vehiculo.vin|default:'Vehículo' }}"""
"E:\projecto\e_garage\templates_canonical\taller\vehiculos\vehiculo_detail.html","471","              class=""relative group eliminar-vehiculo-btn"">"
"E:\projecto\e_garage\templates_canonical\taller\vehiculos\vehiculo_detail.html","479","      <a href=""{% country_url 'vehiculos:lista_vehiculos' %}"""
"E:\projecto\e_garage\templates_canonical\taller\vehiculos\vehiculo_detail.html","503","            {% trans ""¿Estás seguro de que quieres eliminar el vehículo"" %} <span id=""vehiculoNombre"" class=""text-red-300 font-semibold""></span>?"
"E:\projecto\e_garage\templates_canonical\taller\vehiculos\vehiculo_detail.html","645","    let vehiculoIdAEliminar = null;"
"E:\projecto\e_garage\templates_canonical\taller\vehiculos\vehiculo_detail.html","649","        vehiculoIdAEliminar = id;"
"E:\projecto\e_garage\templates_canonical\taller\vehiculos\vehiculo_detail.html","650","        document.getElementById('vehiculoNombre').textContent = nombre;"
"E:\projecto\e_garage\templates_canonical\taller\vehiculos\vehiculo_detail.html","662","        vehiculoIdAEliminar = null;"
"E:\projecto\e_garage\templates_canonical\taller\vehiculos\vehiculo_detail.html","666","    window.eliminarVehiculo = function() {"
"E:\projecto\e_garage\templates_canonical\taller\vehiculos\vehiculo_detail.html","667","        if (!vehiculoIdAEliminar) return;"
"E:\projecto\e_garage\templates_canonical\taller\vehiculos\vehiculo_detail.html","677","        form.action = `/taller/vehiculos/${vehiculoIdAEliminar}/eliminar/`;"
"E:\projecto\e_garage\templates_canonical\taller\vehiculos\vehiculo_detail.html","695","    document.getElementById('btnConfirmarEliminar').addEventListener('click', eliminarVehiculo);"
"E:\projecto\e_garage\templates_canonical\taller\vehiculos\vehiculo_detail.html","712","    document.querySelectorAll('.eliminar-vehiculo-btn').forEach(button => {"
"E:\projecto\e_garage\templates_canonical\taller\vehiculos\vehiculo_detail.html","714","            const vehiculoId = this.getAttribute('data-vehiculo-id');"
"E:\projecto\e_garage\templates_canonical\taller\vehiculos\vehiculo_detail.html","715","            const vehiculoNombre = this.getAttribute('data-vehiculo-nombre');"
"E:\projecto\e_garage\templates_canonical\taller\vehiculos\vehiculo_detail.html","716","            confirmarEliminacion(vehiculoId, vehiculoNombre);"
"E:\projecto\e_garage\templates_canonical\taller\vehiculos\vehiculo_form.html","73","            <p class=""text-gray-400 text-xs mt-0.5"">{% trans ""Modificar registro vehicular"" %}</p>"
"E:\projecto\e_garage\templates_canonical\taller\vehiculos\vehiculo_form.html","77","        <a href=""{% if request.path|slice:':4' == '/us/' %}/us/vehiculos/{% else %}/cl/vehiculos/{% endif %}"""
"E:\projecto\e_garage\templates_canonical\taller\vehiculos\vehiculo_form.html","305","        <a href=""{% if request.path|slice:':4' == '/us/' %}/us/vehiculos/{% else %}/cl/vehiculos/{% endif %}"""
"E:\projecto\e_garage\templates_canonical\taller\vehiculos\vehiculo_form.html","325","      <span>{% trans ""Formulario de edición vehicular"" %}</span>"
"E:\projecto\e_garage\templates_canonical\taller\vehiculos\vehiculo_form.html","495","    marcas: '/taller/vehiculos/api/marcas/',"
"E:\projecto\e_garage\templates_canonical\taller\vehiculos\vehiculo_form.html","496","    modelos: '/taller/vehiculos/api/modelos/',"
"E:\projecto\e_garage\templates_canonical\taller\vehiculos\vehiculo_form.html","497","    motores: '/taller/vehiculos/api/motores/',"
"E:\projecto\e_garage\templates_canonical\taller\vehiculos\vehiculo_form.html","498","    cajas: '/taller/vehiculos/api/cajas/',"
"E:\projecto\e_garage\templates_canonical\taller\vehiculos\vehiculo_form.html","499","    colores: '/taller/vehiculos/api/colores/'"
"E:\projecto\e_garage\templates_canonical\taller\vehiculos\vehiculo_list_ai.html","6","<!-- 🟣 MARCADOR MORADO: TEMPLATE VEHICULOS VEHICULO_LIST_AI.HTML -->"
"E:\projecto\e_garage\templates_canonical\taller\vehiculos\vehiculo_list_ai.html","7","<div style=""position: fixed; top: 10px; right: 10px; z-index: 99999; background: purple; color: white; padding: 10px; border-radius: 5px; font-weight: bold;"">🟣 VEHICULOS AI</div>"
"E:\projecto\e_garage\templates_canonical\taller\vehiculos\vehiculo_list_ai.html","51","          <p class=""text-slate-400 text-sm"">{% trans ""Sistema de gestión vehicular profesional"" %}</p>"
"E:\projecto\e_garage\templates_canonical\taller\vehiculos\vehiculo_list_ai.html","82","  <a href=""{% if request.path|slice:"":4"" == ""/us/"" %}/us/vehiculos/crear/{% else %}/cl/vehiculos/crear/{% endif %}"" class=""inline-flex items-center space-x-2 px-6 py-3 bg-gradient-to-r from-indigo-700/90 to-slate-700/90 hover:from-indigo-600/90 hover:to-slate-600/90 text-white font-semibold rounded-lg transition-all shadow-lg border border-indigo-500/40"">"
"E:\projecto\e_garage\templates_canonical\taller\vehiculos\vehiculo_list_ai.html","90","  {% for vehiculo in vehiculos %}"
"E:\projecto\e_garage\templates_canonical\taller\vehiculos\vehiculo_list_ai.html","99","          <p class=""text-indigo-300 font-mono font-bold text-sm"">{{ vehiculo.patente|default:vehiculo.vin|default:""-""|truncatechars:8 }}</p>"
"E:\projecto\e_garage\templates_canonical\taller\vehiculos\vehiculo_list_ai.html","100","          <p class=""text-slate-500 text-xs"">ID: #{{ vehiculo.pk }}</p>"
"E:\projecto\e_garage\templates_canonical\taller\vehiculos\vehiculo_list_ai.html","112","          {% if vehiculo.cliente.nombre or vehiculo.cliente.apellido %}"
"E:\projecto\e_garage\templates_canonical\taller\vehiculos\vehiculo_list_ai.html","113","            {{ vehiculo.cliente.nombre|default:"""" }} {{ vehiculo.cliente.apellido|default:"""" }}"
"E:\projecto\e_garage\templates_canonical\taller\vehiculos\vehiculo_list_ai.html","124","          <p class=""text-slate-300 font-semibold text-xs truncate"">{{ vehiculo.marca.nombre|default:""-"" }}</p>"
"E:\projecto\e_garage\templates_canonical\taller\vehiculos\vehiculo_list_ai.html","128","          <p class=""text-slate-300 font-semibold text-xs truncate"">{{ vehiculo.modelo.nombre|default:""-"" }}</p>"
"E:\projecto\e_garage\templates_canonical\taller\vehiculos\vehiculo_list_ai.html","135","      <a href=""{% if request.path|slice:"":4"" == ""/us/"" %}/us/vehiculos/{{ vehiculo.pk }}/{% else %}/cl/vehiculos/{{ vehiculo.pk }}/{% endif %}"""
"E:\projecto\e_garage\templates_canonical\taller\vehiculos\vehiculo_list_ai.html","142","      <a href=""{% if request.path|slice:"":4"" == ""/us/"" %}/us/vehiculos/{{ vehiculo.pk }}/editar/{% else %}/cl/vehiculos/{{ vehiculo.pk }}/editar/{% endif %}"""
"E:\projecto\e_garage\templates_canonical\_deprecated\documento_form.html","524","                        {{ form.vehiculo }}"
"E:\projecto\e_garage\templates_canonical\_deprecated\eliminar_confirmar.html","115","        <a class=""btn-futuristic btn-secondary"" href=""{% url 'vehiculos:ver_vehiculo' object.id %}"">"
"E:\projecto\e_garage\templates_canonical\_trash_vehiculos_20250106\vehiculo_list.html","6","<!-- 🔴 MARCADOR ROJO OSCURO: TEMPLATE TALLER VEHICULO_LIST.HTML -->"
"E:\projecto\e_garage\templates_canonical\_trash_vehiculos_20250106\vehiculo_list.html","27","          Flota Vehicular"
"E:\projecto\e_garage\templates_canonical\_trash_vehiculos_20250106\vehiculo_list.html","49","      <a href=""{% country_url 'vehiculos:crear_vehiculo' %}"""
"E:\projecto\e_garage\templates_canonical\_trash_vehiculos_20250106\vehiculo_list.html","100","            {% for vehiculo in object_list %}"
"E:\projecto\e_garage\templates_canonical\_trash_vehiculos_20250106\vehiculo_list.html","110","                    <div class=""text-lg font-bold text-white"">{{ vehiculo.patente|default:""-"" }}</div>"
"E:\projecto\e_garage\templates_canonical\_trash_vehiculos_20250106\vehiculo_list.html","111","                    <div class=""text-sm text-cyan-300"">{{ vehiculo.anio|default:""-"" }}</div>"
"E:\projecto\e_garage\templates_canonical\_trash_vehiculos_20250106\vehiculo_list.html","117","                  <div class=""text-lg font-semibold text-white"">{{ vehiculo.marca.nombre|default:""-"" }} {{ vehiculo.modelo.nombre|default:""-"" }}</div>"
"E:\projecto\e_garage\templates_canonical\_trash_vehiculos_20250106\vehiculo_list.html","118","                  <div class=""text-sm text-gray-400"">{{ vehiculo.color.nombre|default:""-"" }}</div>"
"E:\projecto\e_garage\templates_canonical\_trash_vehiculos_20250106\vehiculo_list.html","119","                  {% if vehiculo.vin %}"
"E:\projecto\e_garage\templates_canonical\_trash_vehiculos_20250106\vehiculo_list.html","120","                  <div class=""text-xs text-cyan-400 font-mono mt-1"">{{ vehiculo.vin|truncatechars:15 }}</div>"
"E:\projecto\e_garage\templates_canonical\_trash_vehiculos_20250106\vehiculo_list.html","125","                {% if vehiculo.cliente %}"
"E:\projecto\e_garage\templates_canonical\_trash_vehiculos_20250106\vehiculo_list.html","133","                    <div class=""text-white font-semibold"">{{ vehiculo.cliente.nombre }} {{ vehiculo.cliente.apellido }}</div>"
"E:\projecto\e_garage\templates_canonical\_trash_vehiculos_20250106\vehiculo_list.html","134","                    <div class=""text-sm text-cyan-300"">{{ vehiculo.cliente.email|default:"""" }}</div>"
"E:\projecto\e_garage\templates_canonical\_trash_vehiculos_20250106\vehiculo_list.html","143","                  <a href=""{% url 'taller:vehiculos:ver_vehiculo' vehiculo.pk %}"""
"E:\projecto\e_garage\templates_canonical\_trash_vehiculos_20250106\vehiculo_list.html","151","                  <a href=""{% url 'taller:vehiculos:editar_vehiculo' vehiculo.pk %}"""
"E:\projecto\e_garage\templates_canonical\_trash_vehiculos_20250106\vehiculo_list.html","236","      <a href=""{% country_url 'vehiculos:crear_vehiculo' %}"""
"E:\projecto\e_garage\templates_canonical\_trash_vehiculos_20250106\vehiculo_list_ai.html","65","<!-- 🔴 MARCADOR ROJO: TEMPLATE COMÚN VEHICULO_LIST_AI.HTML -->"
"E:\projecto\e_garage\templates_canonical\_trash_vehiculos_20250106\vehiculo_list_ai.html","118","    {% for vehiculo in vehiculos %}"
"E:\projecto\e_garage\templates_canonical\_trash_vehiculos_20250106\vehiculo_list_ai.html","131","              <p class=""text-blue-400 font-mono font-bold text-lg"">{{ vehiculo.patente|default:vehiculo.vin|default:""-""|truncatechars:10 }}</p>"
"E:\projecto\e_garage\templates_canonical\_trash_vehiculos_20250106\vehiculo_list_ai.html","140","            <p class=""text-white font-semibold"">{{ vehiculo.cliente.nombre|default:""-"" }}</p>"
"E:\projecto\e_garage\templates_canonical\_trash_vehiculos_20250106\vehiculo_list_ai.html","141","            <p class=""text-slate-400 text-sm"">{{ vehiculo.cliente.apellido|default:"""" }}</p>"
"E:\projecto\e_garage\templates_canonical\_trash_vehiculos_20250106\vehiculo_list_ai.html","149","            <p class=""text-white font-bold text-lg"">{{ vehiculo.marca.nombre|default:""-"" }}</p>"
"E:\projecto\e_garage\templates_canonical\_trash_vehiculos_20250106\vehiculo_list_ai.html","157","            <p class=""text-white font-semibold"">{{ vehiculo.modelo.nombre|default:""-"" }}</p>"
"E:\projecto\e_garage\templates_canonical\_trash_vehiculos_20250106\vehiculo_list_ai.html","171","              <p class=""text-white font-bold"">{{ vehiculo.anio|default:""-"" }}</p>"
"E:\projecto\e_garage\templates_canonical\_trash_vehiculos_20250106\vehiculo_list_ai.html","178","          <a href=""{% url 'taller:vehiculos:ver_vehiculo' vehiculo.pk %}"""
"E:\projecto\e_garage\templates_canonical\_trash_vehiculos_20250106\vehiculo_list_ai.html","186","          <a href=""{% url 'taller:vehiculos:editar_vehiculo' vehiculo.pk %}"""
"E:\projecto\e_garage\templates_canonical\_trash_vehiculos_20250106\vehiculo_list_ai.html","200","            <span class=""font-mono"">ID: #{{ vehiculo.pk }}</span>"
"E:\projecto\e_garage\templates_canonical\_trash_vehiculos_20250106\vehiculo_list_ai.html","202","            <span>{% trans ""Last updated"" %}: {{ vehiculo.fecha_creacion|date:""d/m/Y"" }}</span>"
"E:\projecto\e_garage\templates_canonical\_trash_vehiculos_20250106\vehiculo_list_ai.html","284","    <a href=""{% country_url 'vehiculos:crear_vehiculo' %}"""
