"Path","LineNumber","Line"
"E:\projecto\e_garage\templates\account\email.html","41","      <a href=""/vehiculos/"" class=""btn-futuristic-nav""><span>Mis vehículos</span><span class=""glow""></span></a>"
"E:\projecto\e_garage\templates\analytics\dashboard_ai.html","420","                <div class=""metric-value"">{{ analytics.operations.vehiculos_activos }}</div>"
"E:\projecto\e_garage\templates\cl\en\dashboard\centro_operaciones_espacial.html","229","                <a href=""/cl/taller/vehiculos/crear/"" class=""bg-blue-600 hover:bg-blue-700 text-white rounded-lg p-4 text-center transition-colors"">"
"E:\projecto\e_garage\templates\cl\es\dashboard\centro_operaciones_espacial.html","232","                <a href=""/cl/taller/vehiculos/crear/"" class=""bg-blue-600 hover:bg-blue-700 text-white rounded-lg p-4 text-center transition-colors"">"
"E:\projecto\e_garage\templates\cl\es\documentos\editar_documento.html","437","          {{ form.vehiculo|add_class:""form-input"" }}"
"E:\projecto\e_garage\templates\cl\es\documentos\editar_documento.html","655","  $('#id_vehiculo').select2({"
"E:\projecto\e_garage\templates\cl\es\documentos\editar_documento.html","661","      url: '/documentos/autocomplete/vehiculo/',"
"E:\projecto\e_garage\templates\cl\es\documentos\editar_documento.html","677","          results: data.results.map(vehiculo => ({"
"E:\projecto\e_garage\templates\cl\es\documentos\editar_documento.html","678","            id: vehiculo.id,"
"E:\projecto\e_garage\templates\cl\es\documentos\editar_documento.html","679","            text: `${vehiculo.patente} - ${vehiculo.marca} ${vehiculo.modelo}`,"
"E:\projecto\e_garage\templates\cl\es\documentos\editar_documento.html","680","            patente: vehiculo.patente,"
"E:\projecto\e_garage\templates\cl\es\documentos\editar_documento.html","681","            marca: vehiculo.marca,"
"E:\projecto\e_garage\templates\cl\es\documentos\editar_documento.html","682","            modelo: vehiculo.modelo"
"E:\projecto\e_garage\templates\cl\es\documentos\editar_documento.html","711","    $('#id_vehiculo').prop('disabled', false);"
"E:\projecto\e_garage\templates\cl\es\documentos\editar_documento.html","712","    $('#id_vehiculo').val(null).trigger('change');"
"E:\projecto\e_garage\templates\cl\es\documentos\editar_documento.html","713","    $('#id_vehiculo').select2('destroy').select2({"
"E:\projecto\e_garage\templates\cl\es\documentos\editar_documento.html","718","        url: '/documentos/autocomplete/vehiculo/',"
"E:\projecto\e_garage\templates\cl\es\documentos\editar_documento.html","731","            results: data.results.map(vehiculo => ({"
"E:\projecto\e_garage\templates\cl\es\documentos\editar_documento.html","732","              id: vehiculo.id,"
"E:\projecto\e_garage\templates\cl\es\documentos\editar_documento.html","733","              text: `${vehiculo.patente} - ${vehiculo.marca} ${vehiculo.modelo}`,"
"E:\projecto\e_garage\templates\cl\es\documentos\editar_documento.html","734","              patente: vehiculo.patente,"
"E:\projecto\e_garage\templates\cl\es\documentos\editar_documento.html","735","              marca: vehiculo.marca,"
"E:\projecto\e_garage\templates\cl\es\documentos\editar_documento.html","736","              modelo: vehiculo.modelo"
"E:\projecto\e_garage\templates\cl\es\documentos\editar_documento.html","749","    $('#id_vehiculo').val(null).trigger('change');"
"E:\projecto\e_garage\templates\cl\es\documentos\editar_documento.html","750","    $('#id_vehiculo').prop('disabled', true).select2({"
"E:\projecto\e_garage\templates\cl\es\documentos\editar_documento.html","774","    $('#id_vehiculo').prop('disabled', false);"
"E:\projecto\e_garage\templates\cl\es\documentos\editar_documento.html","775","    $('#id_vehiculo').select2('destroy').select2({"
"E:\projecto\e_garage\templates\cl\es\documentos\editar_documento.html","780","        url: '/documentos/autocomplete/vehiculo/',"
"E:\projecto\e_garage\templates\cl\es\documentos\editar_documento.html","793","            results: data.results.map(vehiculo => ({"
"E:\projecto\e_garage\templates\cl\es\documentos\editar_documento.html","794","              id: vehiculo.id,"
"E:\projecto\e_garage\templates\cl\es\documentos\editar_documento.html","795","              text: `${vehiculo.patente} - ${vehiculo.marca} ${vehiculo.modelo}`,"
"E:\projecto\e_garage\templates\cl\es\documentos\editar_documento.html","796","              patente: vehiculo.patente,"
"E:\projecto\e_garage\templates\cl\es\documentos\editar_documento.html","797","              marca: vehiculo.marca,"
"E:\projecto\e_garage\templates\cl\es\documentos\editar_documento.html","798","              modelo: vehiculo.modelo"
"E:\projecto\e_garage\templates\common\base.html","182","        <a href=""/us/vehiculos/"" class=""text-cyan-300 hover:text-lime-300 transition flex items-center gap-2"">"
"E:\projecto\e_garage\templates\common\base.html","195","        <a href=""/cl/vehiculos/"" class=""text-cyan-300 hover:text-lime-300 transition flex items-center gap-2"">"
"E:\projecto\e_garage\templates\documentos\documento_form.html","524","                        {{ form.vehiculo }}"
"E:\projecto\e_garage\templates\ia\demo_vehiculo.html","4","{% block title %}🚗 Demo IA Vehicular{% endblock %}"
"E:\projecto\e_garage\templates\ia\demo_vehiculo.html","74","    .vehiculo-info {"
"E:\projecto\e_garage\templates\ia\demo_vehiculo.html","83","    .vehiculo-specs {"
"E:\projecto\e_garage\templates\ia\demo_vehiculo.html","304","        .vehiculo-specs {"
"E:\projecto\e_garage\templates\ia\demo_vehiculo.html","321","        <h1 class=""demo-title"">🚗 DEMO IA VEHICULAR</h1>"
"E:\projecto\e_garage\templates\ia\demo_vehiculo.html","331","    <div class=""vehiculo-info"">"
"E:\projecto\e_garage\templates\ia\demo_vehiculo.html","335","        <div class=""vehiculo-specs"">"
"E:\projecto\e_garage\templates\ia\demo_vehiculo.html","338","                <div class=""spec-value"">{{ demo_data.vehiculo_ejemplo.marca }}</div>"
"E:\projecto\e_garage\templates\ia\demo_vehiculo.html","342","                <div class=""spec-value"">{{ demo_data.vehiculo_ejemplo.modelo }}</div>"
"E:\projecto\e_garage\templates\ia\demo_vehiculo.html","346","                <div class=""spec-value"">{{ demo_data.vehiculo_ejemplo.kilometraje }}</div>"
"E:\projecto\e_garage\templates\ia\demo_vehiculo.html","356","            Basado en 50,000+ patrones de mantenimiento vehicular"
"E:\projecto\e_garage\templates\ia\demo_vehiculo.html","485","    gtag('event', 'demo_ia_vehicular_vista', {"
"E:\projecto\e_garage\templates\ia\demo_vehiculo.html","490","            'vehiculo': '{{ demo_data.vehiculo_ejemplo.marca }} {{ demo_data.vehiculo_ejemplo.modelo }}'"
"E:\projecto\e_garage\templates\ia\sugerencias_basicas.html","116","    .vehiculo-selector {"
"E:\projecto\e_garage\templates\ia\sugerencias_basicas.html","341","        .vehiculo-selector {"
"E:\projecto\e_garage\templates\ia\sugerencias_basicas.html","362","        <div class=""vehiculo-selector"">"
"E:\projecto\e_garage\templates\ia\sugerencias_basicas.html","486","const sugerenciasPorMarca = {{ sugerencias_por_vehiculo|safe }};"
"E:\projecto\e_garage\templates\onboarding\paso_cliente.html","322","                <a href=""{% country_url 'ia:demo_vehiculo' %}"""
"E:\projecto\e_garage\templates\taller\cl\es\vehiculos\crear_vehiculo.html","63","  TMPL vehiculos/crear.html v{{ 9999|add:""1"" }} • {{ request.path }}"
"E:\projecto\e_garage\templates\taller\cl\es\vehiculos\crear_vehiculo.html","89","            <p class=""text-gray-400 text-xs mt-0.5"">{% trans ""Registro vehicular"" %}</p>"
"E:\projecto\e_garage\templates\taller\cl\es\vehiculos\crear_vehiculo.html","93","        <a href=""{% country_url 'taller:vehiculos:lista_vehiculos' %}"""
"E:\projecto\e_garage\templates\taller\cl\es\vehiculos\crear_vehiculo.html","225","        <a href=""{% country_url 'taller:vehiculos:lista_vehiculos' %}"" "
"E:\projecto\e_garage\templates\taller\cl\es\vehiculos\crear_vehiculo.html","241","     console.log(""eGarage: vehiculos/crear ready"");"
"E:\projecto\e_garage\templates\taller\cl\es\vehiculos\crear_vehiculo.html","316","                 const base = countryPrefix() + ""vehiculos/"";"
"E:\projecto\e_garage\templates\taller\cl\es\vehiculos\crear_vehiculo.html","359","                         fetch(countryPrefix() + ""vehiculos/api/colores/?q="" + encodeURIComponent(q),"
"E:\projecto\e_garage\templates\taller\cl\es\vehiculos\crear_vehiculo.html","393","                 fetch(countryPrefix() + ""vehiculos/api/colores/crear/"", {"
"E:\projecto\e_garage\templates\taller\cl\es\vehiculos\crear_vehiculo.html","438","         ? ""{% url 'taller:vehiculos:crear_motor' %}?modelo="" + encodeURIComponent(modeloId)"
"E:\projecto\e_garage\templates\taller\cl\es\vehiculos\crear_vehiculo.html","439","         : ""{% url 'taller:vehiculos:crear_caja' %}?modelo="" + encodeURIComponent(modeloId);"
"E:\projecto\e_garage\templates\taller\common\vehiculos\vehiculo_list.html","301","<!-- 🔵 MARCADOR AZUL: TEMPLATE COMÚN VEHICULO_LIST.HTML -->"
"E:\projecto\e_garage\templates\taller\common\vehiculos\vehiculo_list.html","334","  {% include ""taller/common/vehiculos/_ai_badges.html"" %}"
"E:\projecto\e_garage\templates\taller\common\vehiculos\vehiculo_list.html","335","  {% include ""taller/common/vehiculos/_filters_toolbar.html"" %}"
"E:\projecto\e_garage\templates\taller\common\vehiculos\vehiculo_list.html","336","  {% include ""taller/common/vehiculos/_table.html"" %}"
"E:\projecto\e_garage\templates\taller\common\vehiculos\vehiculo_list.html","337","  {% include ""taller/common/vehiculos/_empty_state.html"" %}"
"E:\projecto\e_garage\templates\taller\common\vehiculos\vehiculo_list.html","338","  {% include ""taller/common/vehiculos/_pagination.html"" %}"
"E:\projecto\e_garage\templates\taller\common\vehiculos\vehiculo_list.html","339","  {% include ""taller/common/vehiculos/_add_button.html"" %}"
"E:\projecto\e_garage\templates\taller\common\vehiculos\vehiculo_list.html","340","  {% include ""taller/common/vehiculos/_footer.html"" %}"
"E:\projecto\e_garage\templates\taller\dashboard\centro_operaciones.html","414","            <a href=""/cl/vehiculos/"" class=""nav-card"">"
"E:\projecto\e_garage\templates\taller\dashboard\centro_operaciones_espacial.html","671","            <a href=""{% if request.path|slice:"":4"" == ""/us/"" %}/us/vehiculos/{% else %}/cl/vehiculos/{% endif %}"" class=""command-panel modern-panel"">"
"E:\projecto\e_garage\templates\taller\dashboard\centro_operaciones_espacial.html","678","                <div class=""modern-description"">Sistema vehicular smart</div>"
"E:\projecto\e_garage\templates\taller\dashboard\dashboard.html","20","  <a href=""{% if request.path|slice:"":4"" == ""/us/"" %}/us/vehiculos/{% else %}/cl/vehiculos/{% endif %}"" class=""card"">"
"E:\projecto\e_garage\templates\taller\documentos\documento_form.html","64","          <select id=""vehiculo"" name=""vehiculo"" class=""futurista-input w-full"">"
"E:\projecto\e_garage\templates\taller\documentos\documento_pdf.html","25","  <strong>Vehículo:</strong> {{ documento.vehiculo }}<br>"
"E:\projecto\e_garage\templates\taller\documentos\editar_documento.html","437","          {{ form.vehiculo|add_class:""form-input"" }}"
"E:\projecto\e_garage\templates\taller\documentos\editar_documento.html","695","  $('#id_vehiculo').select2({"
"E:\projecto\e_garage\templates\taller\documentos\editar_documento.html","701","      url: '/documentos/autocomplete/vehiculo/',"
"E:\projecto\e_garage\templates\taller\documentos\editar_documento.html","717","          results: data.results.map(vehiculo => ({"
"E:\projecto\e_garage\templates\taller\documentos\editar_documento.html","718","            id: vehiculo.id,"
"E:\projecto\e_garage\templates\taller\documentos\editar_documento.html","719","            text: `${vehiculo.patente} - ${vehiculo.marca} ${vehiculo.modelo}`,"
"E:\projecto\e_garage\templates\taller\documentos\editar_documento.html","720","            patente: vehiculo.patente,"
"E:\projecto\e_garage\templates\taller\documentos\editar_documento.html","721","            marca: vehiculo.marca,"
"E:\projecto\e_garage\templates\taller\documentos\editar_documento.html","722","            modelo: vehiculo.modelo"
"E:\projecto\e_garage\templates\taller\documentos\editar_documento.html","751","    $('#id_vehiculo').prop('disabled', false);"
"E:\projecto\e_garage\templates\taller\documentos\editar_documento.html","752","    $('#id_vehiculo').val(null).trigger('change');"
"E:\projecto\e_garage\templates\taller\documentos\editar_documento.html","753","    $('#id_vehiculo').select2('destroy').select2({"
"E:\projecto\e_garage\templates\taller\documentos\editar_documento.html","758","        url: '/documentos/autocomplete/vehiculo/',"
"E:\projecto\e_garage\templates\taller\documentos\editar_documento.html","771","            results: data.results.map(vehiculo => ({"
"E:\projecto\e_garage\templates\taller\documentos\editar_documento.html","772","              id: vehiculo.id,"
"E:\projecto\e_garage\templates\taller\documentos\editar_documento.html","773","              text: `${vehiculo.patente} - ${vehiculo.marca} ${vehiculo.modelo}`,"
"E:\projecto\e_garage\templates\taller\documentos\editar_documento.html","774","              patente: vehiculo.patente,"
"E:\projecto\e_garage\templates\taller\documentos\editar_documento.html","775","              marca: vehiculo.marca,"
"E:\projecto\e_garage\templates\taller\documentos\editar_documento.html","776","              modelo: vehiculo.modelo"
"E:\projecto\e_garage\templates\taller\documentos\editar_documento.html","789","    $('#id_vehiculo').val(null).trigger('change');"
"E:\projecto\e_garage\templates\taller\documentos\editar_documento.html","790","    $('#id_vehiculo').prop('disabled', true).select2({"
"E:\projecto\e_garage\templates\taller\documentos\editar_documento.html","814","    $('#id_vehiculo').prop('disabled', false);"
"E:\projecto\e_garage\templates\taller\documentos\editar_documento.html","815","    $('#id_vehiculo').select2('destroy').select2({"
"E:\projecto\e_garage\templates\taller\documentos\editar_documento.html","820","        url: '/documentos/autocomplete/vehiculo/',"
"E:\projecto\e_garage\templates\taller\documentos\editar_documento.html","833","            results: data.results.map(vehiculo => ({"
"E:\projecto\e_garage\templates\taller\documentos\editar_documento.html","834","              id: vehiculo.id,"
"E:\projecto\e_garage\templates\taller\documentos\editar_documento.html","835","              text: `${vehiculo.patente} - ${vehiculo.marca} ${vehiculo.modelo}`,"
"E:\projecto\e_garage\templates\taller\documentos\editar_documento.html","836","              patente: vehiculo.patente,"
"E:\projecto\e_garage\templates\taller\documentos\editar_documento.html","837","              marca: vehiculo.marca,"
"E:\projecto\e_garage\templates\taller\documentos\editar_documento.html","838","              modelo: vehiculo.modelo"
"E:\projecto\e_garage\templates\taller\documentos\formulario_documento.html","216","        <label for=""id_vehiculo"">Vehículo</label>"
"E:\projecto\e_garage\templates\taller\documentos\formulario_documento.html","217","        {{ form.vehiculo }}"
"E:\projecto\e_garage\templates\taller\documentos\formulario_documento.html","339","  const $vehiculo = $('#id_vehiculo');"
"E:\projecto\e_garage\templates\taller\documentos\formulario_documento.html","340","  const $vehiculoWrapper = $('#vehiculo-wrapper');"
"E:\projecto\e_garage\templates\taller\documentos\formulario_documento.html","341","  const $vehiculoAlerta = $('#vehiculo-alerta');"
"E:\projecto\e_garage\templates\taller\documentos\formulario_documento.html","386","  function initVehiculoSelect2(clienteId) {"
"E:\projecto\e_garage\templates\taller\documentos\formulario_documento.html","387","    $vehiculo.select2({"
"E:\projecto\e_garage\templates\taller\documentos\formulario_documento.html","389","        url: '/autocomplete/vehiculo/',"
"E:\projecto\e_garage\templates\taller\documentos\formulario_documento.html","411","  initVehiculoSelect2($cliente.val());"
"E:\projecto\e_garage\templates\taller\documentos\formulario_documento.html","416","    $vehiculo.val(null).trigger('change');"
"E:\projecto\e_garage\templates\taller\documentos\formulario_documento.html","417","    $vehiculo.select2('destroy');"
"E:\projecto\e_garage\templates\taller\documentos\formulario_documento.html","418","    initVehiculoSelect2(clienteId);"
"E:\projecto\e_garage\templates\taller\documentos\formulario_documento.html","420","      $vehiculoWrapper.removeClass('hidden');"
"E:\projecto\e_garage\templates\taller\documentos\formulario_documento.html","422","      $vehiculoWrapper.addClass('hidden');"
"E:\projecto\e_garage\templates\taller\documentos\formulario_documento.html","426","  $vehiculo.on('select2:opening', function (e) {"
"E:\projecto\e_garage\templates\taller\documentos\formulario_documento.html","430","      $vehiculoAlerta.removeClass('hidden');"
"E:\projecto\e_garage\templates\taller\documentos\formulario_documento.html","432","        $vehiculoAlerta.addClass('hidden');"
"E:\projecto\e_garage\templates\taller\documentos\lista_documentos.html","11","        radial-gradient(circle at 40% 40%, rgba(120, 200, 255, 0.2) 0%, transparent 5          <th class=""sortable-header"" data-sort=""vehiculo"" onclick=""sortTable('vehiculo')"">"
"E:\projecto\e_garage\templates\taller\documentos\lista_documentos.html","13","            <span class=""sort-indicator"" id=""sort-vehiculo"">⚡</span>"
"E:\projecto\e_garage\templates\taller\documentos\lista_documentos.html","469","          <th class=""sortable-header"" data-sort=""vehiculo"" onclick=""sortTable('vehiculo')"">"
"E:\projecto\e_garage\templates\taller\documentos\lista_documentos.html","471","            <span class=""sort-indicator"" id=""sort-vehiculo"">⚡</span>"
"E:\projecto\e_garage\templates\taller\documentos\lista_documentos.html","516","            data-vehiculo=""{{ doc.vehiculo }}"">"
"E:\projecto\e_garage\templates\taller\documentos\lista_documentos.html","527","          <td class=""table-cell"">{{ doc.vehiculo|default:""N/A"" }}</td>"
"E:\projecto\e_garage\templates\taller\documentos\lista_documentos.html","673","        case 'vehiculo':"
"E:\projecto\e_garage\templates\taller\documentos\lista_documentos.html","674","          valueA = (a.dataset.vehiculo || '').toLowerCase();"
"E:\projecto\e_garage\templates\taller\documentos\lista_documentos.html","675","          valueB = (b.dataset.vehiculo || '').toLowerCase();"
"E:\projecto\e_garage\templates\taller\documentos\lista_documentos.html","772","          sortTable('vehiculo');"
"E:\projecto\e_garage\templates\taller\documentos\ver_documento.html","165","    <div><span class=""futurista-label"">Vehículo:</span> {{ documento.vehiculo }}</div>"
"E:\projecto\e_garage\templates\taller\documentos\ver_documento.html","166","    <div><span class=""futurista-label"">{{ country|mileage_label:request.LANGUAGE_CODE }}:</span> {{ documento.vehiculo.millas|default:""No especificado"" }}{% if country == 'US' %} miles{% else %} km{% endif %}</div>"
"E:\projecto\e_garage\templates\taller\documentos\ver_documento_nuevo.html","247","        {% if documento.vehiculo %}"
"E:\projecto\e_garage\templates\taller\documentos\ver_documento_nuevo.html","248","          {{ documento.vehiculo.patente }} - {{ documento.vehiculo.marca.nombre }} {{ documento.vehiculo.modelo.nombre }}"
"E:\projecto\e_garage\templates\taller\documentos\_form_common.html","54","      <label class=""form-label"" for=""{{ form.vehiculo.id_for_label }}"">Vehículo</label>"
"E:\projecto\e_garage\templates\taller\documentos\_form_common.html","55","      {{ form.vehiculo|add_class:""form-input"" }}"
"E:\projecto\e_garage\templates\taller\documentos\_form_common.html","56","      {% if form.vehiculo.errors %}"
"E:\projecto\e_garage\templates\taller\documentos\_form_common.html","57","        <div class=""error-message"">{{ form.vehiculo.errors }}</div>"
"E:\projecto\e_garage\templates\taller\documentos\_form_country_cl.html","7","  {# Kilometraje: usa el mismo campo extra del form (kilometraje) que persiste en vehiculo.millas #}"
"E:\projecto\e_garage\templates\taller\layout\sidebar.html","7","  <a href=""{% if request.path|slice:"":4"" == ""/us/"" %}/us/vehiculos/{% else %}/cl/vehiculos/{% endif %}"" title=""Vehículos"">"
"E:\projecto\e_garage\templates\taller\pdf\documento.html","21","  <p><strong>Vehículo:</strong> {{ documento.vehiculo }}</p>"
"E:\projecto\e_garage\templates\taller\reportes\dashboard_inteligencia.html","545","        <div class=""kpi-value"">{{ vehiculos_por_semana }}</div>"
"E:\projecto\e_garage\templates\taller\reportes\dashboard_inteligencia.html","1090","      ['Vehículos/Semana', '{{ vehiculos_por_semana }}'],"
"E:\projecto\e_garage\templates\taller\reportes\dashboard_inteligencia_operativa.html","340","        <div class=""kpi-value"">{{ vehiculos_por_semana }}</div>"
"E:\projecto\e_garage\templates\taller\reportes\demo_reportes_por_fecha.html","425","                            <td style=""padding: 12px; color: var(--glow-cyan);"">{{ doc.vehiculo.patente|default:""Sin patente"" }}</td>"
"E:\projecto\e_garage\templates\taller\reportes\reportes.html","116","        <div class=""categoria-card"" data-categoria=""vehiculos"">"
"E:\projecto\e_garage\templates\taller\reportes\reportes.html","120","            <span class=""categoria-badge"" id=""badgeVehiculos"">-</span>"
"E:\projecto\e_garage\templates\taller\reportes\reportes.html","125","                <span class=""stat-number"" id=""totalVehiculos"">-</span>"
"E:\projecto\e_garage\templates\taller\reportes\reportes.html","137","            <canvas id=""chartVehiculos"" class=""mini-chart""></canvas>"
"E:\projecto\e_garage\templates\taller\reportes\reportes.html","140","            <button class=""btn-detalle"" data-tipo=""vehiculos"">Ver Detalles</button>"
"E:\projecto\e_garage\templates\taller\reportes\reportes.html","141","            <button class=""btn-exportar"" data-tipo=""vehiculos"">📊 Exportar</button>"
"E:\projecto\e_garage\templates\taller\reportes\reportes.html","328","      <a href=""servicios/?enfoque=vehiculos"" class=""reporte-card"">"
"E:\projecto\e_garage\templates\taller\reportes\reportes.html","1093","    cargarVehiculos(fechaDesde, fechaHasta);"
"E:\projecto\e_garage\templates\taller\reportes\reportes.html","1131","function cargarVehiculos(fechaDesde, fechaHasta) {"
"E:\projecto\e_garage\templates\taller\reportes\reportes.html","1133","    document.getElementById('badgeVehiculos').textContent = '28';"
"E:\projecto\e_garage\templates\taller\reportes\reportes.html","1134","    document.getElementById('totalVehiculos').textContent = '28';"
"E:\projecto\e_garage\templates\taller\reportes\reportes.html","1138","    crearMiniGrafico('chartVehiculos', ["
"E:\projecto\e_garage\templates\taller\reportes\reportes.html","1324","        'vehiculos': 'servicios/?enfoque=vehiculos',"
"E:\projecto\e_garage\templates\taller\reportes\reportes_mecanicos.html","524","    .servicio-vehiculo {"
"E:\projecto\e_garage\templates\taller\reportes\reportes_mecanicos.html","530","    .vehiculo-patente {"
"E:\projecto\e_garage\templates\taller\reportes\reportes_mecanicos.html","1046","    .vehiculo-model {"
"E:\projecto\e_garage\templates\taller\reportes\reportes_mecanicos.html","1052","    .vehiculo-plate {"
"E:\projecto\e_garage\templates\taller\reportes\reportes_mecanicos.html","1580","                        <div class=""data-cell vehiculo-info"">"
"E:\projecto\e_garage\templates\taller\reportes\reportes_mecanicos.html","1581","                            <div class=""vehiculo-model"">{{ servicio.documento.vehiculo.marca }} {{ servicio.documento.vehiculo.modelo|truncatechars:15 }}</div>"
"E:\projecto\e_garage\templates\taller\reportes\reportes_mecanicos.html","1582","                            <div class=""vehiculo-plate"">{{ servicio.documento.vehiculo.patente }}</div>"
"E:\projecto\e_garage\templates\taller\reportes\reporte_servicios.html","348","        <button class=""enfoque-btn"" data-enfoque=""vehiculos"">🚗 Vehículos Atendidos</button>"
"E:\projecto\e_garage\templates\taller\reportes\reporte_servicios.html","422","                    <td>{{ t.vehiculo }}</td>"
"E:\projecto\e_garage\templates\taller\reportes\reporte_servicios.html","610","    <button class=""enfoque-btn"" data-enfoque=""vehiculos"">🚗 Vehículos atendidos</button>"
"E:\projecto\e_garage\templates\taller\reportes\reporte_servicios.html","629","          <td>{{ t.vehiculo }}</td>"
"E:\projecto\e_garage\templates\taller\reportes\reporte_servicios.html","688","  <div id=""panel-vehiculos"" class=""enfoque-panel"" style=""display:none;"">"
"E:\projecto\e_garage\templates\taller\us\en\documentos\crear_documento.html","255","        <select id=""id_vehiculo"" name=""vehiculo"" class=""form-select w-full"">"
"E:\projecto\e_garage\templates\taller\us\en\documentos\crear_documento.html","465","const urlVeh            = ""/cl/ajax/vehiculos-por-cliente/"";"
"E:\projecto\e_garage\templates\taller\us\en\documentos\crear_documento.html","601","async function cargarVehiculosPorCliente(clienteId) {"
"E:\projecto\e_garage\templates\taller\us\en\documentos\crear_documento.html","602","  const selVeh = document.getElementById('id_vehiculo');"
"E:\projecto\e_garage\templates\taller\us\en\documentos\crear_documento.html","785","  await cargarVehiculosPorCliente(clienteId);"
"E:\projecto\e_garage\templates\taller\us\en\documentos\crear_documento.html","883","        cargarVehiculosPorCliente(clienteId);"
"E:\projecto\e_garage\templates\taller\us\en\documentos\crear_documento.html","885","        const selVeh = document.getElementById('id_vehiculo');"
"E:\projecto\e_garage\templates\taller\us\en\documentos\crear_documento.html","900","  await cargarVehiculosPorCliente(selCliente.value);"
"E:\projecto\e_garage\templates\taller\us\en\documentos\crear_documento_moderno.html","174","                        <select name=""vehiculo"" class=""form-control"">"
"E:\projecto\e_garage\templates\taller\us\en\documentos\crear_documento_moderno.html","300","  const vehiculoSelect = document.querySelector('select[name=""vehiculo""]');"
"E:\projecto\e_garage\templates\taller\us\en\documentos\crear_documento_moderno.html","301","  function cargarVehiculos(clienteId) {"
"E:\projecto\e_garage\templates\taller\us\en\documentos\crear_documento_moderno.html","302","    if (!vehiculoSelect) return;"
"E:\projecto\e_garage\templates\taller\us\en\documentos\crear_documento_moderno.html","304","      vehiculoSelect.innerHTML = '<option value="""">-- Seleccionar Vehículo --</option>';"
"E:\projecto\e_garage\templates\taller\us\en\documentos\crear_documento_moderno.html","307","    vehiculoSelect.innerHTML = '<option value="""">-- Cargando vehículos... --</option>';"
"E:\projecto\e_garage\templates\taller\us\en\documentos\crear_documento_moderno.html","308","    fetch(`{% country_url 'ajax-vehiculos-por-cliente' %}?cliente=${encodeURIComponent(clienteId)}`, {"
"E:\projecto\e_garage\templates\taller\us\en\documentos\crear_documento_moderno.html","315","      vehiculoSelect.innerHTML = opts.join('');"
"E:\projecto\e_garage\templates\taller\us\en\documentos\crear_documento_moderno.html","318","      vehiculoSelect.innerHTML = '<option value="""">-- Error al cargar vehículos --</option>';"
"E:\projecto\e_garage\templates\taller\us\en\documentos\crear_documento_moderno.html","324","    cargarVehiculos(id);"
"E:\projecto\e_garage\templates\taller\us\en\documentos\crear_documento_moderno.html","326","    cargarVehiculos('');"
"E:\projecto\e_garage\templates\taller\us\en\vehiculos\crear.html","32","        <a href=""{% url 'vehiculos_usa:lista_vehiculos' %}"""
"E:\projecto\e_garage\templates\taller\us\en\vehiculos\crear.html","227","        <a href=""{% url 'vehiculos_usa:lista_vehiculos' %}"""
"E:\projecto\e_garage\templates\taller\us\en\vehiculos\crear_vehiculo.html","35","            <p class=""text-gray-400 text-xs mt-0.5"">{% trans ""Registro vehicular"" %}</p>"
"E:\projecto\e_garage\templates\taller\us\en\vehiculos\crear_vehiculo.html","39","        <a href=""{% country_url 'vehiculos:lista_vehiculos' %}"""
"E:\projecto\e_garage\templates\taller\us\en\vehiculos\crear_vehiculo.html","234","        <a href=""{% country_url 'vehiculos:lista_vehiculos' %}"""
"E:\projecto\e_garage\templates\taller\us\en\vehiculos\crear_vehiculo.html","254","      <span>{% trans ""Formulario de registro vehicular"" %}</span>"
"E:\projecto\e_garage\templates\taller\us\en\vehiculos\detalle.html","33","          <a href=""{% url 'vehiculos_usa:editar_vehiculo' vehiculo.pk %}"""
"E:\projecto\e_garage\templates\taller\us\en\vehiculos\detalle.html","38","          <a href=""{% url 'vehiculos_usa:lista_vehiculos' %}"""
"E:\projecto\e_garage\templates\taller\us\en\vehiculos\detalle.html","71","                    {{ vehiculo.marca_texto|default:vehiculo.marca.nombre|default:""Unknown"" }}"
"E:\projecto\e_garage\templates\taller\us\en\vehiculos\detalle.html","77","                    {{ vehiculo.modelo_texto|default:vehiculo.modelo.nombre|default:""Unknown"" }}"
"E:\projecto\e_garage\templates\taller\us\en\vehiculos\detalle.html","82","                  <p class=""text-lg font-semibold text-emerald-300"">{{ vehiculo.anio|default:""N/A"" }}</p>"
"E:\projecto\e_garage\templates\taller\us\en\vehiculos\detalle.html","87","                {% if vehiculo.patente %}"
"E:\projecto\e_garage\templates\taller\us\en\vehiculos\detalle.html","90","                  <p class=""text-lg font-semibold text-emerald-300"">{{ vehiculo.patente }}</p>"
"E:\projecto\e_garage\templates\taller\us\en\vehiculos\detalle.html","93","                {% if vehiculo.vin %}"
"E:\projecto\e_garage\templates\taller\us\en\vehiculos\detalle.html","96","                  <p class=""text-sm font-mono text-emerald-300"">{{ vehiculo.vin }}</p>"
"E:\projecto\e_garage\templates\taller\us\en\vehiculos\detalle.html","99","                {% if vehiculo.color %}"
"E:\projecto\e_garage\templates\taller\us\en\vehiculos\detalle.html","102","                  <p class=""text-lg font-semibold text-emerald-300"">{{ vehiculo.color }}</p>"
"E:\projecto\e_garage\templates\taller\us\en\vehiculos\detalle.html","123","                {% if vehiculo.motor_texto or vehiculo.motor %}"
"E:\projecto\e_garage\templates\taller\us\en\vehiculos\detalle.html","127","                    {{ vehiculo.motor_texto|default:vehiculo.motor.nombre|default:""N/A"" }}"
"E:\projecto\e_garage\templates\taller\us\en\vehiculos\detalle.html","131","                {% if vehiculo.caja_texto or vehiculo.caja %}"
"E:\projecto\e_garage\templates\taller\us\en\vehiculos\detalle.html","135","                    {{ vehiculo.caja_texto|default:vehiculo.caja.nombre|default:""N/A"" }}"
"E:\projecto\e_garage\templates\taller\us\en\vehiculos\detalle.html","144","                  <p class=""text-lg font-semibold text-blue-300"">{{ vehiculo.fecha_creacion|date:""M d, Y"" }}</p>"
"E:\projecto\e_garage\templates\taller\us\en\vehiculos\detalle.html","148","                  <p class=""text-lg font-semibold text-blue-300"">{{ vehiculo.fecha_modificacion|date:""M d, Y"" }}</p>"
"E:\projecto\e_garage\templates\taller\us\en\vehiculos\detalle.html","156","        {% if vehiculo.observaciones %}"
"E:\projecto\e_garage\templates\taller\us\en\vehiculos\detalle.html","168","              <p class=""text-orange-200 leading-relaxed"">{{ vehiculo.observaciones|linebreaks }}</p>"
"E:\projecto\e_garage\templates\taller\us\en\vehiculos\detalle.html","193","                  {{ vehiculo.cliente.nombre|default:""No Client"" }}"
"E:\projecto\e_garage\templates\taller\us\en\vehiculos\detalle.html","196","              {% if vehiculo.cliente.email %}"
"E:\projecto\e_garage\templates\taller\us\en\vehiculos\detalle.html","199","                <p class=""text-sm text-cyan-300"">{{ vehiculo.cliente.email }}</p>"
"E:\projecto\e_garage\templates\taller\us\en\vehiculos\detalle.html","202","              {% if vehiculo.cliente.telefono %}"
"E:\projecto\e_garage\templates\taller\us\en\vehiculos\detalle.html","205","                <p class=""text-sm text-cyan-300"">{{ vehiculo.cliente.telefono }}</p>"
"E:\projecto\e_garage\templates\taller\us\en\vehiculos\detalle.html","224","              <a href=""{% url 'vehiculos_usa:editar_vehiculo' vehiculo.pk %}"""
"E:\projecto\e_garage\templates\taller\us\en\vehiculos\detalle.html","230","              <a href=""{% url 'vehiculos_usa:lista_vehiculos' %}"""
"E:\projecto\e_garage\templates\taller\us\en\vehiculos\editar.html","32","        <a href=""{% url 'vehiculos_usa:lista_vehiculos' %}"""
"E:\projecto\e_garage\templates\taller\us\en\vehiculos\editar.html","227","        <a href=""{% url 'vehiculos_usa:lista_vehiculos' %}"""
"E:\projecto\e_garage\templates\taller\us\en\vehiculos\vehiculo_list.html","33","        <a href=""/us/vehiculos/crear/"""
"E:\projecto\e_garage\templates\taller\us\en\vehiculos\vehiculo_list.html","44","    {% if vehiculos %}"
"E:\projecto\e_garage\templates\taller\us\en\vehiculos\vehiculo_list.html","46","        {% for vehiculo in vehiculos %}"
"E:\projecto\e_garage\templates\taller\us\en\vehiculos\vehiculo_list.html","57","                      {{ vehiculo.marca_texto|default:vehiculo.marca.nombre|default:""Unknown"" }} {{ vehiculo.modelo_texto|default:vehiculo.modelo.nombre|default:""Model"" }}"
"E:\projecto\e_garage\templates\taller\us\en\vehiculos\vehiculo_list.html","59","                    <p class=""text-gray-400 text-sm"">{{ vehiculo.anio|default:""N/A"" }}</p>"
"E:\projecto\e_garage\templates\taller\us\en\vehiculos\vehiculo_list.html","63","                  <a href=""/us/vehiculos/{{ vehiculo.pk }}/"""
"E:\projecto\e_garage\templates\taller\us\en\vehiculos\vehiculo_list.html","68","                  <a href=""/us/vehiculos/{{ vehiculo.pk }}/editar/"""
"E:\projecto\e_garage\templates\taller\us\en\vehiculos\vehiculo_list.html","79","                  <span class=""text-gray-300"">{{ vehiculo.cliente.nombre|default:""No Client"" }}</span>"
"E:\projecto\e_garage\templates\taller\us\en\vehiculos\vehiculo_list.html","81","                {% if vehiculo.patente %}"
"E:\projecto\e_garage\templates\taller\us\en\vehiculos\vehiculo_list.html","84","                    <span class=""text-gray-300"">{{ vehiculo.patente }}</span>"
"E:\projecto\e_garage\templates\taller\us\en\vehiculos\vehiculo_list.html","87","                {% if vehiculo.color %}"
"E:\projecto\e_garage\templates\taller\us\en\vehiculos\vehiculo_list.html","90","                    <span class=""text-gray-300"">{{ vehiculo.color }}</span>"
"E:\projecto\e_garage\templates\taller\us\en\vehiculos\vehiculo_list.html","93","                {% if vehiculo.vin %}"
"E:\projecto\e_garage\templates\taller\us\en\vehiculos\vehiculo_list.html","96","                    <span class=""text-gray-300 font-mono text-xs"">{{ vehiculo.vin|truncatechars:17 }}</span>"
"E:\projecto\e_garage\templates\taller\us\en\vehiculos\vehiculo_list.html","111","        <a href=""/us/vehiculos/crear/"""
"E:\projecto\e_garage\templates\taller\us\en\vehiculos\vehiculo_list_simple.html","10","        <a href=""/us/vehiculos/crear/"" class=""btn btn-primary"">"
"E:\projecto\e_garage\templates\taller\us\en\vehiculos\vehiculo_list_simple.html","15","      {% if vehiculos %}"
"E:\projecto\e_garage\templates\taller\us\en\vehiculos\vehiculo_list_simple.html","17","          {% for vehiculo in vehiculos %}"
"E:\projecto\e_garage\templates\taller\us\en\vehiculos\vehiculo_list_simple.html","21","                <h5 class=""card-title"">{{ vehiculo.marca.nombre }} {{ vehiculo.modelo.nombre }}</h5>"
"E:\projecto\e_garage\templates\taller\us\en\vehiculos\vehiculo_list_simple.html","23","                  <strong>{% trans ""License Plate"" %}:</strong> {{ vehiculo.patente }}<br>"
"E:\projecto\e_garage\templates\taller\us\en\vehiculos\vehiculo_list_simple.html","24","                  <strong>{% trans ""VIN"" %}:</strong> {{ vehiculo.vin }}<br>"
"E:\projecto\e_garage\templates\taller\us\en\vehiculos\vehiculo_list_simple.html","25","                  <strong>{% trans ""Year"" %}:</strong> {{ vehiculo.anio }}<br>"
"E:\projecto\e_garage\templates\taller\us\en\vehiculos\vehiculo_list_simple.html","26","                  <strong>{% trans ""Client"" %}:</strong> {{ vehiculo.cliente.nombre }}"
"E:\projecto\e_garage\templates\taller\us\en\vehiculos\vehiculo_list_simple.html","29","                  <a href=""/us/vehiculos/{{ vehiculo.pk }}/"" class=""btn btn-sm btn-outline-primary"">"
"E:\projecto\e_garage\templates\taller\us\en\vehiculos\vehiculo_list_simple.html","32","                  <a href=""/us/vehiculos/{{ vehiculo.pk }}/editar/"" class=""btn btn-sm btn-outline-secondary"">"
"E:\projecto\e_garage\templates\taller\us\en\vehiculos\vehiculo_list_simple.html","46","          <a href=""/us/vehiculos/crear/"" class=""btn btn-primary"">"
"E:\projecto\e_garage\templates\taller\us\es\documentos\crear_documento.html","255","        <select id=""id_vehiculo"" name=""vehiculo"" class=""form-select w-full"">"
"E:\projecto\e_garage\templates\taller\us\es\documentos\crear_documento.html","465","const urlVeh            = ""/cl/ajax/vehiculos-por-cliente/"";"
"E:\projecto\e_garage\templates\taller\us\es\documentos\crear_documento.html","601","async function cargarVehiculosPorCliente(clienteId) {"
"E:\projecto\e_garage\templates\taller\us\es\documentos\crear_documento.html","602","  const selVeh = document.getElementById('id_vehiculo');"
"E:\projecto\e_garage\templates\taller\us\es\documentos\crear_documento.html","785","  await cargarVehiculosPorCliente(clienteId);"
"E:\projecto\e_garage\templates\taller\us\es\documentos\crear_documento.html","883","        cargarVehiculosPorCliente(clienteId);"
"E:\projecto\e_garage\templates\taller\us\es\documentos\crear_documento.html","885","        const selVeh = document.getElementById('id_vehiculo');"
"E:\projecto\e_garage\templates\taller\us\es\documentos\crear_documento.html","900","  await cargarVehiculosPorCliente(selCliente.value);"
"E:\projecto\e_garage\templates\taller\us\es\documentos\crear_documento_moderno.html","174","                        <select name=""vehiculo"" class=""form-control"">"
"E:\projecto\e_garage\templates\taller\us\es\documentos\crear_documento_moderno.html","300","  const vehiculoSelect = document.querySelector('select[name=""vehiculo""]');"
"E:\projecto\e_garage\templates\taller\us\es\documentos\crear_documento_moderno.html","301","  function cargarVehiculos(clienteId) {"
"E:\projecto\e_garage\templates\taller\us\es\documentos\crear_documento_moderno.html","302","    if (!vehiculoSelect) return;"
"E:\projecto\e_garage\templates\taller\us\es\documentos\crear_documento_moderno.html","304","      vehiculoSelect.innerHTML = '<option value="""">-- Seleccionar Vehículo --</option>';"
"E:\projecto\e_garage\templates\taller\us\es\documentos\crear_documento_moderno.html","307","    vehiculoSelect.innerHTML = '<option value="""">-- Cargando vehículos... --</option>';"
"E:\projecto\e_garage\templates\taller\us\es\documentos\crear_documento_moderno.html","308","    fetch(`{% country_url 'ajax-vehiculos-por-cliente' %}?cliente=${encodeURIComponent(clienteId)}`, {"
"E:\projecto\e_garage\templates\taller\us\es\documentos\crear_documento_moderno.html","315","      vehiculoSelect.innerHTML = opts.join('');"
"E:\projecto\e_garage\templates\taller\us\es\documentos\crear_documento_moderno.html","318","      vehiculoSelect.innerHTML = '<option value="""">-- Error al cargar vehículos --</option>';"
"E:\projecto\e_garage\templates\taller\us\es\documentos\crear_documento_moderno.html","324","    cargarVehiculos(id);"
"E:\projecto\e_garage\templates\taller\us\es\documentos\crear_documento_moderno.html","326","    cargarVehiculos('');"
"E:\projecto\e_garage\templates\taller\us\es\vehiculos\crear_vehiculo.html","36","            <p class=""text-gray-400 text-xs mt-0.5"">{% trans ""Registro vehicular"" %}</p>"
"E:\projecto\e_garage\templates\taller\us\es\vehiculos\crear_vehiculo.html","40","        <a href=""{% url 'chile:taller:vehiculos:lista_vehiculos' %}"""
"E:\projecto\e_garage\templates\taller\us\es\vehiculos\crear_vehiculo.html","364","            <a href=""{% url 'chile:taller:vehiculos:lista_vehiculos' %}"""
"E:\projecto\e_garage\templates\taller\us\es\vehiculos\crear_vehiculo.html","386","      <span>{% trans ""Formulario de registro vehicular"" %}</span>"
"E:\projecto\e_garage\templates\taller\us\es\vehiculos\crear_vehiculo.html","669","                fetch(`/cl/es/vehiculos/autocomplete/modelo/?marca=${marcaId}&q=`, {"
"E:\projecto\e_garage\templates\taller\us\es\vehiculos\crear_vehiculo.html","729","                    fetch(`/cl/es/vehiculos/autocomplete/motor/?modelo=${modeloId}&q=`)"
"E:\projecto\e_garage\templates\taller\us\es\vehiculos\crear_vehiculo.html","749","                    fetch(`/cl/es/vehiculos/autocomplete/caja/?modelo=${modeloId}&q=`)"
"E:\projecto\e_garage\templates\taller\us\es\vehiculos\crear_vehiculo.html","813","                fetch('/cl/es/vehiculos/crear-motor/', {"
"E:\projecto\e_garage\templates\taller\us\es\vehiculos\crear_vehiculo.html","885","                fetch('/cl/es/vehiculos/crear-caja/', {"
"E:\projecto\e_garage\templates\taller\us\es\vehiculos\crear_vehiculo.html","953","                fetch('/cl/es/vehiculos/crear-color/', {"
"E:\projecto\e_garage\templates\taller\us\es\vehiculos\crear_vehiculo.html","1020","                fetch('/cl/es/vehiculos/crear-marca/', {"
"E:\projecto\e_garage\templates\taller\us\es\vehiculos\crear_vehiculo.html","1093","                fetch('/cl/es/vehiculos/crear-modelo/', {"
"E:\projecto\e_garage\templates\taller\vehiculos\detalle.html","22","      <li><strong>Cliente:</strong> {{ vehiculo.cliente.nombre }} {{ vehiculo.cliente.apellido }}</li>"
"E:\projecto\e_garage\templates\taller\vehiculos\detalle.html","23","      <li><strong>Marca:</strong> {{ vehiculo.modelo.marca.nombre }}</li>"
"E:\projecto\e_garage\templates\taller\vehiculos\detalle.html","24","      <li><strong>Modelo:</strong> {{ vehiculo.modelo.nombre }}</li>"
"E:\projecto\e_garage\templates\taller\vehiculos\detalle.html","25","      <li><strong>Año:</strong> {{ vehiculo.anio }}</li>"
"E:\projecto\e_garage\templates\taller\vehiculos\detalle.html","26","      <li><strong>Patente:</strong> {{ vehiculo.patente }}</li>"
"E:\projecto\e_garage\templates\taller\vehiculos\detalle.html","27","      <li><strong>VIN:</strong> {{ vehiculo.vin }}</li>"
"E:\projecto\e_garage\templates\taller\vehiculos\detalle.html","30","  {% if request.path|slice:"":4"" == ""/us/"" %}/us/vehiculos/{% else %}/cl/vehiculos/{% endif %} as url_lista_vehiculos"
"E:\projecto\e_garage\templates\taller\vehiculos\detalle.html","31","  <a href=""{{ url_lista_vehiculos|default:'#' }}"" class=""bg-sky-600 text-white px-6 py-2 rounded hover:bg-sky-700"">⬅️ Volver</a>"
"E:\projecto\e_garage\templates\taller\vehiculos\editar.html","10","<div class=""campo-vehiculo"" data-campo=""cliente"">"
"E:\projecto\e_garage\templates\taller\vehiculos\editar.html","17","<div class=""campo-vehiculo"" data-campo=""anio"">"
"E:\projecto\e_garage\templates\taller\vehiculos\editar.html","24","<div class=""campo-vehiculo"" data-campo=""marca"">"
"E:\projecto\e_garage\templates\taller\vehiculos\editar.html","31","<div class=""campo-vehiculo"" data-campo=""modelo"">"
"E:\projecto\e_garage\templates\taller\vehiculos\editar.html","38","<div class=""campo-vehiculo"" data-campo=""patente"">"
"E:\projecto\e_garage\templates\taller\vehiculos\editar.html","45","<div class=""campo-vehiculo"" data-campo=""vin"">"
"E:\projecto\e_garage\templates\taller\vehiculos\editar.html","53","<div class=""campo-vehiculo"" data-campo=""color"">"
"E:\projecto\e_garage\templates\taller\vehiculos\editar.html","68","<script src=""{% static 'js/formulario_vehiculo.js' %}""></script>"
"E:\projecto\e_garage\templates\taller\vehiculos\editar_vehiculo.html","26","      <form id=""form-editar-vehiculo"""
"E:\projecto\e_garage\templates\taller\vehiculos\editar_vehiculo.html","28","            action=""{% if request.path|slice:"":4"" == ""/us/"" %}/us/vehiculos/{{ vehiculo.id }}/editar/{% else %}/cl/vehiculos/{{ vehiculo.id }}/editar/{% endif %}"""
"E:\projecto\e_garage\templates\taller\vehiculos\editar_vehiculo.html","177","          <a href=""{% if request.path|slice:"":4"" == ""/us/"" %}/us/vehiculos/{% else %}/cl/vehiculos/{% endif %}"""
"E:\projecto\e_garage\templates\taller\vehiculos\editar_vehiculo.html","209","  const f = document.getElementById('form-editar-vehiculo');"
"E:\projecto\e_garage\templates\taller\vehiculos\eliminar_confirmar.html","115","        {% if request.path|slice:"":4"" == ""/us/"" %}/us/vehiculos/{{ object.id }}/{% else %}/cl/vehiculos/{{ object.id }}/{% endif %} as url_ver_vehiculo"
"E:\projecto\e_garage\templates\taller\vehiculos\eliminar_confirmar.html","116","        <a class=""btn-futuristic btn-secondary"" href=""{{ url_ver_vehiculo|default:'#' }}"">"
"E:\projecto\e_garage\templates\taller\vehiculos\vehiculos.html","77","       href=""{% if request.path|slice:"":4"" == ""/us/"" %}/us/vehiculos/crear/{% else %}/cl/vehiculos/crear/{% endif %}"">+ Agregar Vehículo</a>"
"E:\projecto\e_garage\templates\taller\vehiculos\vehiculos.html","81","    <input class=""w-full rounded px-4 py-2 text-black"" id=""busqueda-vehiculo"" placeholder=""Buscar vehículo por patente, modelo, VIN o marca..."" type=""text""/>"
"E:\projecto\e_garage\templates\taller\vehiculos\vehiculos.html","96","      <tbody class=""translucent-card text-black"" id=""tabla-vehiculos"">"
"E:\projecto\e_garage\templates\taller\vehiculos\vehiculos.html","97","        {% for vehiculo in vehiculos %}"
"E:\projecto\e_garage\templates\taller\vehiculos\vehiculos.html","99","          <td class=""px-4 py-2"">{{ vehiculo.patente }}</td>"
"E:\projecto\e_garage\templates\taller\vehiculos\vehiculos.html","100","          <td class=""px-4 py-2"">{{ vehiculo.marca|sin_pais }}</td>"
"E:\projecto\e_garage\templates\taller\vehiculos\vehiculos.html","101","          <td class=""px-4 py-2"">{{ vehiculo.modelo }}</td>"
"E:\projecto\e_garage\templates\taller\vehiculos\vehiculos.html","102","          <td class=""px-4 py-2"">{{ vehiculo.anio }}</td>"
"E:\projecto\e_garage\templates\taller\vehiculos\vehiculos.html","103","          <td class=""px-4 py-2"">{{ vehiculo.cliente.nombre }} {{ vehiculo.cliente.apellido }}</td>"
"E:\projecto\e_garage\templates\taller\vehiculos\vehiculos.html","105","            {% if request.path|slice:"":4"" == ""/us/"" %}/us/vehiculos/{{ vehiculo.id }}/{% else %}/cl/vehiculos/{{ vehiculo.id }}/{% endif %} as url_ver_vehiculo"
"E:\projecto\e_garage\templates\taller\vehiculos\vehiculos.html","106","            {% if request.path|slice:"":4"" == ""/us/"" %}/us/vehiculos/{{ vehiculo.id }}/editar/{% else %}/cl/vehiculos/{{ vehiculo.id }}/editar/{% endif %} as url_editar_vehiculo"
"E:\projecto\e_garage\templates\taller\vehiculos\vehiculos.html","107","            {% if request.path|slice:"":4"" == ""/us/"" %}/us/vehiculos/{{ vehiculo.id }}/eliminar/{% else %}/cl/vehiculos/{{ vehiculo.id }}/eliminar/{% endif %} as url_eliminar_vehiculo"
"E:\projecto\e_garage\templates\taller\vehiculos\vehiculos.html","108","            <a class=""text-blue-600 hover:underline"" href=""{{ url_ver_vehiculo|default:'#' }}"" title=""Ver"">👁️</a>"
"E:\projecto\e_garage\templates\taller\vehiculos\vehiculos.html","109","            <a class=""text-yellow-600 hover:underline"" href=""{{ url_editar_vehiculo|default:'#' }}"" title=""Editar"">✏️</a>"
"E:\projecto\e_garage\templates\taller\vehiculos\vehiculos.html","110","            <a class=""text-red-600 hover:underline"" href=""{{ url_eliminar_vehiculo|default:'#' }}"" title=""Eliminar"">🗑️</a>"
"E:\projecto\e_garage\templates\taller\vehiculos\vehiculos.html","123","    const input = document.getElementById('busqueda-vehiculo');"
"E:\projecto\e_garage\templates\taller\vehiculos\vehiculos.html","124","    const filas = document.querySelectorAll('#tabla-vehiculos tr');"
"E:\projecto\e_garage\templates\taller\vehiculos\vehiculos_fixed.html","74","       href=""{% if request.path|slice:"":4"" == ""/us/"" %}/us/vehiculos/crear/{% else %}/cl/vehiculos/crear/{% endif %}"">+ Agregar Vehículo</a>"
"E:\projecto\e_garage\templates\taller\vehiculos\vehiculos_fixed.html","78","    <input class=""w-full rounded px-4 py-2 text-black"" id=""busqueda-vehiculo"" placeholder=""Buscar vehículo por patente, modelo, VIN o marca..."" type=""text""/>"
"E:\projecto\e_garage\templates\taller\vehiculos\vehiculos_fixed.html","93","      <tbody class=""translucent-card text-black"" id=""tabla-vehiculos"">"
"E:\projecto\e_garage\templates\taller\vehiculos\vehiculos_fixed.html","94","        {% for vehiculo in vehiculos %}"
"E:\projecto\e_garage\templates\taller\vehiculos\vehiculos_fixed.html","96","          <td class=""px-4 py-2"">{{ vehiculo.patente }}</td>"
"E:\projecto\e_garage\templates\taller\vehiculos\vehiculos_fixed.html","97","          <td class=""px-4 py-2"">{{ vehiculo.marca|sin_pais }}</td>"
"E:\projecto\e_garage\templates\taller\vehiculos\vehiculos_fixed.html","98","          <td class=""px-4 py-2"">{{ vehiculo.modelo }}</td>"
"E:\projecto\e_garage\templates\taller\vehiculos\vehiculos_fixed.html","99","          <td class=""px-4 py-2"">{{ vehiculo.anio }}</td>"
"E:\projecto\e_garage\templates\taller\vehiculos\vehiculos_fixed.html","100","          <td class=""px-4 py-2"">{{ vehiculo.cliente.nombre }} {{ vehiculo.cliente.apellido }}</td>"
"E:\projecto\e_garage\templates\taller\vehiculos\vehiculos_fixed.html","102","            {% if request.path|slice:"":4"" == ""/us/"" %}/us/vehiculos/{{ vehiculo.id }}/{% else %}/cl/vehiculos/{{ vehiculo.id }}/{% endif %} as url_ver_vehiculo"
"E:\projecto\e_garage\templates\taller\vehiculos\vehiculos_fixed.html","103","            {% if request.path|slice:"":4"" == ""/us/"" %}/us/vehiculos/{{ vehiculo.id }}/editar/{% else %}/cl/vehiculos/{{ vehiculo.id }}/editar/{% endif %} as url_editar_vehiculo"
"E:\projecto\e_garage\templates\taller\vehiculos\vehiculos_fixed.html","104","            {% if request.path|slice:"":4"" == ""/us/"" %}/us/vehiculos/{{ vehiculo.id }}/eliminar/{% else %}/cl/vehiculos/{{ vehiculo.id }}/eliminar/{% endif %} as url_eliminar_vehiculo"
"E:\projecto\e_garage\templates\taller\vehiculos\vehiculos_fixed.html","105","            <a class=""text-blue-600 hover:underline"" href=""{{ url_ver_vehiculo|default:'#' }}"" title=""Ver"">👁️</a>"
"E:\projecto\e_garage\templates\taller\vehiculos\vehiculos_fixed.html","106","            <a class=""text-yellow-600 hover:underline"" href=""{{ url_editar_vehiculo|default:'#' }}"" title=""Editar"">✏️</a>"
"E:\projecto\e_garage\templates\taller\vehiculos\vehiculos_fixed.html","107","            <a class=""text-red-600 hover:underline"" href=""{{ url_eliminar_vehiculo|default:'#' }}"" title=""Eliminar"">🗑️</a>"
"E:\projecto\e_garage\templates\taller\vehiculos\vehiculos_fixed.html","120","    const input = document.getElementById('busqueda-vehiculo');"
"E:\projecto\e_garage\templates\taller\vehiculos\vehiculos_fixed.html","121","    const filas = document.querySelectorAll('#tabla-vehiculos tr');"
"E:\projecto\e_garage\templates\taller\vehiculos\vehiculo_detail.html","28","        Sistema de Gestión Vehicular • ID: {{ object.id }}"
"E:\projecto\e_garage\templates\taller\vehiculos\vehiculo_detail.html","117","      <a href=""{% if request.path|slice:"":4"" == ""/us/"" %}/us/vehiculos/{% else %}/cl/vehiculos/{% endif %}"""
"E:\projecto\e_garage\templates\taller\vehiculos\vehiculo_detail.html","125","      <a href=""{% if request.path|slice:"":4"" == ""/us/"" %}/us/vehiculos/{{ object.id }}/editar/{% else %}/cl/vehiculos/{{ object.id }}/editar/{% endif %}"""
"E:\projecto\e_garage\templates\taller\vehiculos\vehiculo_detail.html","157","        <form method=""post"" action=""{% if request.path|slice:"":4"" == ""/us/"" %}/us/vehiculos/{{ object.id }}/eliminar/{% else %}/cl/vehiculos/{{ object.id }}/eliminar/{% endif %}"">"
"E:\projecto\e_garage\templates\taller\vehiculos\vehiculo_form.html","119","    <a href=""{% if request.path|slice:"":4"" == ""/us/"" %}/us/vehiculos/{% else %}/cl/vehiculos/{% endif %}"""
"E:\projecto\e_garage\templates\taller\vehiculos\vehiculo_form.html","184","        {% if request.path|slice:"":4"" == ""/us/"" %}/us/vehiculos/{{ object.id }}/{% else %}/cl/vehiculos/{{ object.id }}/{% endif %} as url_ver_vehiculo"
"E:\projecto\e_garage\templates\taller\vehiculos\vehiculo_form.html","185","        <a href=""{{ url_ver_vehiculo|default:'#' }}"""
"E:\projecto\e_garage\templates\taller\vehiculos\_tabla_vehiculos.html","14","      {% for v in vehiculos %}"
"E:\projecto\e_garage\templates\taller\vehiculos\_tabla_vehiculos.html","21","          {% if request.path|slice:"":4"" == ""/us/"" %}/us/vehiculos/{{ v.id }}/{% else %}/cl/vehiculos/{{ v.id }}/{% endif %} as url_detalle_vehiculo"
"E:\projecto\e_garage\templates\taller\vehiculos\_tabla_vehiculos.html","22","          {% if request.path|slice:"":4"" == ""/us/"" %}/us/vehiculos/{{ v.id }}/editar/{% else %}/cl/vehiculos/{{ v.id }}/editar/{% endif %} as url_editar_vehiculo"
"E:\projecto\e_garage\templates\taller\vehiculos\_tabla_vehiculos.html","23","          {% if request.path|slice:"":4"" == ""/us/"" %}/us/vehiculos/{{ v.id }}/eliminar/{% else %}/cl/vehiculos/{{ v.id }}/eliminar/{% endif %} as url_eliminar_vehiculo"
"E:\projecto\e_garage\templates\taller\vehiculos\_tabla_vehiculos.html","24","          <a href=""{{ url_detalle_vehiculo|default:'#' }}"" class=""text-blue-600 hover:underline"" title=""Ver"">👁️</a>"
"E:\projecto\e_garage\templates\taller\vehiculos\_tabla_vehiculos.html","25","          <a href=""{{ url_editar_vehiculo|default:'#' }}"" class=""text-orange-600 hover:underline"" title=""Editar"">✏️</a>"
"E:\projecto\e_garage\templates\taller\vehiculos\_tabla_vehiculos.html","26","          <a href=""{{ url_eliminar_vehiculo|default:'#' }}"" class=""text-red-600 hover:underline ml-2"" title=""Eliminar"">🗑️</a>"
"E:\projecto\e_garage\templates\taller\dashboard.html","37","      <a href=""/cl/vehiculos/"" class=""cta-btn-premium"">Vehículos</a>"
"E:\projecto\e_garage\templates\taller\dashboard.html","59","            {% for vehiculo in vehiculos %}"
"E:\projecto\e_garage\templates\taller\dashboard.html","61","              <td class=""px-4 py-2"">{{ vehiculo.patente }}</td>"
"E:\projecto\e_garage\templates\taller\dashboard.html","62","              <td class=""px-4 py-2"">{{ vehiculo.marca }}</td>"
"E:\projecto\e_garage\templates\taller\dashboard.html","63","              <td class=""px-4 py-2"">{{ vehiculo.modelo }}</td>"
"E:\projecto\e_garage\templates\taller\dashboard.html","64","              <td class=""px-4 py-2"">{{ vehiculo.cliente }}</td>"
"E:\projecto\e_garage\templates\taller\dashboard.html","65","              <td class=""px-4 py-2"">{{ vehiculo.anio }}</td>"
"E:\projecto\e_garage\templates\us\en\documentos\editar_documento.html","437","          {{ form.vehiculo|add_class:""form-input"" }}"
"E:\projecto\e_garage\templates\us\en\documentos\editar_documento.html","655","  $('#id_vehiculo').select2({"
"E:\projecto\e_garage\templates\us\en\documentos\editar_documento.html","661","      url: '/documentos/autocomplete/vehiculo/',"
"E:\projecto\e_garage\templates\us\en\documentos\editar_documento.html","677","          results: data.results.map(vehiculo => ({"
"E:\projecto\e_garage\templates\us\en\documentos\editar_documento.html","678","            id: vehiculo.id,"
"E:\projecto\e_garage\templates\us\en\documentos\editar_documento.html","679","            text: `${vehiculo.patente} - ${vehiculo.marca} ${vehiculo.modelo}`,"
"E:\projecto\e_garage\templates\us\en\documentos\editar_documento.html","680","            patente: vehiculo.patente,"
"E:\projecto\e_garage\templates\us\en\documentos\editar_documento.html","681","            marca: vehiculo.marca,"
"E:\projecto\e_garage\templates\us\en\documentos\editar_documento.html","682","            modelo: vehiculo.modelo"
"E:\projecto\e_garage\templates\us\en\documentos\editar_documento.html","711","    $('#id_vehiculo').prop('disabled', false);"
"E:\projecto\e_garage\templates\us\en\documentos\editar_documento.html","712","    $('#id_vehiculo').val(null).trigger('change');"
"E:\projecto\e_garage\templates\us\en\documentos\editar_documento.html","713","    $('#id_vehiculo').select2('destroy').select2({"
"E:\projecto\e_garage\templates\us\en\documentos\editar_documento.html","718","        url: '/documentos/autocomplete/vehiculo/',"
"E:\projecto\e_garage\templates\us\en\documentos\editar_documento.html","731","            results: data.results.map(vehiculo => ({"
"E:\projecto\e_garage\templates\us\en\documentos\editar_documento.html","732","              id: vehiculo.id,"
"E:\projecto\e_garage\templates\us\en\documentos\editar_documento.html","733","              text: `${vehiculo.patente} - ${vehiculo.marca} ${vehiculo.modelo}`,"
"E:\projecto\e_garage\templates\us\en\documentos\editar_documento.html","734","              patente: vehiculo.patente,"
"E:\projecto\e_garage\templates\us\en\documentos\editar_documento.html","735","              marca: vehiculo.marca,"
"E:\projecto\e_garage\templates\us\en\documentos\editar_documento.html","736","              modelo: vehiculo.modelo"
"E:\projecto\e_garage\templates\us\en\documentos\editar_documento.html","749","    $('#id_vehiculo').val(null).trigger('change');"
"E:\projecto\e_garage\templates\us\en\documentos\editar_documento.html","750","    $('#id_vehiculo').prop('disabled', true).select2({"
"E:\projecto\e_garage\templates\us\en\documentos\editar_documento.html","774","    $('#id_vehiculo').prop('disabled', false);"
"E:\projecto\e_garage\templates\us\en\documentos\editar_documento.html","775","    $('#id_vehiculo').select2('destroy').select2({"
"E:\projecto\e_garage\templates\us\en\documentos\editar_documento.html","780","        url: '/documentos/autocomplete/vehiculo/',"
"E:\projecto\e_garage\templates\us\en\documentos\editar_documento.html","793","            results: data.results.map(vehiculo => ({"
"E:\projecto\e_garage\templates\us\en\documentos\editar_documento.html","794","              id: vehiculo.id,"
"E:\projecto\e_garage\templates\us\en\documentos\editar_documento.html","795","              text: `${vehiculo.patente} - ${vehiculo.marca} ${vehiculo.modelo}`,"
"E:\projecto\e_garage\templates\us\en\documentos\editar_documento.html","796","              patente: vehiculo.patente,"
"E:\projecto\e_garage\templates\us\en\documentos\editar_documento.html","797","              marca: vehiculo.marca,"
"E:\projecto\e_garage\templates\us\en\documentos\editar_documento.html","798","              modelo: vehiculo.modelo"
"E:\projecto\e_garage\templates\us\es\documentos\editar_documento.html","437","          {{ form.vehiculo|add_class:""form-input"" }}"
"E:\projecto\e_garage\templates\us\es\documentos\editar_documento.html","655","  $('#id_vehiculo').select2({"
"E:\projecto\e_garage\templates\us\es\documentos\editar_documento.html","661","      url: '/documentos/autocomplete/vehiculo/',"
"E:\projecto\e_garage\templates\us\es\documentos\editar_documento.html","677","          results: data.results.map(vehiculo => ({"
"E:\projecto\e_garage\templates\us\es\documentos\editar_documento.html","678","            id: vehiculo.id,"
"E:\projecto\e_garage\templates\us\es\documentos\editar_documento.html","679","            text: `${vehiculo.patente} - ${vehiculo.marca} ${vehiculo.modelo}`,"
"E:\projecto\e_garage\templates\us\es\documentos\editar_documento.html","680","            patente: vehiculo.patente,"
"E:\projecto\e_garage\templates\us\es\documentos\editar_documento.html","681","            marca: vehiculo.marca,"
"E:\projecto\e_garage\templates\us\es\documentos\editar_documento.html","682","            modelo: vehiculo.modelo"
"E:\projecto\e_garage\templates\us\es\documentos\editar_documento.html","711","    $('#id_vehiculo').prop('disabled', false);"
"E:\projecto\e_garage\templates\us\es\documentos\editar_documento.html","712","    $('#id_vehiculo').val(null).trigger('change');"
"E:\projecto\e_garage\templates\us\es\documentos\editar_documento.html","713","    $('#id_vehiculo').select2('destroy').select2({"
"E:\projecto\e_garage\templates\us\es\documentos\editar_documento.html","718","        url: '/documentos/autocomplete/vehiculo/',"
"E:\projecto\e_garage\templates\us\es\documentos\editar_documento.html","731","            results: data.results.map(vehiculo => ({"
"E:\projecto\e_garage\templates\us\es\documentos\editar_documento.html","732","              id: vehiculo.id,"
"E:\projecto\e_garage\templates\us\es\documentos\editar_documento.html","733","              text: `${vehiculo.patente} - ${vehiculo.marca} ${vehiculo.modelo}`,"
"E:\projecto\e_garage\templates\us\es\documentos\editar_documento.html","734","              patente: vehiculo.patente,"
"E:\projecto\e_garage\templates\us\es\documentos\editar_documento.html","735","              marca: vehiculo.marca,"
"E:\projecto\e_garage\templates\us\es\documentos\editar_documento.html","736","              modelo: vehiculo.modelo"
"E:\projecto\e_garage\templates\us\es\documentos\editar_documento.html","749","    $('#id_vehiculo').val(null).trigger('change');"
"E:\projecto\e_garage\templates\us\es\documentos\editar_documento.html","750","    $('#id_vehiculo').prop('disabled', true).select2({"
"E:\projecto\e_garage\templates\us\es\documentos\editar_documento.html","774","    $('#id_vehiculo').prop('disabled', false);"
"E:\projecto\e_garage\templates\us\es\documentos\editar_documento.html","775","    $('#id_vehiculo').select2('destroy').select2({"
"E:\projecto\e_garage\templates\us\es\documentos\editar_documento.html","780","        url: '/documentos/autocomplete/vehiculo/',"
"E:\projecto\e_garage\templates\us\es\documentos\editar_documento.html","793","            results: data.results.map(vehiculo => ({"
"E:\projecto\e_garage\templates\us\es\documentos\editar_documento.html","794","              id: vehiculo.id,"
"E:\projecto\e_garage\templates\us\es\documentos\editar_documento.html","795","              text: `${vehiculo.patente} - ${vehiculo.marca} ${vehiculo.modelo}`,"
"E:\projecto\e_garage\templates\us\es\documentos\editar_documento.html","796","              patente: vehiculo.patente,"
"E:\projecto\e_garage\templates\us\es\documentos\editar_documento.html","797","              marca: vehiculo.marca,"
"E:\projecto\e_garage\templates\us\es\documentos\editar_documento.html","798","              modelo: vehiculo.modelo"
"E:\projecto\e_garage\templates\us\centro_operaciones_espacial.html","161","            <a href=""/us/vehiculos/"" class=""command-panel"">"
"E:\projecto\e_garage\templates\base.html","86","            {% if request.path|slice:"":4"" == ""/us/"" %}/us/vehiculos/{% else %}/cl/vehiculos/{% endif %} as url_vehiculos"
"E:\projecto\e_garage\templates\base.html","87","            <a href=""{{ url_vehiculos }}"" class=""text-cyan-300 hover:text-lime-300 transition flex items-center gap-2"">"
"E:\projecto\e_garage\templates\base.html","141","            {% if request.path|slice:"":4"" == ""/us/"" %}/us/vehiculos/{% else %}/cl/vehiculos/{% endif %} as url_mis_vehiculos"
"E:\projecto\e_garage\templates\base.html","142","            <a href=""{{ url_mis_vehiculos }}"" class=""text-cyan-300 hover:text-lime-300 transition flex items-center gap-2"">"
"E:\projecto\e_garage\templates\base_temp.html","85","            {% if request.path|slice:"":4"" == ""/us/"" %}/us/vehiculos/{% else %}/cl/vehiculos/{% endif %} as url_vehiculos"
"E:\projecto\e_garage\templates\base_temp.html","86","            <a href=""{{ url_vehiculos }}"" class=""text-cyan-300 hover:text-lime-300 transition flex items-center gap-2"">"
"E:\projecto\e_garage\templates\base_temp.html","140","            {% if request.path|slice:"":4"" == ""/us/"" %}/us/vehiculos/{% else %}/cl/vehiculos/{% endif %} as url_mis_vehiculos"
"E:\projecto\e_garage\templates\base_temp.html","141","            <a href=""{{ url_mis_vehiculos }}"" class=""text-cyan-300 hover:text-lime-300 transition flex items-center gap-2"">"
"E:\projecto\e_garage\templates\dashboard_chile.html","47","        <a href=""/cl/vehiculos/"" class=""hover:text-emerald-300 transition-colors"">Vehículos</a>"
"E:\projecto\e_garage\templates\dashboard_chile.html","86","            <a href=""/cl/vehiculos/"" class=""px-5 py-3 rounded-lg bg-sky-400 text-slate-900 font-semibold hover:bg-sky-300 transition-all hover:scale-105 flex items-center gap-2"">"
"E:\projecto\e_garage\templates\dashboard_chile.html","336","        <a href=""/cl/vehiculos/"" class=""mt-4 inline-flex items-center gap-2 text-sky-300 font-semibold hover:text-sky-200 transition-colors"">"
"E:\projecto\e_garage\templates\dashboard_chile.html","550","            <li><a href=""/cl/vehiculos/"" class=""hover:text-white transition-colors"">Vehículos</a></li>"
"E:\projecto\e_garage\templates_canonical\documentos\ejemplo_integracion.html","18","         data-endpoint-vehiculos-cliente=""{% country_url 'documentos:api_vehiculos_cliente' %}"""
"E:\projecto\e_garage\templates_canonical\public\landing_inicio_en.html","66","                        <a href=""{% country_url 'vehiculos:lista_vehiculos' %}"" class=""btn btn-futuristic btn-sm w-100"">"
"E:\projecto\e_garage\templates_canonical\public\landing_inicio_es.html","66","                        <a href=""{% country_url 'vehiculos:lista_vehiculos' %}"" class=""btn btn-futuristic btn-sm w-100"">"
"E:\projecto\e_garage\templates_canonical\taller\cl\en\documentos\documento.html","21","  <p><strong>Vehículo:</strong> {{ documento.vehiculo }}</p>"
"E:\projecto\e_garage\templates_canonical\taller\cl\en\documentos\documento_form.html","64","          <select id=""vehiculo"" name=""vehiculo"" class=""futurista-input w-full"">"
"E:\projecto\e_garage\templates_canonical\taller\cl\en\documentos\documento_pdf.html","25","  <strong>Vehículo:</strong> {{ documento.vehiculo }}<br>"
"E:\projecto\e_garage\templates_canonical\taller\cl\en\documentos\editar_documento.html","437","          {{ form.vehiculo|add_class:""form-input"" }}"
"E:\projecto\e_garage\templates_canonical\taller\cl\en\documentos\editar_documento.html","695","  $('#id_vehiculo').select2({"
"E:\projecto\e_garage\templates_canonical\taller\cl\en\documentos\editar_documento.html","701","      url: '/documentos/autocomplete/vehiculo/',"
"E:\projecto\e_garage\templates_canonical\taller\cl\en\documentos\editar_documento.html","717","          results: data.results.map(vehiculo => ({"
"E:\projecto\e_garage\templates_canonical\taller\cl\en\documentos\editar_documento.html","718","            id: vehiculo.id,"
"E:\projecto\e_garage\templates_canonical\taller\cl\en\documentos\editar_documento.html","719","            text: `${vehiculo.patente} - ${vehiculo.marca} ${vehiculo.modelo}`,"
"E:\projecto\e_garage\templates_canonical\taller\cl\en\documentos\editar_documento.html","720","            patente: vehiculo.patente,"
"E:\projecto\e_garage\templates_canonical\taller\cl\en\documentos\editar_documento.html","721","            marca: vehiculo.marca,"
"E:\projecto\e_garage\templates_canonical\taller\cl\en\documentos\editar_documento.html","722","            modelo: vehiculo.modelo"
"E:\projecto\e_garage\templates_canonical\taller\cl\en\documentos\editar_documento.html","751","    $('#id_vehiculo').prop('disabled', false);"
"E:\projecto\e_garage\templates_canonical\taller\cl\en\documentos\editar_documento.html","752","    $('#id_vehiculo').val(null).trigger('change');"
"E:\projecto\e_garage\templates_canonical\taller\cl\en\documentos\editar_documento.html","753","    $('#id_vehiculo').select2('destroy').select2({"
"E:\projecto\e_garage\templates_canonical\taller\cl\en\documentos\editar_documento.html","758","        url: '/documentos/autocomplete/vehiculo/',"
"E:\projecto\e_garage\templates_canonical\taller\cl\en\documentos\editar_documento.html","771","            results: data.results.map(vehiculo => ({"
"E:\projecto\e_garage\templates_canonical\taller\cl\en\documentos\editar_documento.html","772","              id: vehiculo.id,"
"E:\projecto\e_garage\templates_canonical\taller\cl\en\documentos\editar_documento.html","773","              text: `${vehiculo.patente} - ${vehiculo.marca} ${vehiculo.modelo}`,"
"E:\projecto\e_garage\templates_canonical\taller\cl\en\documentos\editar_documento.html","774","              patente: vehiculo.patente,"
"E:\projecto\e_garage\templates_canonical\taller\cl\en\documentos\editar_documento.html","775","              marca: vehiculo.marca,"
"E:\projecto\e_garage\templates_canonical\taller\cl\en\documentos\editar_documento.html","776","              modelo: vehiculo.modelo"
"E:\projecto\e_garage\templates_canonical\taller\cl\en\documentos\editar_documento.html","789","    $('#id_vehiculo').val(null).trigger('change');"
"E:\projecto\e_garage\templates_canonical\taller\cl\en\documentos\editar_documento.html","790","    $('#id_vehiculo').prop('disabled', true).select2({"
"E:\projecto\e_garage\templates_canonical\taller\cl\en\documentos\editar_documento.html","814","    $('#id_vehiculo').prop('disabled', false);"
"E:\projecto\e_garage\templates_canonical\taller\cl\en\documentos\editar_documento.html","815","    $('#id_vehiculo').select2('destroy').select2({"
"E:\projecto\e_garage\templates_canonical\taller\cl\en\documentos\editar_documento.html","820","        url: '/documentos/autocomplete/vehiculo/',"
"E:\projecto\e_garage\templates_canonical\taller\cl\en\documentos\editar_documento.html","833","            results: data.results.map(vehiculo => ({"
"E:\projecto\e_garage\templates_canonical\taller\cl\en\documentos\editar_documento.html","834","              id: vehiculo.id,"
"E:\projecto\e_garage\templates_canonical\taller\cl\en\documentos\editar_documento.html","835","              text: `${vehiculo.patente} - ${vehiculo.marca} ${vehiculo.modelo}`,"
"E:\projecto\e_garage\templates_canonical\taller\cl\en\documentos\editar_documento.html","836","              patente: vehiculo.patente,"
"E:\projecto\e_garage\templates_canonical\taller\cl\en\documentos\editar_documento.html","837","              marca: vehiculo.marca,"
"E:\projecto\e_garage\templates_canonical\taller\cl\en\documentos\editar_documento.html","838","              modelo: vehiculo.modelo"
"E:\projecto\e_garage\templates_canonical\taller\cl\en\documentos\formulario_documento.html","216","        <label for=""id_vehiculo"">Vehículo</label>"
"E:\projecto\e_garage\templates_canonical\taller\cl\en\documentos\formulario_documento.html","217","        {{ form.vehiculo }}"
"E:\projecto\e_garage\templates_canonical\taller\cl\en\documentos\formulario_documento.html","339","  const $vehiculo = $('#id_vehiculo');"
"E:\projecto\e_garage\templates_canonical\taller\cl\en\documentos\formulario_documento.html","340","  const $vehiculoWrapper = $('#vehiculo-wrapper');"
"E:\projecto\e_garage\templates_canonical\taller\cl\en\documentos\formulario_documento.html","341","  const $vehiculoAlerta = $('#vehiculo-alerta');"
"E:\projecto\e_garage\templates_canonical\taller\cl\en\documentos\formulario_documento.html","386","  function initVehiculoSelect2(clienteId) {"
"E:\projecto\e_garage\templates_canonical\taller\cl\en\documentos\formulario_documento.html","387","    $vehiculo.select2({"
"E:\projecto\e_garage\templates_canonical\taller\cl\en\documentos\formulario_documento.html","389","        url: '/autocomplete/vehiculo/',"
"E:\projecto\e_garage\templates_canonical\taller\cl\en\documentos\formulario_documento.html","411","  initVehiculoSelect2($cliente.val());"
"E:\projecto\e_garage\templates_canonical\taller\cl\en\documentos\formulario_documento.html","416","    $vehiculo.val(null).trigger('change');"
"E:\projecto\e_garage\templates_canonical\taller\cl\en\documentos\formulario_documento.html","417","    $vehiculo.select2('destroy');"
"E:\projecto\e_garage\templates_canonical\taller\cl\en\documentos\formulario_documento.html","418","    initVehiculoSelect2(clienteId);"
"E:\projecto\e_garage\templates_canonical\taller\cl\en\documentos\formulario_documento.html","420","      $vehiculoWrapper.removeClass('hidden');"
"E:\projecto\e_garage\templates_canonical\taller\cl\en\documentos\formulario_documento.html","422","      $vehiculoWrapper.addClass('hidden');"
"E:\projecto\e_garage\templates_canonical\taller\cl\en\documentos\formulario_documento.html","426","  $vehiculo.on('select2:opening', function (e) {"
"E:\projecto\e_garage\templates_canonical\taller\cl\en\documentos\formulario_documento.html","430","      $vehiculoAlerta.removeClass('hidden');"
"E:\projecto\e_garage\templates_canonical\taller\cl\en\documentos\formulario_documento.html","432","        $vehiculoAlerta.addClass('hidden');"
"E:\projecto\e_garage\templates_canonical\taller\cl\en\documentos\lista_documentos.html","11","        radial-gradient(circle at 40% 40%, rgba(120, 200, 255, 0.2) 0%, transparent 5          <th class=""sortable-header"" data-sort=""vehiculo"" onclick=""sortTable('vehiculo')"">"
"E:\projecto\e_garage\templates_canonical\taller\cl\en\documentos\lista_documentos.html","13","            <span class=""sort-indicator"" id=""sort-vehiculo"">⚡</span>"
"E:\projecto\e_garage\templates_canonical\taller\cl\en\documentos\lista_documentos.html","469","          <th class=""sortable-header"" data-sort=""vehiculo"" onclick=""sortTable('vehiculo')"">"
"E:\projecto\e_garage\templates_canonical\taller\cl\en\documentos\lista_documentos.html","471","            <span class=""sort-indicator"" id=""sort-vehiculo"">⚡</span>"
"E:\projecto\e_garage\templates_canonical\taller\cl\en\documentos\lista_documentos.html","516","            data-vehiculo=""{{ doc.vehiculo }}"">"
"E:\projecto\e_garage\templates_canonical\taller\cl\en\documentos\lista_documentos.html","527","          <td class=""table-cell"">{{ doc.vehiculo|default:""N/A"" }}</td>"
"E:\projecto\e_garage\templates_canonical\taller\cl\en\documentos\lista_documentos.html","673","        case 'vehiculo':"
"E:\projecto\e_garage\templates_canonical\taller\cl\en\documentos\lista_documentos.html","674","          valueA = (a.dataset.vehiculo || '').toLowerCase();"
"E:\projecto\e_garage\templates_canonical\taller\cl\en\documentos\lista_documentos.html","675","          valueB = (b.dataset.vehiculo || '').toLowerCase();"
"E:\projecto\e_garage\templates_canonical\taller\cl\en\documentos\lista_documentos.html","772","          sortTable('vehiculo');"
"E:\projecto\e_garage\templates_canonical\taller\cl\en\documentos\ver_documento.html","165","    <div><span class=""futurista-label"">Vehículo:</span> {{ documento.vehiculo }}</div>"
"E:\projecto\e_garage\templates_canonical\taller\cl\en\documentos\ver_documento.html","166","    <div><span class=""futurista-label"">{{ country|mileage_label:request.LANGUAGE_CODE }}:</span> {{ documento.vehiculo.millas|default:""No especificado"" }}{% if country == 'US' %} miles{% else %} km{% endif %}</div>"
"E:\projecto\e_garage\templates_canonical\taller\cl\en\documentos\ver_documento_nuevo.html","247","        {% if documento.vehiculo %}"
"E:\projecto\e_garage\templates_canonical\taller\cl\en\documentos\ver_documento_nuevo.html","248","          {{ documento.vehiculo.patente }} - {{ documento.vehiculo.marca.nombre }} {{ documento.vehiculo.modelo.nombre }}"
"E:\projecto\e_garage\templates_canonical\taller\cl\en\documentos\_form_common.html","50","      <label class=""form-label"" for=""{{ form.vehiculo.id_for_label }}"">Vehículo</label>"
"E:\projecto\e_garage\templates_canonical\taller\cl\en\documentos\_form_common.html","51","      {{ form.vehiculo|add_class:""form-input"" }}"
"E:\projecto\e_garage\templates_canonical\taller\cl\en\documentos\_form_country_cl.html","7","  {# Kilometraje: usa el mismo campo extra del form (kilometraje) que persiste en vehiculo.millas #}"
"E:\projecto\e_garage\templates_canonical\taller\cl\en\other\demo_vehiculo.html","4","{% block title %}🚗 Demo IA Vehicular{% endblock %}"
"E:\projecto\e_garage\templates_canonical\taller\cl\en\other\demo_vehiculo.html","74","    .vehiculo-info {"
"E:\projecto\e_garage\templates_canonical\taller\cl\en\other\demo_vehiculo.html","83","    .vehiculo-specs {"
"E:\projecto\e_garage\templates_canonical\taller\cl\en\other\demo_vehiculo.html","304","        .vehiculo-specs {"
"E:\projecto\e_garage\templates_canonical\taller\cl\en\other\demo_vehiculo.html","321","        <h1 class=""demo-title"">🚗 DEMO IA VEHICULAR</h1>"
"E:\projecto\e_garage\templates_canonical\taller\cl\en\other\demo_vehiculo.html","331","    <div class=""vehiculo-info"">"
"E:\projecto\e_garage\templates_canonical\taller\cl\en\other\demo_vehiculo.html","335","        <div class=""vehiculo-specs"">"
"E:\projecto\e_garage\templates_canonical\taller\cl\en\other\demo_vehiculo.html","338","                <div class=""spec-value"">{{ demo_data.vehiculo_ejemplo.marca }}</div>"
"E:\projecto\e_garage\templates_canonical\taller\cl\en\other\demo_vehiculo.html","342","                <div class=""spec-value"">{{ demo_data.vehiculo_ejemplo.modelo }}</div>"
"E:\projecto\e_garage\templates_canonical\taller\cl\en\other\demo_vehiculo.html","346","                <div class=""spec-value"">{{ demo_data.vehiculo_ejemplo.kilometraje }}</div>"
"E:\projecto\e_garage\templates_canonical\taller\cl\en\other\demo_vehiculo.html","356","            Basado en 50,000+ patrones de mantenimiento vehicular"
"E:\projecto\e_garage\templates_canonical\taller\cl\en\other\demo_vehiculo.html","485","    gtag('event', 'demo_ia_vehicular_vista', {"
"E:\projecto\e_garage\templates_canonical\taller\cl\en\other\demo_vehiculo.html","490","            'vehiculo': '{{ demo_data.vehiculo_ejemplo.marca }} {{ demo_data.vehiculo_ejemplo.modelo }}'"
"E:\projecto\e_garage\templates_canonical\taller\cl\en\other\documento_form.html","524","                        {{ form.vehiculo }}"
"E:\projecto\e_garage\templates_canonical\taller\cl\en\other\sugerencias_basicas.html","116","    .vehiculo-selector {"
"E:\projecto\e_garage\templates_canonical\taller\cl\en\other\sugerencias_basicas.html","341","        .vehiculo-selector {"
"E:\projecto\e_garage\templates_canonical\taller\cl\en\other\sugerencias_basicas.html","362","        <div class=""vehiculo-selector"">"
"E:\projecto\e_garage\templates_canonical\taller\cl\en\other\sugerencias_basicas.html","486","const sugerenciasPorMarca = {{ sugerencias_por_vehiculo|safe }};"
"E:\projecto\e_garage\templates_canonical\taller\cl\en\vehiculos\detalle.html","21","      <li><strong>Cliente:</strong> {{ vehiculo.cliente.nombre }} {{ vehiculo.cliente.apellido }}</li>"
"E:\projecto\e_garage\templates_canonical\taller\cl\en\vehiculos\detalle.html","22","      <li><strong>Marca:</strong> {{ vehiculo.modelo.marca.nombre }}</li>"
"E:\projecto\e_garage\templates_canonical\taller\cl\en\vehiculos\detalle.html","23","      <li><strong>Modelo:</strong> {{ vehiculo.modelo.nombre }}</li>"
"E:\projecto\e_garage\templates_canonical\taller\cl\en\vehiculos\detalle.html","24","      <li><strong>Año:</strong> {{ vehiculo.anio }}</li>"
"E:\projecto\e_garage\templates_canonical\taller\cl\en\vehiculos\detalle.html","25","      <li><strong>Patente:</strong> {{ vehiculo.patente }}</li>"
"E:\projecto\e_garage\templates_canonical\taller\cl\en\vehiculos\detalle.html","26","      <li><strong>VIN:</strong> {{ vehiculo.vin }}</li>"
"E:\projecto\e_garage\templates_canonical\taller\cl\en\vehiculos\detalle.html","29","  {% url 'taller:vehiculos:lista_vehiculos' as url_lista_vehiculos %}"
"E:\projecto\e_garage\templates_canonical\taller\cl\en\vehiculos\detalle.html","30","  <a href=""{{ url_lista_vehiculos|default:'#' }}"" class=""bg-sky-600 text-white px-6 py-2 rounded hover:bg-sky-700"">⬅️ Volver</a>"
"E:\projecto\e_garage\templates_canonical\taller\cl\en\vehiculos\editar_vehiculo.html","26","      <form id=""form-editar-vehiculo"""
"E:\projecto\e_garage\templates_canonical\taller\cl\en\vehiculos\editar_vehiculo.html","28","            action=""{% url 'taller:vehiculos:editar_vehiculo' vehiculo.id %}"""
"E:\projecto\e_garage\templates_canonical\taller\cl\en\vehiculos\editar_vehiculo.html","177","          <a href=""{% country_url 'vehiculos:lista_vehiculos' %}"""
"E:\projecto\e_garage\templates_canonical\taller\cl\en\vehiculos\editar_vehiculo.html","209","  const f = document.getElementById('form-editar-vehiculo');"
"E:\projecto\e_garage\templates_canonical\taller\cl\es\dashboard\centro_operaciones_espacial.html","384","            <a href=""{% country_url 'vehiculos:lista_vehiculos' %}"" class=""command-panel modern-panel"">"
"E:\projecto\e_garage\templates_canonical\taller\cl\es\dashboard\centro_operaciones_espacial.html","391","                <div class=""modern-description"">Sistema vehicular smart</div>"
"E:\projecto\e_garage\templates_canonical\taller\cl\es\documentos\crear_documento.html","255","        <select id=""id_vehiculo"" name=""vehiculo"" class=""form-select w-full"">"
"E:\projecto\e_garage\templates_canonical\taller\cl\es\documentos\crear_documento.html","465","const urlVeh            = ""/cl/ajax/vehiculos-por-cliente/"";"
"E:\projecto\e_garage\templates_canonical\taller\cl\es\documentos\crear_documento.html","601","async function cargarVehiculosPorCliente(clienteId) {"
"E:\projecto\e_garage\templates_canonical\taller\cl\es\documentos\crear_documento.html","602","  const selVeh = document.getElementById('id_vehiculo');"
"E:\projecto\e_garage\templates_canonical\taller\cl\es\documentos\crear_documento.html","785","  await cargarVehiculosPorCliente(clienteId);"
"E:\projecto\e_garage\templates_canonical\taller\cl\es\documentos\crear_documento.html","883","        cargarVehiculosPorCliente(clienteId);"
"E:\projecto\e_garage\templates_canonical\taller\cl\es\documentos\crear_documento.html","885","        const selVeh = document.getElementById('id_vehiculo');"
"E:\projecto\e_garage\templates_canonical\taller\cl\es\documentos\crear_documento.html","900","  await cargarVehiculosPorCliente(selCliente.value);"
"E:\projecto\e_garage\templates_canonical\taller\cl\es\documentos\crear_documento_moderno.html","174","                        <select name=""vehiculo"" class=""form-control"">"
"E:\projecto\e_garage\templates_canonical\taller\cl\es\documentos\crear_documento_moderno.html","300","  const vehiculoSelect = document.querySelector('select[name=""vehiculo""]');"
"E:\projecto\e_garage\templates_canonical\taller\cl\es\documentos\crear_documento_moderno.html","301","  function cargarVehiculos(clienteId) {"
"E:\projecto\e_garage\templates_canonical\taller\cl\es\documentos\crear_documento_moderno.html","302","    if (!vehiculoSelect) return;"
"E:\projecto\e_garage\templates_canonical\taller\cl\es\documentos\crear_documento_moderno.html","304","      vehiculoSelect.innerHTML = '<option value="""">-- Seleccionar Vehículo --</option>';"
"E:\projecto\e_garage\templates_canonical\taller\cl\es\documentos\crear_documento_moderno.html","307","    vehiculoSelect.innerHTML = '<option value="""">-- Cargando vehículos... --</option>';"
"E:\projecto\e_garage\templates_canonical\taller\cl\es\documentos\crear_documento_moderno.html","308","    fetch(`{% country_url 'ajax-vehiculos-por-cliente' %}?cliente=${encodeURIComponent(clienteId)}`, {"
"E:\projecto\e_garage\templates_canonical\taller\cl\es\documentos\crear_documento_moderno.html","315","      vehiculoSelect.innerHTML = opts.join('');"
"E:\projecto\e_garage\templates_canonical\taller\cl\es\documentos\crear_documento_moderno.html","318","      vehiculoSelect.innerHTML = '<option value="""">-- Error al cargar vehículos --</option>';"
"E:\projecto\e_garage\templates_canonical\taller\cl\es\documentos\crear_documento_moderno.html","324","    cargarVehiculos(id);"
"E:\projecto\e_garage\templates_canonical\taller\cl\es\documentos\crear_documento_moderno.html","326","    cargarVehiculos('');"
"E:\projecto\e_garage\templates_canonical\taller\cl\es\documentos\documento.html","21","  <p><strong>Vehículo:</strong> {{ documento.vehiculo }}</p>"
"E:\projecto\e_garage\templates_canonical\taller\cl\es\documentos\documento_form.html","64","          <select id=""vehiculo"" name=""vehiculo"" class=""futurista-input w-full"">"
"E:\projecto\e_garage\templates_canonical\taller\cl\es\documentos\documento_pdf.html","25","  <strong>Vehículo:</strong> {{ documento.vehiculo }}<br>"
"E:\projecto\e_garage\templates_canonical\taller\cl\es\documentos\editar_documento.html","437","          {{ form.vehiculo|add_class:""form-input"" }}"
"E:\projecto\e_garage\templates_canonical\taller\cl\es\documentos\editar_documento.html","695","  $('#id_vehiculo').select2({"
"E:\projecto\e_garage\templates_canonical\taller\cl\es\documentos\editar_documento.html","701","      url: '/documentos/autocomplete/vehiculo/',"
"E:\projecto\e_garage\templates_canonical\taller\cl\es\documentos\editar_documento.html","717","          results: data.results.map(vehiculo => ({"
"E:\projecto\e_garage\templates_canonical\taller\cl\es\documentos\editar_documento.html","718","            id: vehiculo.id,"
"E:\projecto\e_garage\templates_canonical\taller\cl\es\documentos\editar_documento.html","719","            text: `${vehiculo.patente} - ${vehiculo.marca} ${vehiculo.modelo}`,"
"E:\projecto\e_garage\templates_canonical\taller\cl\es\documentos\editar_documento.html","720","            patente: vehiculo.patente,"
"E:\projecto\e_garage\templates_canonical\taller\cl\es\documentos\editar_documento.html","721","            marca: vehiculo.marca,"
"E:\projecto\e_garage\templates_canonical\taller\cl\es\documentos\editar_documento.html","722","            modelo: vehiculo.modelo"
"E:\projecto\e_garage\templates_canonical\taller\cl\es\documentos\editar_documento.html","751","    $('#id_vehiculo').prop('disabled', false);"
"E:\projecto\e_garage\templates_canonical\taller\cl\es\documentos\editar_documento.html","752","    $('#id_vehiculo').val(null).trigger('change');"
"E:\projecto\e_garage\templates_canonical\taller\cl\es\documentos\editar_documento.html","753","    $('#id_vehiculo').select2('destroy').select2({"
"E:\projecto\e_garage\templates_canonical\taller\cl\es\documentos\editar_documento.html","758","        url: '/documentos/autocomplete/vehiculo/',"
"E:\projecto\e_garage\templates_canonical\taller\cl\es\documentos\editar_documento.html","771","            results: data.results.map(vehiculo => ({"
"E:\projecto\e_garage\templates_canonical\taller\cl\es\documentos\editar_documento.html","772","              id: vehiculo.id,"
"E:\projecto\e_garage\templates_canonical\taller\cl\es\documentos\editar_documento.html","773","              text: `${vehiculo.patente} - ${vehiculo.marca} ${vehiculo.modelo}`,"
"E:\projecto\e_garage\templates_canonical\taller\cl\es\documentos\editar_documento.html","774","              patente: vehiculo.patente,"
"E:\projecto\e_garage\templates_canonical\taller\cl\es\documentos\editar_documento.html","775","              marca: vehiculo.marca,"
"E:\projecto\e_garage\templates_canonical\taller\cl\es\documentos\editar_documento.html","776","              modelo: vehiculo.modelo"
"E:\projecto\e_garage\templates_canonical\taller\cl\es\documentos\editar_documento.html","789","    $('#id_vehiculo').val(null).trigger('change');"
"E:\projecto\e_garage\templates_canonical\taller\cl\es\documentos\editar_documento.html","790","    $('#id_vehiculo').prop('disabled', true).select2({"
"E:\projecto\e_garage\templates_canonical\taller\cl\es\documentos\editar_documento.html","814","    $('#id_vehiculo').prop('disabled', false);"
"E:\projecto\e_garage\templates_canonical\taller\cl\es\documentos\editar_documento.html","815","    $('#id_vehiculo').select2('destroy').select2({"
"E:\projecto\e_garage\templates_canonical\taller\cl\es\documentos\editar_documento.html","820","        url: '/documentos/autocomplete/vehiculo/',"
"E:\projecto\e_garage\templates_canonical\taller\cl\es\documentos\editar_documento.html","833","            results: data.results.map(vehiculo => ({"
"E:\projecto\e_garage\templates_canonical\taller\cl\es\documentos\editar_documento.html","834","              id: vehiculo.id,"
"E:\projecto\e_garage\templates_canonical\taller\cl\es\documentos\editar_documento.html","835","              text: `${vehiculo.patente} - ${vehiculo.marca} ${vehiculo.modelo}`,"
"E:\projecto\e_garage\templates_canonical\taller\cl\es\documentos\editar_documento.html","836","              patente: vehiculo.patente,"
"E:\projecto\e_garage\templates_canonical\taller\cl\es\documentos\editar_documento.html","837","              marca: vehiculo.marca,"
"E:\projecto\e_garage\templates_canonical\taller\cl\es\documentos\editar_documento.html","838","              modelo: vehiculo.modelo"
"E:\projecto\e_garage\templates_canonical\taller\cl\es\documentos\formulario_documento.html","216","        <label for=""id_vehiculo"">Vehículo</label>"
"E:\projecto\e_garage\templates_canonical\taller\cl\es\documentos\formulario_documento.html","217","        {{ form.vehiculo }}"
"E:\projecto\e_garage\templates_canonical\taller\cl\es\documentos\formulario_documento.html","339","  const $vehiculo = $('#id_vehiculo');"
"E:\projecto\e_garage\templates_canonical\taller\cl\es\documentos\formulario_documento.html","340","  const $vehiculoWrapper = $('#vehiculo-wrapper');"
"E:\projecto\e_garage\templates_canonical\taller\cl\es\documentos\formulario_documento.html","341","  const $vehiculoAlerta = $('#vehiculo-alerta');"
"E:\projecto\e_garage\templates_canonical\taller\cl\es\documentos\formulario_documento.html","386","  function initVehiculoSelect2(clienteId) {"
"E:\projecto\e_garage\templates_canonical\taller\cl\es\documentos\formulario_documento.html","387","    $vehiculo.select2({"
"E:\projecto\e_garage\templates_canonical\taller\cl\es\documentos\formulario_documento.html","389","        url: '/autocomplete/vehiculo/',"
"E:\projecto\e_garage\templates_canonical\taller\cl\es\documentos\formulario_documento.html","411","  initVehiculoSelect2($cliente.val());"
"E:\projecto\e_garage\templates_canonical\taller\cl\es\documentos\formulario_documento.html","416","    $vehiculo.val(null).trigger('change');"
"E:\projecto\e_garage\templates_canonical\taller\cl\es\documentos\formulario_documento.html","417","    $vehiculo.select2('destroy');"
"E:\projecto\e_garage\templates_canonical\taller\cl\es\documentos\formulario_documento.html","418","    initVehiculoSelect2(clienteId);"
"E:\projecto\e_garage\templates_canonical\taller\cl\es\documentos\formulario_documento.html","420","      $vehiculoWrapper.removeClass('hidden');"
"E:\projecto\e_garage\templates_canonical\taller\cl\es\documentos\formulario_documento.html","422","      $vehiculoWrapper.addClass('hidden');"
"E:\projecto\e_garage\templates_canonical\taller\cl\es\documentos\formulario_documento.html","426","  $vehiculo.on('select2:opening', function (e) {"
"E:\projecto\e_garage\templates_canonical\taller\cl\es\documentos\formulario_documento.html","430","      $vehiculoAlerta.removeClass('hidden');"
"E:\projecto\e_garage\templates_canonical\taller\cl\es\documentos\formulario_documento.html","432","        $vehiculoAlerta.addClass('hidden');"
"E:\projecto\e_garage\templates_canonical\taller\cl\es\documentos\lista_documentos.html","12","        radial-gradient(circle at 40% 40%, rgba(120, 200, 255, 0.2) 0%, transparent 5          <th class=""sortable-header"" data-sort=""vehiculo"" onclick=""sortTable('vehiculo')"">"
"E:\projecto\e_garage\templates_canonical\taller\cl\es\documentos\lista_documentos.html","14","            <span class=""sort-indicator"" id=""sort-vehiculo"">⚡</span>"
"E:\projecto\e_garage\templates_canonical\taller\cl\es\documentos\lista_documentos.html","652","          <th class=""sortable-header"" data-sort=""vehiculo"" onclick=""sortTable('vehiculo')"">"
"E:\projecto\e_garage\templates_canonical\taller\cl\es\documentos\lista_documentos.html","654","            <span class=""sort-indicator"" id=""sort-vehiculo"">⚡</span>"
"E:\projecto\e_garage\templates_canonical\taller\cl\es\documentos\lista_documentos.html","699","            data-vehiculo=""{{ doc.vehiculo|default:'N/A' }}"""
"E:\projecto\e_garage\templates_canonical\taller\cl\es\documentos\lista_documentos.html","712","          <td class=""table-cell"">{{ doc.vehiculo|default:""N/A"" }}</td>"
"E:\projecto\e_garage\templates_canonical\taller\cl\es\documentos\lista_documentos.html","859","        case 'vehiculo':"
"E:\projecto\e_garage\templates_canonical\taller\cl\es\documentos\lista_documentos.html","860","          valueA = (a.dataset.vehiculo || '').toLowerCase();"
"E:\projecto\e_garage\templates_canonical\taller\cl\es\documentos\lista_documentos.html","861","          valueB = (b.dataset.vehiculo || '').toLowerCase();"
"E:\projecto\e_garage\templates_canonical\taller\cl\es\documentos\lista_documentos.html","958","          sortTable('vehiculo');"
"E:\projecto\e_garage\templates_canonical\taller\cl\es\documentos\lista_documentos.html","1027","  const vehiculo = documentoRow.dataset.vehiculo || '';"
"E:\projecto\e_garage\templates_canonical\taller\cl\es\documentos\lista_documentos.html","1037","🚙 *Vehículo:* ${vehiculo}"
"E:\projecto\e_garage\templates_canonical\taller\cl\es\documentos\ver_documento.html","165","    <div><span class=""futurista-label"">Vehículo:</span> {{ documento.vehiculo }}</div>"
"E:\projecto\e_garage\templates_canonical\taller\cl\es\documentos\ver_documento.html","166","    <div><span class=""futurista-label"">{{ country|mileage_label:request.LANGUAGE_CODE }}:</span> {{ documento.vehiculo.millas|default:""No especificado"" }}{% if country == 'US' %} miles{% else %} km{% endif %}</div>"
"E:\projecto\e_garage\templates_canonical\taller\cl\es\documentos\ver_documento_nuevo.html","247","        {% if documento.vehiculo %}"
"E:\projecto\e_garage\templates_canonical\taller\cl\es\documentos\ver_documento_nuevo.html","248","          {{ documento.vehiculo.patente }} - {{ documento.vehiculo.marca.nombre }} {{ documento.vehiculo.modelo.nombre }}"
"E:\projecto\e_garage\templates_canonical\taller\cl\es\documentos\_form_common.html","50","      <label class=""form-label"" for=""{{ form.vehiculo.id_for_label }}"">Vehículo</label>"
"E:\projecto\e_garage\templates_canonical\taller\cl\es\documentos\_form_common.html","51","      {{ form.vehiculo|add_class:""form-input"" }}"
"E:\projecto\e_garage\templates_canonical\taller\cl\es\documentos\_form_country_cl.html","7","  {# Kilometraje: usa el mismo campo extra del form (kilometraje) que persiste en vehiculo.millas #}"
"E:\projecto\e_garage\templates_canonical\taller\cl\es\other\demo_vehiculo.html","4","{% block title %}🚗 Demo IA Vehicular{% endblock %}"
"E:\projecto\e_garage\templates_canonical\taller\cl\es\other\demo_vehiculo.html","74","    .vehiculo-info {"
"E:\projecto\e_garage\templates_canonical\taller\cl\es\other\demo_vehiculo.html","83","    .vehiculo-specs {"
"E:\projecto\e_garage\templates_canonical\taller\cl\es\other\demo_vehiculo.html","304","        .vehiculo-specs {"
"E:\projecto\e_garage\templates_canonical\taller\cl\es\other\demo_vehiculo.html","321","        <h1 class=""demo-title"">🚗 DEMO IA VEHICULAR</h1>"
"E:\projecto\e_garage\templates_canonical\taller\cl\es\other\demo_vehiculo.html","331","    <div class=""vehiculo-info"">"
"E:\projecto\e_garage\templates_canonical\taller\cl\es\other\demo_vehiculo.html","335","        <div class=""vehiculo-specs"">"
"E:\projecto\e_garage\templates_canonical\taller\cl\es\other\demo_vehiculo.html","338","                <div class=""spec-value"">{{ demo_data.vehiculo_ejemplo.marca }}</div>"
"E:\projecto\e_garage\templates_canonical\taller\cl\es\other\demo_vehiculo.html","342","                <div class=""spec-value"">{{ demo_data.vehiculo_ejemplo.modelo }}</div>"
"E:\projecto\e_garage\templates_canonical\taller\cl\es\other\demo_vehiculo.html","346","                <div class=""spec-value"">{{ demo_data.vehiculo_ejemplo.kilometraje }}</div>"
"E:\projecto\e_garage\templates_canonical\taller\cl\es\other\demo_vehiculo.html","356","            Basado en 50,000+ patrones de mantenimiento vehicular"
"E:\projecto\e_garage\templates_canonical\taller\cl\es\other\demo_vehiculo.html","485","    gtag('event', 'demo_ia_vehicular_vista', {"
"E:\projecto\e_garage\templates_canonical\taller\cl\es\other\demo_vehiculo.html","490","            'vehiculo': '{{ demo_data.vehiculo_ejemplo.marca }} {{ demo_data.vehiculo_ejemplo.modelo }}'"
"E:\projecto\e_garage\templates_canonical\taller\cl\es\other\documento_form.html","524","                        {{ form.vehiculo }}"
"E:\projecto\e_garage\templates_canonical\taller\cl\es\other\sugerencias_basicas.html","116","    .vehiculo-selector {"
"E:\projecto\e_garage\templates_canonical\taller\cl\es\other\sugerencias_basicas.html","341","        .vehiculo-selector {"
"E:\projecto\e_garage\templates_canonical\taller\cl\es\other\sugerencias_basicas.html","362","        <div class=""vehiculo-selector"">"
"E:\projecto\e_garage\templates_canonical\taller\cl\es\other\sugerencias_basicas.html","486","const sugerenciasPorMarca = {{ sugerencias_por_vehiculo|safe }};"
"E:\projecto\e_garage\templates_canonical\taller\cl\es\reportes\dashboard_inteligencia.html","545","        <div class=""kpi-value"">{{ vehiculos_por_semana }}</div>"
"E:\projecto\e_garage\templates_canonical\taller\cl\es\reportes\dashboard_inteligencia.html","1090","      ['Vehículos/Semana', '{{ vehiculos_por_semana }}'],"
"E:\projecto\e_garage\templates_canonical\taller\cl\es\reportes\dashboard_inteligencia_operativa.html","340","        <div class=""kpi-value"">{{ vehiculos_por_semana }}</div>"
"E:\projecto\e_garage\templates_canonical\taller\cl\es\reportes\demo_reportes_por_fecha.html","425","                            <td style=""padding: 12px; color: var(--glow-cyan);"">{{ doc.vehiculo.patente|default:""Sin patente"" }}</td>"
"E:\projecto\e_garage\templates_canonical\taller\cl\es\reportes\reportes.html","22","      <a href=""/vehiculos/"" class=""btn-futuristic-nav""><span>Vehículos</span><span class=""glow""></span></a>"
"E:\projecto\e_garage\templates_canonical\taller\cl\es\reportes\reportes.html","128","        <div class=""categoria-card"" data-categoria=""vehiculos"">"
"E:\projecto\e_garage\templates_canonical\taller\cl\es\reportes\reportes.html","132","            <span class=""categoria-badge"" id=""badgeVehiculos"">-</span>"
"E:\projecto\e_garage\templates_canonical\taller\cl\es\reportes\reportes.html","137","                <span class=""stat-number"" id=""totalVehiculos"">-</span>"
"E:\projecto\e_garage\templates_canonical\taller\cl\es\reportes\reportes.html","149","            <canvas id=""chartVehiculos"" class=""mini-chart""></canvas>"
"E:\projecto\e_garage\templates_canonical\taller\cl\es\reportes\reportes.html","152","            <button class=""btn-detalle"" data-tipo=""vehiculos"">Ver Detalles</button>"
"E:\projecto\e_garage\templates_canonical\taller\cl\es\reportes\reportes.html","153","            <button class=""btn-exportar"" data-tipo=""vehiculos"">📊 Exportar</button>"
"E:\projecto\e_garage\templates_canonical\taller\cl\es\reportes\reportes.html","340","      <a href=""servicios/?enfoque=vehiculos"" class=""reporte-card"">"
"E:\projecto\e_garage\templates_canonical\taller\cl\es\reportes\reportes.html","1105","    cargarVehiculos(fechaDesde, fechaHasta);"
"E:\projecto\e_garage\templates_canonical\taller\cl\es\reportes\reportes.html","1143","function cargarVehiculos(fechaDesde, fechaHasta) {"
"E:\projecto\e_garage\templates_canonical\taller\cl\es\reportes\reportes.html","1145","    document.getElementById('badgeVehiculos').textContent = '28';"
"E:\projecto\e_garage\templates_canonical\taller\cl\es\reportes\reportes.html","1146","    document.getElementById('totalVehiculos').textContent = '28';"
"E:\projecto\e_garage\templates_canonical\taller\cl\es\reportes\reportes.html","1150","    crearMiniGrafico('chartVehiculos', ["
"E:\projecto\e_garage\templates_canonical\taller\cl\es\reportes\reportes.html","1336","        'vehiculos': 'servicios/?enfoque=vehiculos',"
"E:\projecto\e_garage\templates_canonical\taller\cl\es\reportes\reportes_mecanicos.html","524","    .servicio-vehiculo {"
"E:\projecto\e_garage\templates_canonical\taller\cl\es\reportes\reportes_mecanicos.html","530","    .vehiculo-patente {"
"E:\projecto\e_garage\templates_canonical\taller\cl\es\reportes\reportes_mecanicos.html","1046","    .vehiculo-model {"
"E:\projecto\e_garage\templates_canonical\taller\cl\es\reportes\reportes_mecanicos.html","1052","    .vehiculo-plate {"
"E:\projecto\e_garage\templates_canonical\taller\cl\es\reportes\reportes_mecanicos.html","1580","                        <div class=""data-cell vehiculo-info"">"
"E:\projecto\e_garage\templates_canonical\taller\cl\es\reportes\reportes_mecanicos.html","1581","                            <div class=""vehiculo-model"">{{ servicio.documento.vehiculo.marca }} {{ servicio.documento.vehiculo.modelo|truncatechars:15 }}</div>"
"E:\projecto\e_garage\templates_canonical\taller\cl\es\reportes\reportes_mecanicos.html","1582","                            <div class=""vehiculo-plate"">{{ servicio.documento.vehiculo.patente }}</div>"
"E:\projecto\e_garage\templates_canonical\taller\cl\es\reportes\reporte_servicios.html","348","        <button class=""enfoque-btn"" data-enfoque=""vehiculos"">🚗 Vehículos Atendidos</button>"
"E:\projecto\e_garage\templates_canonical\taller\cl\es\reportes\reporte_servicios.html","422","                    <td>{{ t.vehiculo }}</td>"
"E:\projecto\e_garage\templates_canonical\taller\cl\es\reportes\reporte_servicios.html","610","    <button class=""enfoque-btn"" data-enfoque=""vehiculos"">🚗 Vehículos atendidos</button>"
"E:\projecto\e_garage\templates_canonical\taller\cl\es\reportes\reporte_servicios.html","629","          <td>{{ t.vehiculo }}</td>"
"E:\projecto\e_garage\templates_canonical\taller\cl\es\reportes\reporte_servicios.html","688","  <div id=""panel-vehiculos"" class=""enfoque-panel"" style=""display:none;"">"
"E:\projecto\e_garage\templates_canonical\taller\cl\es\vehiculos\crear_vehiculo.html","179","            <p class=""text-gray-400 text-xs mt-0.5"">{% trans ""Registro vehicular"" %}</p>"
"E:\projecto\e_garage\templates_canonical\taller\cl\es\vehiculos\crear_vehiculo.html","183","        <a href=""{% country_url 'vehiculos:lista_vehiculos' %}"""
"E:\projecto\e_garage\templates_canonical\taller\cl\es\vehiculos\crear_vehiculo.html","323","        <a href=""{% country_url 'vehiculos:lista_vehiculos' %}"" "
"E:\projecto\e_garage\templates_canonical\taller\cl\es\vehiculos\crear_vehiculo.html","339","     console.log(""eGarage: vehiculos/crear ready"");"
"E:\projecto\e_garage\templates_canonical\taller\cl\es\vehiculos\crear_vehiculo.html","430","                 const base = countryPrefix() + ""vehiculos/"";"
"E:\projecto\e_garage\templates_canonical\taller\cl\es\vehiculos\crear_vehiculo.html","500","                 const base = countryPrefix() + ""vehiculos/"";"
"E:\projecto\e_garage\templates_canonical\taller\cl\es\vehiculos\crear_vehiculo.html","524","                 const base = countryPrefix() + ""vehiculos/"";"
"E:\projecto\e_garage\templates_canonical\taller\cl\es\vehiculos\crear_vehiculo.html","555","                 const base = countryPrefix() + ""vehiculos/"";"
"E:\projecto\e_garage\templates_canonical\taller\cl\es\vehiculos\crear_vehiculo.html","644","                 const base = countryPrefix() + ""vehiculos/"";"
"E:\projecto\e_garage\templates_canonical\taller\cl\es\vehiculos\crear_vehiculo.html","706","                         fetch(countryPrefix() + ""vehiculos/api/colores/?q="" + encodeURIComponent(q),"
"E:\projecto\e_garage\templates_canonical\taller\cl\es\vehiculos\crear_vehiculo.html","740","                 fetch(countryPrefix() + ""vehiculos/api/colores/crear/"", {"
"E:\projecto\e_garage\templates_canonical\taller\cl\es\vehiculos\crear_vehiculo.html","806","         const url = countryPrefix() + ""vehiculos/crear-"" + kind + ""/?"" + params.toString();"
"E:\projecto\e_garage\templates_canonical\taller\cl\es\vehiculos\detalle.html","21","      <li><strong>Cliente:</strong> {{ vehiculo.cliente.nombre }} {{ vehiculo.cliente.apellido }}</li>"
"E:\projecto\e_garage\templates_canonical\taller\cl\es\vehiculos\detalle.html","22","      <li><strong>Marca:</strong> {{ vehiculo.modelo.marca.nombre }}</li>"
"E:\projecto\e_garage\templates_canonical\taller\cl\es\vehiculos\detalle.html","23","      <li><strong>Modelo:</strong> {{ vehiculo.modelo.nombre }}</li>"
"E:\projecto\e_garage\templates_canonical\taller\cl\es\vehiculos\detalle.html","24","      <li><strong>Año:</strong> {{ vehiculo.anio }}</li>"
"E:\projecto\e_garage\templates_canonical\taller\cl\es\vehiculos\detalle.html","25","      <li><strong>Patente:</strong> {{ vehiculo.patente }}</li>"
"E:\projecto\e_garage\templates_canonical\taller\cl\es\vehiculos\detalle.html","26","      <li><strong>VIN:</strong> {{ vehiculo.vin }}</li>"
"E:\projecto\e_garage\templates_canonical\taller\cl\es\vehiculos\detalle.html","29","  {% url 'taller:vehiculos:lista_vehiculos' as url_lista_vehiculos %}"
"E:\projecto\e_garage\templates_canonical\taller\cl\es\vehiculos\detalle.html","30","  <a href=""{{ url_lista_vehiculos|default:'#' }}"" class=""bg-sky-600 text-white px-6 py-2 rounded hover:bg-sky-700"">⬅️ Volver</a>"
"E:\projecto\e_garage\templates_canonical\taller\cl\es\vehiculos\editar.html","10","<div class=""campo-vehiculo"" data-campo=""cliente"">"
"E:\projecto\e_garage\templates_canonical\taller\cl\es\vehiculos\editar.html","17","<div class=""campo-vehiculo"" data-campo=""anio"">"
"E:\projecto\e_garage\templates_canonical\taller\cl\es\vehiculos\editar.html","24","<div class=""campo-vehiculo"" data-campo=""marca"">"
"E:\projecto\e_garage\templates_canonical\taller\cl\es\vehiculos\editar.html","31","<div class=""campo-vehiculo"" data-campo=""modelo"">"
"E:\projecto\e_garage\templates_canonical\taller\cl\es\vehiculos\editar.html","38","<div class=""campo-vehiculo"" data-campo=""patente"">"
"E:\projecto\e_garage\templates_canonical\taller\cl\es\vehiculos\editar.html","45","<div class=""campo-vehiculo"" data-campo=""vin"">"
"E:\projecto\e_garage\templates_canonical\taller\cl\es\vehiculos\editar.html","53","<div class=""campo-vehiculo"" data-campo=""color"">"
"E:\projecto\e_garage\templates_canonical\taller\cl\es\vehiculos\editar.html","68","<script src=""{% static 'js/formulario_vehiculo.js' %}""></script>"
"E:\projecto\e_garage\templates_canonical\taller\cl\es\vehiculos\editar_vehiculo.html","26","      <form id=""form-editar-vehiculo"""
"E:\projecto\e_garage\templates_canonical\taller\cl\es\vehiculos\editar_vehiculo.html","28","            action=""{% url 'chile:taller:vehiculos:editar_vehiculo' vehiculo.id %}"""
"E:\projecto\e_garage\templates_canonical\taller\cl\es\vehiculos\editar_vehiculo.html","177","          <a href=""{% url 'chile:taller:vehiculos:lista_vehiculos' %}"""
"E:\projecto\e_garage\templates_canonical\taller\cl\es\vehiculos\editar_vehiculo.html","209","  const f = document.getElementById('form-editar-vehiculo');"
"E:\projecto\e_garage\templates_canonical\taller\cl\es\vehiculos\vehiculos.html","52","#busqueda-vehiculo {"
"E:\projecto\e_garage\templates_canonical\taller\cl\es\vehiculos\vehiculos.html","61","#busqueda-vehiculo:focus {"
"E:\projecto\e_garage\templates_canonical\taller\cl\es\vehiculos\vehiculos.html","67","#busqueda-vehiculo::placeholder {"
"E:\projecto\e_garage\templates_canonical\taller\cl\es\vehiculos\vehiculos.html","105","       href=""{% country_url 'crear_vehiculo' app_namespace='vehiculos' %}"">+ Agregar Vehículo</a>"
"E:\projecto\e_garage\templates_canonical\taller\cl\es\vehiculos\vehiculos.html","111","             id=""busqueda-vehiculo"""
"E:\projecto\e_garage\templates_canonical\taller\cl\es\vehiculos\vehiculos.html","141","      <tbody class=""translucent-card text-black"" id=""tabla-vehiculos"">"
"E:\projecto\e_garage\templates_canonical\taller\cl\es\vehiculos\vehiculos.html","142","        {% for vehiculo in vehiculos %}"
"E:\projecto\e_garage\templates_canonical\taller\cl\es\vehiculos\vehiculos.html","144","          <td class=""px-4 py-2"">{{ vehiculo.patente }}</td>"
"E:\projecto\e_garage\templates_canonical\taller\cl\es\vehiculos\vehiculos.html","145","          <td class=""px-4 py-2"">{{ vehiculo.marca|sin_pais }}</td>"
"E:\projecto\e_garage\templates_canonical\taller\cl\es\vehiculos\vehiculos.html","146","          <td class=""px-4 py-2"">{{ vehiculo.modelo }}</td>"
"E:\projecto\e_garage\templates_canonical\taller\cl\es\vehiculos\vehiculos.html","147","          <td class=""px-4 py-2"">{{ vehiculo.anio }}</td>"
"E:\projecto\e_garage\templates_canonical\taller\cl\es\vehiculos\vehiculos.html","148","          <td class=""px-4 py-2"">{{ vehiculo.cliente.nombre }} {{ vehiculo.cliente.apellido }}</td>"
"E:\projecto\e_garage\templates_canonical\taller\cl\es\vehiculos\vehiculos.html","150","            <a class=""text-blue-600 hover:underline"" href=""{% url 'chile:taller:vehiculos:ver_vehiculo' vehiculo.id %}"" title=""Ver"">👁️</a>"
"E:\projecto\e_garage\templates_canonical\taller\cl\es\vehiculos\vehiculos.html","151","            <a class=""text-yellow-600 hover:underline"" href=""{% url 'chile:taller:vehiculos:editar_vehiculo' vehiculo_id=vehiculo.id %}"" title=""Editar"">✏️</a>"
"E:\projecto\e_garage\templates_canonical\taller\cl\es\vehiculos\vehiculos.html","152","            <a class=""text-red-600 hover:underline"" href=""{% url 'chile:taller:vehiculos:eliminar_vehiculo' vehiculo_id=vehiculo.id %}"" title=""Eliminar"">🗑️</a>"
"E:\projecto\e_garage\templates_canonical\taller\cl\es\vehiculos\vehiculos.html","165","    const input = document.getElementById('busqueda-vehiculo');"
"E:\projecto\e_garage\templates_canonical\taller\cl\es\vehiculos\vehiculos.html","166","    const filas = document.querySelectorAll('#tabla-vehiculos tr');"
"E:\projecto\e_garage\templates_canonical\taller\cl\es\vehiculos\vehiculos.html","169","    function buscarVehiculos(filtro) {"
"E:\projecto\e_garage\templates_canonical\taller\cl\es\vehiculos\vehiculos.html","247","        buscarVehiculos(filtro);"
"E:\projecto\e_garage\templates_canonical\taller\cl\es\vehiculos\vehiculos_fixed.html","74","       href=""{% country_url 'crear_vehiculo' app_namespace='vehiculos' %}"">+ Agregar Vehículo</a>"
"E:\projecto\e_garage\templates_canonical\taller\cl\es\vehiculos\vehiculos_fixed.html","78","    <input class=""w-full rounded px-4 py-2 text-black"" id=""busqueda-vehiculo"" placeholder=""Buscar vehículo por patente, modelo, VIN o marca..."" type=""text""/>"
"E:\projecto\e_garage\templates_canonical\taller\cl\es\vehiculos\vehiculos_fixed.html","93","      <tbody class=""translucent-card text-black"" id=""tabla-vehiculos"">"
"E:\projecto\e_garage\templates_canonical\taller\cl\es\vehiculos\vehiculos_fixed.html","94","        {% for vehiculo in vehiculos %}"
"E:\projecto\e_garage\templates_canonical\taller\cl\es\vehiculos\vehiculos_fixed.html","96","          <td class=""px-4 py-2"">{{ vehiculo.patente }}</td>"
"E:\projecto\e_garage\templates_canonical\taller\cl\es\vehiculos\vehiculos_fixed.html","97","          <td class=""px-4 py-2"">{{ vehiculo.marca|sin_pais }}</td>"
"E:\projecto\e_garage\templates_canonical\taller\cl\es\vehiculos\vehiculos_fixed.html","98","          <td class=""px-4 py-2"">{{ vehiculo.modelo }}</td>"
"E:\projecto\e_garage\templates_canonical\taller\cl\es\vehiculos\vehiculos_fixed.html","99","          <td class=""px-4 py-2"">{{ vehiculo.anio }}</td>"
"E:\projecto\e_garage\templates_canonical\taller\cl\es\vehiculos\vehiculos_fixed.html","100","          <td class=""px-4 py-2"">{{ vehiculo.cliente.nombre }} {{ vehiculo.cliente.apellido }}</td>"
"E:\projecto\e_garage\templates_canonical\taller\cl\es\vehiculos\vehiculos_fixed.html","102","            <a class=""text-blue-600 hover:underline"" href=""{% url 'chile:taller:vehiculos:ver_vehiculo' vehiculo.id %}"" title=""Ver"">👁️</a>"
"E:\projecto\e_garage\templates_canonical\taller\cl\es\vehiculos\vehiculos_fixed.html","103","            <a class=""text-yellow-600 hover:underline"" href=""{% url 'chile:taller:vehiculos:editar_vehiculo' vehiculo_id=vehiculo.id %}"" title=""Editar"">✏️</a>"
"E:\projecto\e_garage\templates_canonical\taller\cl\es\vehiculos\vehiculos_fixed.html","104","            <a class=""text-red-600 hover:underline"" href=""{% url 'chile:taller:vehiculos:eliminar_vehiculo' vehiculo_id=vehiculo.id %}"" title=""Eliminar"">🗑️</a>"
"E:\projecto\e_garage\templates_canonical\taller\cl\es\vehiculos\vehiculos_fixed.html","117","    const input = document.getElementById('busqueda-vehiculo');"
"E:\projecto\e_garage\templates_canonical\taller\cl\es\vehiculos\vehiculos_fixed.html","118","    const filas = document.querySelectorAll('#tabla-vehiculos tr');"
"E:\projecto\e_garage\templates_canonical\taller\cl\es\vehiculos\vehiculo_detail.html","124","    <a href=""{% country_url 'lista_vehiculos' app_namespace='vehiculos' %}"""
"E:\projecto\e_garage\templates_canonical\taller\cl\es\vehiculos\vehiculo_detail.html","193","      <a href=""{% url 'chile:taller:vehiculos:editar_vehiculo' vehiculo_id=object.id %}"""
"E:\projecto\e_garage\templates_canonical\taller\cl\es\vehiculos\vehiculo_detail.html","198","      <a href=""{% url 'chile:taller:vehiculos:eliminar_vehiculo' vehiculo_id=object.id %}"""
"E:\projecto\e_garage\templates_canonical\taller\cl\es\vehiculos\vehiculo_detail.html","203","      <a href=""{% country_url 'lista_vehiculos' app_namespace='vehiculos' %}"""
"E:\projecto\e_garage\templates_canonical\taller\cl\es\vehiculos\vehiculo_form.html","119","    <a href=""{% country_url 'lista_vehiculos' app_namespace='vehiculos' %}"""
"E:\projecto\e_garage\templates_canonical\taller\cl\es\vehiculos\vehiculo_form.html","184","        <a href=""{% url 'chile:taller:vehiculos:ver_vehiculo' object.id %}"""
"E:\projecto\e_garage\templates_canonical\taller\cl\es\vehiculos\vehiculo_list.html","301","<!-- 🟤 MARCADOR MARRÓN: TEMPLATE CL ES VEHICULO_LIST.HTML -->"
"E:\projecto\e_garage\templates_canonical\taller\cl\es\vehiculos\vehiculo_list.html","323","          <p class=""text-green-300 text-lg"">{% trans ""Sistema avanzado de gestión vehicular"" %}</p>"
"E:\projecto\e_garage\templates_canonical\taller\cl\es\vehiculos\vehiculo_list.html","334","  {% include ""taller/common/vehiculos/_ai_badges.html"" %}"
"E:\projecto\e_garage\templates_canonical\taller\cl\es\vehiculos\vehiculo_list.html","335","  {% include ""taller/common/vehiculos/_filters_toolbar.html"" %}"
"E:\projecto\e_garage\templates_canonical\taller\cl\es\vehiculos\vehiculo_list.html","340","    🔍 Búsqueda: ""{{ search_query }}"" - {{ total_vehiculos }} vehículos encontrados"
"E:\projecto\e_garage\templates_canonical\taller\cl\es\vehiculos\vehiculo_list.html","344","  {% include ""taller/common/vehiculos/_table.html"" %}"
"E:\projecto\e_garage\templates_canonical\taller\cl\es\vehiculos\vehiculo_list.html","345","  {% include ""taller/common/vehiculos/_empty_state.html"" %}"
"E:\projecto\e_garage\templates_canonical\taller\cl\es\vehiculos\vehiculo_list.html","346","  {% include ""taller/common/vehiculos/_pagination.html"" %}"
"E:\projecto\e_garage\templates_canonical\taller\cl\es\vehiculos\vehiculo_list.html","347","  {% include ""taller/common/vehiculos/_add_button.html"" %}"
"E:\projecto\e_garage\templates_canonical\taller\cl\es\vehiculos\vehiculo_list.html","348","  {% include ""taller/common/vehiculos/_footer.html"" %}"
"E:\projecto\e_garage\templates_canonical\taller\cl\es\vehiculos\vehiculo_list_ai.html","6","<!-- ⚪ MARCADOR BLANCO: TEMPLATE CL ES VEHICULO_LIST_AI.HTML -->"
"E:\projecto\e_garage\templates_canonical\taller\cl\es\vehiculos\vehiculo_list_ai.html","375","  <div class=""matrix-code"" style=""left: 40%; animation-delay: 2s;"">AI VEHICULAR SYS</div>"
"E:\projecto\e_garage\templates_canonical\taller\cl\es\vehiculos\vehiculo_list_ai.html","400","    <span>{{ vehiculos|length }} Vehículos</span>"
"E:\projecto\e_garage\templates_canonical\taller\cl\es\vehiculos\vehiculo_list_ai.html","412","          <p class=""text-slate-400 text-sm"">{% trans ""Sistema de gestión vehicular profesional"" %}</p>"
"E:\projecto\e_garage\templates_canonical\taller\cl\es\vehiculos\vehiculo_list_ai.html","443","  <a href=""{% url 'chile:taller:vehiculos:crear_vehiculo' %}"" class=""inline-flex items-center space-x-2 px-6 py-3 bg-gradient-to-r from-indigo-700/90 to-slate-700/90 hover:from-indigo-600/90 hover:to-slate-600/90 text-white font-semibold rounded-lg transition-all shadow-lg border border-indigo-500/40"">"
"E:\projecto\e_garage\templates_canonical\taller\cl\es\vehiculos\vehiculo_list_ai.html","457","  {% for vehiculo in vehiculos %}"
"E:\projecto\e_garage\templates_canonical\taller\cl\es\vehiculos\vehiculo_list_ai.html","466","          <p class=""text-indigo-300 font-mono font-bold text-sm"">{{ vehiculo.patente|default:vehiculo.vin|default:""-""|truncatechars:8 }}</p>"
"E:\projecto\e_garage\templates_canonical\taller\cl\es\vehiculos\vehiculo_list_ai.html","467","          <p class=""text-slate-500 text-xs"">ID: #{{ vehiculo.pk }}</p>"
"E:\projecto\e_garage\templates_canonical\taller\cl\es\vehiculos\vehiculo_list_ai.html","479","          {% if vehiculo.cliente.nombre or vehiculo.cliente.apellido %}"
"E:\projecto\e_garage\templates_canonical\taller\cl\es\vehiculos\vehiculo_list_ai.html","480","            {{ vehiculo.cliente.nombre|default:"""" }} {{ vehiculo.cliente.apellido|default:"""" }}"
"E:\projecto\e_garage\templates_canonical\taller\cl\es\vehiculos\vehiculo_list_ai.html","491","          <p class=""text-slate-300 font-semibold text-xs truncate"">{{ vehiculo.marca.nombre|default:""-"" }}</p>"
"E:\projecto\e_garage\templates_canonical\taller\cl\es\vehiculos\vehiculo_list_ai.html","495","          <p class=""text-slate-300 font-semibold text-xs truncate"">{{ vehiculo.modelo.nombre|default:""-"" }}</p>"
"E:\projecto\e_garage\templates_canonical\taller\cl\es\vehiculos\vehiculo_list_ai.html","502","      <a href=""{% url 'chile:taller:vehiculos:ver_vehiculo' vehiculo.pk %}"""
"E:\projecto\e_garage\templates_canonical\taller\cl\es\vehiculos\vehiculo_list_ai.html","509","      <a href=""{% url 'chile:taller:vehiculos:editar_vehiculo' vehiculo.pk %}"""
"E:\projecto\e_garage\templates_canonical\taller\cl\es\vehiculos\vehiculo_list_ai.html","572","    <a href=""{% url 'chile:taller:vehiculos:crear_vehiculo' %}"" class=""ai-action-btn"" style=""margin-top: 20px; display: inline-block;"">"
"E:\projecto\e_garage\templates_canonical\taller\cl\es\vehiculos\vehiculo_list_ai.html","692","  message.innerHTML = '🤖 IA ACTIVADA - ANÁLISIS VEHICULAR EN PROGRESO...';"
"E:\projecto\e_garage\templates_canonical\taller\cl\es\vehiculos\_tabla_vehiculos.html","13","      {% for v in vehiculos %}"
"E:\projecto\e_garage\templates_canonical\taller\cl\es\vehiculos\_tabla_vehiculos.html","20","          {% url 'taller:vehiculos:detalle_vehiculo' v.id as url_detalle_vehiculo %}"
"E:\projecto\e_garage\templates_canonical\taller\cl\es\vehiculos\_tabla_vehiculos.html","21","          {% url 'taller:vehiculos:editar_vehiculo' v.id as url_editar_vehiculo %}"
"E:\projecto\e_garage\templates_canonical\taller\cl\es\vehiculos\_tabla_vehiculos.html","22","          {% url 'taller:vehiculos:eliminar_vehiculo' v.id as url_eliminar_vehiculo %}"
"E:\projecto\e_garage\templates_canonical\taller\cl\es\vehiculos\_tabla_vehiculos.html","23","          <a href=""{{ url_detalle_vehiculo|default:'#' }}"" class=""text-blue-600 hover:underline"" title=""Ver"">👁️</a>"
"E:\projecto\e_garage\templates_canonical\taller\cl\es\vehiculos\_tabla_vehiculos.html","24","          <a href=""{{ url_editar_vehiculo|default:'#' }}"" class=""text-orange-600 hover:underline"" title=""Editar"">✏️</a>"
"E:\projecto\e_garage\templates_canonical\taller\cl\es\vehiculos\_tabla_vehiculos.html","25","          <a href=""{{ url_eliminar_vehiculo|default:'#' }}"" class=""text-red-600 hover:underline ml-2"" title=""Eliminar"">🗑️</a>"
"E:\projecto\e_garage\templates_canonical\taller\common\dashboard\centro_operaciones.html","371","            <a href=""/cl/vehiculos/"" class=""command-panel modern-panel"">"
"E:\projecto\e_garage\templates_canonical\taller\common\dashboard\centro_operaciones.html","378","                <div class=""modern-description"">Sistema vehicular smart</div>"
"E:\projecto\e_garage\templates_canonical\taller\common\vehiculos\vehiculo_list.html","302","<!-- 🔵 MARCADOR AZUL: TEMPLATE COMÚN VEHICULO_LIST.HTML -->"
"E:\projecto\e_garage\templates_canonical\taller\common\vehiculos\vehiculo_list.html","335","  {% include ""taller/common/vehiculos/_ai_badges.html"" %}"
"E:\projecto\e_garage\templates_canonical\taller\common\vehiculos\vehiculo_list.html","336","  {% include ""taller/common/vehiculos/_filters_toolbar.html"" %}"
"E:\projecto\e_garage\templates_canonical\taller\common\vehiculos\vehiculo_list.html","337","  {% include ""taller/common/vehiculos/_table.html"" %}"
"E:\projecto\e_garage\templates_canonical\taller\common\vehiculos\vehiculo_list.html","338","  {% include ""taller/common/vehiculos/_empty_state.html"" %}"
"E:\projecto\e_garage\templates_canonical\taller\common\vehiculos\vehiculo_list.html","339","  {% include ""taller/common/vehiculos/_pagination.html"" %}"
"E:\projecto\e_garage\templates_canonical\taller\common\vehiculos\vehiculo_list.html","340","  {% include ""taller/common/vehiculos/_add_button.html"" %}"
"E:\projecto\e_garage\templates_canonical\taller\common\vehiculos\vehiculo_list.html","341","  {% include ""taller/common/vehiculos/_footer.html"" %}"
"E:\projecto\e_garage\templates_canonical\taller\common\vehiculos\_add_button.html","3","  <a href=""{% url 'chile:taller:vehiculos:crear_vehiculo' %}"""
"E:\projecto\e_garage\templates_canonical\taller\common\vehiculos\_empty_state.html","2","{% if not vehiculos %}"
"E:\projecto\e_garage\templates_canonical\taller\common\vehiculos\_table.html","4","  {% for vehiculo in vehiculos %}"
"E:\projecto\e_garage\templates_canonical\taller\common\vehiculos\_table.html","10","          <span class=""text-white text-xs font-bold"">{{ vehiculo.marca.nombre|default:""?""|first }}</span>"
"E:\projecto\e_garage\templates_canonical\taller\common\vehiculos\_table.html","13","          <h3 class=""text-white font-bold text-sm"">{{ vehiculo.patente|default:vehiculo.vin|default:""-"" }}</h3>"
"E:\projecto\e_garage\templates_canonical\taller\common\vehiculos\_table.html","14","          <p class=""text-cyan-400 text-xs font-medium"">{{ vehiculo.marca.nombre|default:""-"" }} {{ vehiculo.modelo.nombre|default:"""" }}</p>"
"E:\projecto\e_garage\templates_canonical\taller\common\vehiculos\_table.html","24","        <span class=""text-white font-medium"">{{ vehiculo.cliente.nombre|default:""-"" }} {{ vehiculo.cliente.apellido|default:"""" }}</span>"
"E:\projecto\e_garage\templates_canonical\taller\common\vehiculos\_table.html","28","        <span class=""text-white"">{{ vehiculo.anio|default:""-"" }}</span>"
"E:\projecto\e_garage\templates_canonical\taller\common\vehiculos\_table.html","34","      <a href=""{% if request.path|slice:"":4"" == ""/us/"" %}/us/vehiculos/{{ vehiculo.pk }}/{% else %}/cl/vehiculos/{{ vehiculo.pk }}/{% endif %}"""
"E:\projecto\e_garage\templates_canonical\taller\common\vehiculos\_table.html","42","      <a href=""{% if request.path|slice:"":4"" == ""/us/"" %}/us/vehiculos/{{ vehiculo.pk }}/editar/{% else %}/cl/vehiculos/{{ vehiculo.pk }}/editar/{% endif %}"""
"E:\projecto\e_garage\templates_canonical\taller\documentos\_form_common.html","54","      <label class=""form-label"" for=""{{ form.vehiculo.id_for_label }}"">Vehículo</label>"
"E:\projecto\e_garage\templates_canonical\taller\documentos\_form_common.html","55","      {{ form.vehiculo|add_class:""form-input"" }}"
"E:\projecto\e_garage\templates_canonical\taller\documentos\_form_common.html","56","      {% if form.vehiculo.errors %}"
"E:\projecto\e_garage\templates_canonical\taller\documentos\_form_common.html","57","        <div class=""error-message"">{{ form.vehiculo.errors }}</div>"
"E:\projecto\e_garage\templates_canonical\taller\documentos\_form_country_cl.html","7","  {# Kilometraje: usa el mismo campo extra del form (kilometraje) que persiste en vehiculo.millas #}"
"E:\projecto\e_garage\templates_canonical\taller\pdf\documento.html","185","      <div class=""info-cell"">{{ documento.vehiculo.patente }} - {{ documento.vehiculo.marca.nombre }} {{ documento.vehiculo.modelo.nombre }}</div>"
"E:\projecto\e_garage\templates_canonical\taller\pdf\documento.html","187","      <div class=""info-cell"">{{ documento.vehiculo.anio }}</div>"
"E:\projecto\e_garage\templates_canonical\taller\reportes\reportes.html","22","      <a href=""/vehiculos/"" class=""btn-futuristic-nav""><span>Vehículos</span><span class=""glow""></span></a>"
"E:\projecto\e_garage\templates_canonical\taller\reportes\reportes.html","128","        <div class=""categoria-card"" data-categoria=""vehiculos"">"
"E:\projecto\e_garage\templates_canonical\taller\reportes\reportes.html","132","            <span class=""categoria-badge"" id=""badgeVehiculos"">-</span>"
"E:\projecto\e_garage\templates_canonical\taller\reportes\reportes.html","137","                <span class=""stat-number"" id=""totalVehiculos"">-</span>"
"E:\projecto\e_garage\templates_canonical\taller\reportes\reportes.html","149","            <canvas id=""chartVehiculos"" class=""mini-chart""></canvas>"
"E:\projecto\e_garage\templates_canonical\taller\reportes\reportes.html","152","            <button class=""btn-detalle"" data-tipo=""vehiculos"">Ver Detalles</button>"
"E:\projecto\e_garage\templates_canonical\taller\reportes\reportes.html","153","            <button class=""btn-exportar"" data-tipo=""vehiculos"">📊 Exportar</button>"
"E:\projecto\e_garage\templates_canonical\taller\reportes\reportes.html","340","      <a href=""servicios/?enfoque=vehiculos"" class=""reporte-card"">"
"E:\projecto\e_garage\templates_canonical\taller\reportes\reportes.html","1105","    cargarVehiculos(fechaDesde, fechaHasta);"
"E:\projecto\e_garage\templates_canonical\taller\reportes\reportes.html","1143","function cargarVehiculos(fechaDesde, fechaHasta) {"
"E:\projecto\e_garage\templates_canonical\taller\reportes\reportes.html","1145","    document.getElementById('badgeVehiculos').textContent = '28';"
"E:\projecto\e_garage\templates_canonical\taller\reportes\reportes.html","1146","    document.getElementById('totalVehiculos').textContent = '28';"
"E:\projecto\e_garage\templates_canonical\taller\reportes\reportes.html","1150","    crearMiniGrafico('chartVehiculos', ["
"E:\projecto\e_garage\templates_canonical\taller\reportes\reportes.html","1336","        'vehiculos': 'servicios/?enfoque=vehiculos',"
"E:\projecto\e_garage\templates_canonical\taller\reportes\reportes_mecanicos.html","213","                      <span class=""text-gray-200"">{{ documento.vehiculo.patente|default:documento.vehiculo.vin|default:""-"" }}</span>"
"E:\projecto\e_garage\templates_canonical\taller\us\en\common\base.html","142","      {% url 'vehiculos:lista_vehiculos' as url_vehiculos %}"
"E:\projecto\e_garage\templates_canonical\taller\us\en\common\base.html","150","      {% if url_vehiculos %}"
"E:\projecto\e_garage\templates_canonical\taller\us\en\common\base.html","151","        <a href=""{{ url_vehiculos }}"" class=""text-cyan-300 hover:text-lime-300 transition flex items-center gap-2"">"
"E:\projecto\e_garage\templates_canonical\taller\us\en\dashboard\centro_operaciones_espacial.html","383","            <a href=""/us/vehiculos/"" class=""command-panel modern-panel"">"
"E:\projecto\e_garage\templates_canonical\taller\us\en\documentos\documento.html","21","  <p><strong>Vehículo:</strong> {{ documento.vehiculo }}</p>"
"E:\projecto\e_garage\templates_canonical\taller\us\en\documentos\documento_form.html","64","          <select id=""vehiculo"" name=""vehiculo"" class=""futurista-input w-full"">"
"E:\projecto\e_garage\templates_canonical\taller\us\en\documentos\documento_pdf.html","25","  <strong>Vehículo:</strong> {{ documento.vehiculo }}<br>"
"E:\projecto\e_garage\templates_canonical\taller\us\en\documentos\editar_documento.html","437","          {{ form.vehiculo|add_class:""form-input"" }}"
"E:\projecto\e_garage\templates_canonical\taller\us\en\documentos\editar_documento.html","695","  $('#id_vehiculo').select2({"
"E:\projecto\e_garage\templates_canonical\taller\us\en\documentos\editar_documento.html","701","      url: '/documentos/autocomplete/vehiculo/',"
"E:\projecto\e_garage\templates_canonical\taller\us\en\documentos\editar_documento.html","717","          results: data.results.map(vehiculo => ({"
"E:\projecto\e_garage\templates_canonical\taller\us\en\documentos\editar_documento.html","718","            id: vehiculo.id,"
"E:\projecto\e_garage\templates_canonical\taller\us\en\documentos\editar_documento.html","719","            text: `${vehiculo.patente} - ${vehiculo.marca} ${vehiculo.modelo}`,"
"E:\projecto\e_garage\templates_canonical\taller\us\en\documentos\editar_documento.html","720","            patente: vehiculo.patente,"
"E:\projecto\e_garage\templates_canonical\taller\us\en\documentos\editar_documento.html","721","            marca: vehiculo.marca,"
"E:\projecto\e_garage\templates_canonical\taller\us\en\documentos\editar_documento.html","722","            modelo: vehiculo.modelo"
"E:\projecto\e_garage\templates_canonical\taller\us\en\documentos\editar_documento.html","751","    $('#id_vehiculo').prop('disabled', false);"
"E:\projecto\e_garage\templates_canonical\taller\us\en\documentos\editar_documento.html","752","    $('#id_vehiculo').val(null).trigger('change');"
"E:\projecto\e_garage\templates_canonical\taller\us\en\documentos\editar_documento.html","753","    $('#id_vehiculo').select2('destroy').select2({"
"E:\projecto\e_garage\templates_canonical\taller\us\en\documentos\editar_documento.html","758","        url: '/documentos/autocomplete/vehiculo/',"
"E:\projecto\e_garage\templates_canonical\taller\us\en\documentos\editar_documento.html","771","            results: data.results.map(vehiculo => ({"
"E:\projecto\e_garage\templates_canonical\taller\us\en\documentos\editar_documento.html","772","              id: vehiculo.id,"
"E:\projecto\e_garage\templates_canonical\taller\us\en\documentos\editar_documento.html","773","              text: `${vehiculo.patente} - ${vehiculo.marca} ${vehiculo.modelo}`,"
"E:\projecto\e_garage\templates_canonical\taller\us\en\documentos\editar_documento.html","774","              patente: vehiculo.patente,"
"E:\projecto\e_garage\templates_canonical\taller\us\en\documentos\editar_documento.html","775","              marca: vehiculo.marca,"
"E:\projecto\e_garage\templates_canonical\taller\us\en\documentos\editar_documento.html","776","              modelo: vehiculo.modelo"
"E:\projecto\e_garage\templates_canonical\taller\us\en\documentos\editar_documento.html","789","    $('#id_vehiculo').val(null).trigger('change');"
"E:\projecto\e_garage\templates_canonical\taller\us\en\documentos\editar_documento.html","790","    $('#id_vehiculo').prop('disabled', true).select2({"
"E:\projecto\e_garage\templates_canonical\taller\us\en\documentos\editar_documento.html","814","    $('#id_vehiculo').prop('disabled', false);"
"E:\projecto\e_garage\templates_canonical\taller\us\en\documentos\editar_documento.html","815","    $('#id_vehiculo').select2('destroy').select2({"
"E:\projecto\e_garage\templates_canonical\taller\us\en\documentos\editar_documento.html","820","        url: '/documentos/autocomplete/vehiculo/',"
"E:\projecto\e_garage\templates_canonical\taller\us\en\documentos\editar_documento.html","833","            results: data.results.map(vehiculo => ({"
"E:\projecto\e_garage\templates_canonical\taller\us\en\documentos\editar_documento.html","834","              id: vehiculo.id,"
"E:\projecto\e_garage\templates_canonical\taller\us\en\documentos\editar_documento.html","835","              text: `${vehiculo.patente} - ${vehiculo.marca} ${vehiculo.modelo}`,"
"E:\projecto\e_garage\templates_canonical\taller\us\en\documentos\editar_documento.html","836","              patente: vehiculo.patente,"
"E:\projecto\e_garage\templates_canonical\taller\us\en\documentos\editar_documento.html","837","              marca: vehiculo.marca,"
"E:\projecto\e_garage\templates_canonical\taller\us\en\documentos\editar_documento.html","838","              modelo: vehiculo.modelo"
"E:\projecto\e_garage\templates_canonical\taller\us\en\documentos\formulario_documento.html","216","        <label for=""id_vehiculo"">Vehículo</label>"
"E:\projecto\e_garage\templates_canonical\taller\us\en\documentos\formulario_documento.html","217","        {{ form.vehiculo }}"
"E:\projecto\e_garage\templates_canonical\taller\us\en\documentos\formulario_documento.html","339","  const $vehiculo = $('#id_vehiculo');"
"E:\projecto\e_garage\templates_canonical\taller\us\en\documentos\formulario_documento.html","340","  const $vehiculoWrapper = $('#vehiculo-wrapper');"
"E:\projecto\e_garage\templates_canonical\taller\us\en\documentos\formulario_documento.html","341","  const $vehiculoAlerta = $('#vehiculo-alerta');"
"E:\projecto\e_garage\templates_canonical\taller\us\en\documentos\formulario_documento.html","386","  function initVehiculoSelect2(clienteId) {"
"E:\projecto\e_garage\templates_canonical\taller\us\en\documentos\formulario_documento.html","387","    $vehiculo.select2({"
"E:\projecto\e_garage\templates_canonical\taller\us\en\documentos\formulario_documento.html","389","        url: '/autocomplete/vehiculo/',"
"E:\projecto\e_garage\templates_canonical\taller\us\en\documentos\formulario_documento.html","411","  initVehiculoSelect2($cliente.val());"
"E:\projecto\e_garage\templates_canonical\taller\us\en\documentos\formulario_documento.html","416","    $vehiculo.val(null).trigger('change');"
"E:\projecto\e_garage\templates_canonical\taller\us\en\documentos\formulario_documento.html","417","    $vehiculo.select2('destroy');"
"E:\projecto\e_garage\templates_canonical\taller\us\en\documentos\formulario_documento.html","418","    initVehiculoSelect2(clienteId);"
"E:\projecto\e_garage\templates_canonical\taller\us\en\documentos\formulario_documento.html","420","      $vehiculoWrapper.removeClass('hidden');"
"E:\projecto\e_garage\templates_canonical\taller\us\en\documentos\formulario_documento.html","422","      $vehiculoWrapper.addClass('hidden');"
"E:\projecto\e_garage\templates_canonical\taller\us\en\documentos\formulario_documento.html","426","  $vehiculo.on('select2:opening', function (e) {"
"E:\projecto\e_garage\templates_canonical\taller\us\en\documentos\formulario_documento.html","430","      $vehiculoAlerta.removeClass('hidden');"
"E:\projecto\e_garage\templates_canonical\taller\us\en\documentos\formulario_documento.html","432","        $vehiculoAlerta.addClass('hidden');"
"E:\projecto\e_garage\templates_canonical\taller\us\en\documentos\lista_documentos.html","11","        radial-gradient(circle at 40% 40%, rgba(120, 200, 255, 0.2) 0%, transparent 5          <th class=""sortable-header"" data-sort=""vehiculo"" onclick=""sortTable('vehiculo')"">"
"E:\projecto\e_garage\templates_canonical\taller\us\en\documentos\lista_documentos.html","13","            <span class=""sort-indicator"" id=""sort-vehiculo"">⚡</span>"
"E:\projecto\e_garage\templates_canonical\taller\us\en\documentos\lista_documentos.html","469","          <th class=""sortable-header"" data-sort=""vehiculo"" onclick=""sortTable('vehiculo')"">"
"E:\projecto\e_garage\templates_canonical\taller\us\en\documentos\lista_documentos.html","471","            <span class=""sort-indicator"" id=""sort-vehiculo"">⚡</span>"
"E:\projecto\e_garage\templates_canonical\taller\us\en\documentos\lista_documentos.html","516","            data-vehiculo=""{{ doc.vehiculo }}"">"
"E:\projecto\e_garage\templates_canonical\taller\us\en\documentos\lista_documentos.html","527","          <td class=""table-cell"">{{ doc.vehiculo|default:""N/A"" }}</td>"
"E:\projecto\e_garage\templates_canonical\taller\us\en\documentos\lista_documentos.html","673","        case 'vehiculo':"
"E:\projecto\e_garage\templates_canonical\taller\us\en\documentos\lista_documentos.html","674","          valueA = (a.dataset.vehiculo || '').toLowerCase();"
"E:\projecto\e_garage\templates_canonical\taller\us\en\documentos\lista_documentos.html","675","          valueB = (b.dataset.vehiculo || '').toLowerCase();"
"E:\projecto\e_garage\templates_canonical\taller\us\en\documentos\lista_documentos.html","772","          sortTable('vehiculo');"
"E:\projecto\e_garage\templates_canonical\taller\us\en\documentos\ver_documento.html","165","    <div><span class=""futurista-label"">Vehículo:</span> {{ documento.vehiculo }}</div>"
"E:\projecto\e_garage\templates_canonical\taller\us\en\documentos\ver_documento.html","166","    <div><span class=""futurista-label"">{{ country|mileage_label:request.LANGUAGE_CODE }}:</span> {{ documento.vehiculo.millas|default:""No especificado"" }}{% if country == 'US' %} miles{% else %} km{% endif %}</div>"
"E:\projecto\e_garage\templates_canonical\taller\us\en\documentos\ver_documento_nuevo.html","247","        {% if documento.vehiculo %}"
"E:\projecto\e_garage\templates_canonical\taller\us\en\documentos\ver_documento_nuevo.html","248","          {{ documento.vehiculo.patente }} - {{ documento.vehiculo.marca.nombre }} {{ documento.vehiculo.modelo.nombre }}"
"E:\projecto\e_garage\templates_canonical\taller\us\en\documentos\_form_common.html","50","      <label class=""form-label"" for=""{{ form.vehiculo.id_for_label }}"">Vehículo</label>"
"E:\projecto\e_garage\templates_canonical\taller\us\en\documentos\_form_common.html","51","      {{ form.vehiculo|add_class:""form-input"" }}"
"E:\projecto\e_garage\templates_canonical\taller\us\en\documentos\_form_country_cl.html","7","  {# Kilometraje: usa el mismo campo extra del form (kilometraje) que persiste en vehiculo.millas #}"
"E:\projecto\e_garage\templates_canonical\taller\us\en\other\demo_vehiculo.html","4","{% block title %}🚗 Demo IA Vehicular{% endblock %}"
"E:\projecto\e_garage\templates_canonical\taller\us\en\other\demo_vehiculo.html","74","    .vehiculo-info {"
"E:\projecto\e_garage\templates_canonical\taller\us\en\other\demo_vehiculo.html","83","    .vehiculo-specs {"
"E:\projecto\e_garage\templates_canonical\taller\us\en\other\demo_vehiculo.html","304","        .vehiculo-specs {"
"E:\projecto\e_garage\templates_canonical\taller\us\en\other\demo_vehiculo.html","321","        <h1 class=""demo-title"">🚗 DEMO IA VEHICULAR</h1>"
"E:\projecto\e_garage\templates_canonical\taller\us\en\other\demo_vehiculo.html","331","    <div class=""vehiculo-info"">"
"E:\projecto\e_garage\templates_canonical\taller\us\en\other\demo_vehiculo.html","335","        <div class=""vehiculo-specs"">"
"E:\projecto\e_garage\templates_canonical\taller\us\en\other\demo_vehiculo.html","338","                <div class=""spec-value"">{{ demo_data.vehiculo_ejemplo.marca }}</div>"
"E:\projecto\e_garage\templates_canonical\taller\us\en\other\demo_vehiculo.html","342","                <div class=""spec-value"">{{ demo_data.vehiculo_ejemplo.modelo }}</div>"
"E:\projecto\e_garage\templates_canonical\taller\us\en\other\demo_vehiculo.html","346","                <div class=""spec-value"">{{ demo_data.vehiculo_ejemplo.kilometraje }}</div>"
"E:\projecto\e_garage\templates_canonical\taller\us\en\other\demo_vehiculo.html","356","            Basado en 50,000+ patrones de mantenimiento vehicular"
"E:\projecto\e_garage\templates_canonical\taller\us\en\other\demo_vehiculo.html","485","    gtag('event', 'demo_ia_vehicular_vista', {"
"E:\projecto\e_garage\templates_canonical\taller\us\en\other\demo_vehiculo.html","490","            'vehiculo': '{{ demo_data.vehiculo_ejemplo.marca }} {{ demo_data.vehiculo_ejemplo.modelo }}'"
"E:\projecto\e_garage\templates_canonical\taller\us\en\other\documento_form.html","524","                        {{ form.vehiculo }}"
"E:\projecto\e_garage\templates_canonical\taller\us\en\other\sugerencias_basicas.html","116","    .vehiculo-selector {"
"E:\projecto\e_garage\templates_canonical\taller\us\en\other\sugerencias_basicas.html","341","        .vehiculo-selector {"
"E:\projecto\e_garage\templates_canonical\taller\us\en\other\sugerencias_basicas.html","362","        <div class=""vehiculo-selector"">"
"E:\projecto\e_garage\templates_canonical\taller\us\en\other\sugerencias_basicas.html","486","const sugerenciasPorMarca = {{ sugerencias_por_vehiculo|safe }};"
"E:\projecto\e_garage\templates_canonical\taller\us\en\vehiculos\crear_vehiculo.html","39","            <p class=""text-gray-400 text-xs mt-0.5"">{% trans ""Registro vehicular"" %}</p>"
"E:\projecto\e_garage\templates_canonical\taller\us\en\vehiculos\crear_vehiculo.html","43","        <a href=""{% country_url 'vehiculos:lista_vehiculos' %}"""
"E:\projecto\e_garage\templates_canonical\taller\us\en\vehiculos\crear_vehiculo.html","238","        <a href=""{% country_url 'vehiculos:lista_vehiculos' %}"""
"E:\projecto\e_garage\templates_canonical\taller\us\en\vehiculos\crear_vehiculo.html","258","      <span>{% trans ""Formulario de registro vehicular"" %}</span>"
"E:\projecto\e_garage\templates_canonical\taller\us\en\vehiculos\detalle.html","21","      <li><strong>Cliente:</strong> {{ vehiculo.cliente.nombre }} {{ vehiculo.cliente.apellido }}</li>"
"E:\projecto\e_garage\templates_canonical\taller\us\en\vehiculos\detalle.html","22","      <li><strong>Marca:</strong> {{ vehiculo.modelo.marca.nombre }}</li>"
"E:\projecto\e_garage\templates_canonical\taller\us\en\vehiculos\detalle.html","23","      <li><strong>Modelo:</strong> {{ vehiculo.modelo.nombre }}</li>"
"E:\projecto\e_garage\templates_canonical\taller\us\en\vehiculos\detalle.html","24","      <li><strong>Año:</strong> {{ vehiculo.anio }}</li>"
"E:\projecto\e_garage\templates_canonical\taller\us\en\vehiculos\detalle.html","25","      <li><strong>Patente:</strong> {{ vehiculo.patente }}</li>"
"E:\projecto\e_garage\templates_canonical\taller\us\en\vehiculos\detalle.html","26","      <li><strong>VIN:</strong> {{ vehiculo.vin }}</li>"
"E:\projecto\e_garage\templates_canonical\taller\us\en\vehiculos\detalle.html","29","  {% url 'taller:vehiculos:lista_vehiculos' as url_lista_vehiculos %}"
"E:\projecto\e_garage\templates_canonical\taller\us\en\vehiculos\detalle.html","30","  <a href=""{{ url_lista_vehiculos|default:'#' }}"" class=""bg-sky-600 text-white px-6 py-2 rounded hover:bg-sky-700"">⬅️ Volver</a>"
"E:\projecto\e_garage\templates_canonical\taller\us\en\vehiculos\editar_vehiculo.html","26","      <form id=""form-editar-vehiculo"""
"E:\projecto\e_garage\templates_canonical\taller\us\en\vehiculos\editar_vehiculo.html","28","            action=""{% url 'taller:vehiculos:editar_vehiculo' vehiculo.id %}"""
"E:\projecto\e_garage\templates_canonical\taller\us\en\vehiculos\editar_vehiculo.html","177","          <a href=""{% country_url 'vehiculos:lista_vehiculos' %}"""
"E:\projecto\e_garage\templates_canonical\taller\us\en\vehiculos\editar_vehiculo.html","209","  const f = document.getElementById('form-editar-vehiculo');"
"E:\projecto\e_garage\templates_canonical\taller\us\en\vehiculos\vehiculo_list.html","302","<!-- 🟢 MARCADOR VERDE: TEMPLATE USA EN VEHICULO_LIST.HTML -->"
"E:\projecto\e_garage\templates_canonical\taller\us\en\vehiculos\vehiculo_list.html","335","  {% include ""taller/common/vehiculos/_ai_badges.html"" %}"
"E:\projecto\e_garage\templates_canonical\taller\us\en\vehiculos\vehiculo_list.html","336","  {% include ""taller/common/vehiculos/_filters_toolbar.html"" %}"
"E:\projecto\e_garage\templates_canonical\taller\us\en\vehiculos\vehiculo_list.html","337","  {% include ""taller/common/vehiculos/_table.html"" %}"
"E:\projecto\e_garage\templates_canonical\taller\us\en\vehiculos\vehiculo_list.html","338","  {% include ""taller/common/vehiculos/_empty_state.html"" %}"
"E:\projecto\e_garage\templates_canonical\taller\us\en\vehiculos\vehiculo_list.html","339","  {% include ""taller/common/vehiculos/_pagination.html"" %}"
"E:\projecto\e_garage\templates_canonical\taller\us\en\vehiculos\vehiculo_list.html","340","  {% include ""taller/common/vehiculos/_add_button.html"" %}"
"E:\projecto\e_garage\templates_canonical\taller\us\en\vehiculos\vehiculo_list.html","341","  {% include ""taller/common/vehiculos/_footer.html"" %}"
"E:\projecto\e_garage\templates_canonical\taller\us\en\vehiculos\vehiculo_list_ai.html","302","<!-- 🟠 MARCADOR NARANJA: TEMPLATE USA EN VEHICULO_LIST_AI.HTML -->"
"E:\projecto\e_garage\templates_canonical\taller\us\en\vehiculos\vehiculo_list_ai.html","358","    {% for vehiculo in vehiculos %}"
"E:\projecto\e_garage\templates_canonical\taller\us\en\vehiculos\vehiculo_list_ai.html","364","            <span class=""text-white text-sm font-bold"">{{ vehiculo.marca.nombre|default:""?""|first }}</span>"
"E:\projecto\e_garage\templates_canonical\taller\us\en\vehiculos\vehiculo_list_ai.html","367","            <h3 class=""text-white font-bold text-sm"">{{ vehiculo.patente|default:vehiculo.vin|default:""-""|truncatechars:8 }}</h3>"
"E:\projecto\e_garage\templates_canonical\taller\us\en\vehiculos\vehiculo_list_ai.html","368","            <p class=""text-cyan-400 text-xs"">{{ vehiculo.marca.nombre|default:""-"" }}</p>"
"E:\projecto\e_garage\templates_canonical\taller\us\en\vehiculos\vehiculo_list_ai.html","378","          <span class=""text-white"">{{ vehiculo.cliente.nombre|default:""-""|truncatechars:12 }}</span>"
"E:\projecto\e_garage\templates_canonical\taller\us\en\vehiculos\vehiculo_list_ai.html","382","          <span class=""text-white"">{{ vehiculo.modelo.nombre|default:""-""|truncatechars:12 }}</span>"
"E:\projecto\e_garage\templates_canonical\taller\us\en\vehiculos\vehiculo_list_ai.html","386","          <span class=""text-white"">{{ vehiculo.anio|default:""-"" }}</span>"
"E:\projecto\e_garage\templates_canonical\taller\us\en\vehiculos\vehiculo_list_ai.html","392","        <a href=""{% url 'usa:taller:vehiculos:ver_vehiculo' vehiculo.pk %}"""
"E:\projecto\e_garage\templates_canonical\taller\us\en\vehiculos\vehiculo_list_ai.html","400","        <a href=""{% url 'usa:taller:vehiculos:editar_vehiculo' vehiculo.pk %}"""
"E:\projecto\e_garage\templates_canonical\taller\us\en\vehiculos\vehiculo_list_ai.html","482","    <a href=""{% country_url 'vehiculos:crear_vehiculo' %}"""
"E:\projecto\e_garage\templates_canonical\taller\us\en\vehiculos\vehiculo_list_simple.html","10","        <a href=""/us/vehiculos/crear/"" class=""btn btn-primary"">"
"E:\projecto\e_garage\templates_canonical\taller\us\en\vehiculos\vehiculo_list_simple.html","15","      {% if vehiculos %}"
"E:\projecto\e_garage\templates_canonical\taller\us\en\vehiculos\vehiculo_list_simple.html","17","          {% for vehiculo in vehiculos %}"
"E:\projecto\e_garage\templates_canonical\taller\us\en\vehiculos\vehiculo_list_simple.html","21","                <h5 class=""card-title"">{{ vehiculo.marca.nombre }} {{ vehiculo.modelo.nombre }}</h5>"
"E:\projecto\e_garage\templates_canonical\taller\us\en\vehiculos\vehiculo_list_simple.html","23","                  <strong>{% trans ""License Plate"" %}:</strong> {{ vehiculo.patente }}<br>"
"E:\projecto\e_garage\templates_canonical\taller\us\en\vehiculos\vehiculo_list_simple.html","24","                  <strong>{% trans ""VIN"" %}:</strong> {{ vehiculo.vin }}<br>"
"E:\projecto\e_garage\templates_canonical\taller\us\en\vehiculos\vehiculo_list_simple.html","25","                  <strong>{% trans ""Year"" %}:</strong> {{ vehiculo.anio }}<br>"
"E:\projecto\e_garage\templates_canonical\taller\us\en\vehiculos\vehiculo_list_simple.html","26","                  <strong>{% trans ""Client"" %}:</strong> {{ vehiculo.cliente.nombre }}"
"E:\projecto\e_garage\templates_canonical\taller\us\en\vehiculos\vehiculo_list_simple.html","29","                  <a href=""/us/vehiculos/{{ vehiculo.pk }}/"" class=""btn btn-sm btn-outline-primary"">"
"E:\projecto\e_garage\templates_canonical\taller\us\en\vehiculos\vehiculo_list_simple.html","32","                  <a href=""/us/vehiculos/{{ vehiculo.pk }}/editar/"" class=""btn btn-sm btn-outline-secondary"">"
"E:\projecto\e_garage\templates_canonical\taller\us\en\vehiculos\vehiculo_list_simple.html","46","          <a href=""/us/vehiculos/crear/"" class=""btn btn-primary"">"
"E:\projecto\e_garage\templates_canonical\taller\us\es\common\dashboard_usa.html","366","                    <a href=""/us/vehiculos/"" class=""text-blue-400 hover:text-blue-300 text-sm"" data-translate=""viewDemo"">View Demo →</a>"
"E:\projecto\e_garage\templates_canonical\taller\us\es\documentos\documento.html","21","  <p><strong>Vehículo:</strong> {{ documento.vehiculo }}</p>"
"E:\projecto\e_garage\templates_canonical\taller\us\es\documentos\documento_form.html","64","          <select id=""vehiculo"" name=""vehiculo"" class=""futurista-input w-full"">"
"E:\projecto\e_garage\templates_canonical\taller\us\es\documentos\documento_pdf.html","25","  <strong>Vehículo:</strong> {{ documento.vehiculo }}<br>"
"E:\projecto\e_garage\templates_canonical\taller\us\es\documentos\editar_documento.html","437","          {{ form.vehiculo|add_class:""form-input"" }}"
"E:\projecto\e_garage\templates_canonical\taller\us\es\documentos\editar_documento.html","695","  $('#id_vehiculo').select2({"
"E:\projecto\e_garage\templates_canonical\taller\us\es\documentos\editar_documento.html","701","      url: '/documentos/autocomplete/vehiculo/',"
"E:\projecto\e_garage\templates_canonical\taller\us\es\documentos\editar_documento.html","717","          results: data.results.map(vehiculo => ({"
"E:\projecto\e_garage\templates_canonical\taller\us\es\documentos\editar_documento.html","718","            id: vehiculo.id,"
"E:\projecto\e_garage\templates_canonical\taller\us\es\documentos\editar_documento.html","719","            text: `${vehiculo.patente} - ${vehiculo.marca} ${vehiculo.modelo}`,"
"E:\projecto\e_garage\templates_canonical\taller\us\es\documentos\editar_documento.html","720","            patente: vehiculo.patente,"
"E:\projecto\e_garage\templates_canonical\taller\us\es\documentos\editar_documento.html","721","            marca: vehiculo.marca,"
"E:\projecto\e_garage\templates_canonical\taller\us\es\documentos\editar_documento.html","722","            modelo: vehiculo.modelo"
"E:\projecto\e_garage\templates_canonical\taller\us\es\documentos\editar_documento.html","751","    $('#id_vehiculo').prop('disabled', false);"
"E:\projecto\e_garage\templates_canonical\taller\us\es\documentos\editar_documento.html","752","    $('#id_vehiculo').val(null).trigger('change');"
"E:\projecto\e_garage\templates_canonical\taller\us\es\documentos\editar_documento.html","753","    $('#id_vehiculo').select2('destroy').select2({"
"E:\projecto\e_garage\templates_canonical\taller\us\es\documentos\editar_documento.html","758","        url: '/documentos/autocomplete/vehiculo/',"
"E:\projecto\e_garage\templates_canonical\taller\us\es\documentos\editar_documento.html","771","            results: data.results.map(vehiculo => ({"
"E:\projecto\e_garage\templates_canonical\taller\us\es\documentos\editar_documento.html","772","              id: vehiculo.id,"
"E:\projecto\e_garage\templates_canonical\taller\us\es\documentos\editar_documento.html","773","              text: `${vehiculo.patente} - ${vehiculo.marca} ${vehiculo.modelo}`,"
"E:\projecto\e_garage\templates_canonical\taller\us\es\documentos\editar_documento.html","774","              patente: vehiculo.patente,"
"E:\projecto\e_garage\templates_canonical\taller\us\es\documentos\editar_documento.html","775","              marca: vehiculo.marca,"
"E:\projecto\e_garage\templates_canonical\taller\us\es\documentos\editar_documento.html","776","              modelo: vehiculo.modelo"
"E:\projecto\e_garage\templates_canonical\taller\us\es\documentos\editar_documento.html","789","    $('#id_vehiculo').val(null).trigger('change');"
"E:\projecto\e_garage\templates_canonical\taller\us\es\documentos\editar_documento.html","790","    $('#id_vehiculo').prop('disabled', true).select2({"
"E:\projecto\e_garage\templates_canonical\taller\us\es\documentos\editar_documento.html","814","    $('#id_vehiculo').prop('disabled', false);"
"E:\projecto\e_garage\templates_canonical\taller\us\es\documentos\editar_documento.html","815","    $('#id_vehiculo').select2('destroy').select2({"
"E:\projecto\e_garage\templates_canonical\taller\us\es\documentos\editar_documento.html","820","        url: '/documentos/autocomplete/vehiculo/',"
"E:\projecto\e_garage\templates_canonical\taller\us\es\documentos\editar_documento.html","833","            results: data.results.map(vehiculo => ({"
"E:\projecto\e_garage\templates_canonical\taller\us\es\documentos\editar_documento.html","834","              id: vehiculo.id,"
"E:\projecto\e_garage\templates_canonical\taller\us\es\documentos\editar_documento.html","835","              text: `${vehiculo.patente} - ${vehiculo.marca} ${vehiculo.modelo}`,"
"E:\projecto\e_garage\templates_canonical\taller\us\es\documentos\editar_documento.html","836","              patente: vehiculo.patente,"
"E:\projecto\e_garage\templates_canonical\taller\us\es\documentos\editar_documento.html","837","              marca: vehiculo.marca,"
"E:\projecto\e_garage\templates_canonical\taller\us\es\documentos\editar_documento.html","838","              modelo: vehiculo.modelo"
"E:\projecto\e_garage\templates_canonical\taller\us\es\documentos\formulario_documento.html","216","        <label for=""id_vehiculo"">Vehículo</label>"
"E:\projecto\e_garage\templates_canonical\taller\us\es\documentos\formulario_documento.html","217","        {{ form.vehiculo }}"
"E:\projecto\e_garage\templates_canonical\taller\us\es\documentos\formulario_documento.html","339","  const $vehiculo = $('#id_vehiculo');"
"E:\projecto\e_garage\templates_canonical\taller\us\es\documentos\formulario_documento.html","340","  const $vehiculoWrapper = $('#vehiculo-wrapper');"
"E:\projecto\e_garage\templates_canonical\taller\us\es\documentos\formulario_documento.html","341","  const $vehiculoAlerta = $('#vehiculo-alerta');"
"E:\projecto\e_garage\templates_canonical\taller\us\es\documentos\formulario_documento.html","386","  function initVehiculoSelect2(clienteId) {"
"E:\projecto\e_garage\templates_canonical\taller\us\es\documentos\formulario_documento.html","387","    $vehiculo.select2({"
"E:\projecto\e_garage\templates_canonical\taller\us\es\documentos\formulario_documento.html","389","        url: '/autocomplete/vehiculo/',"
"E:\projecto\e_garage\templates_canonical\taller\us\es\documentos\formulario_documento.html","411","  initVehiculoSelect2($cliente.val());"
"E:\projecto\e_garage\templates_canonical\taller\us\es\documentos\formulario_documento.html","416","    $vehiculo.val(null).trigger('change');"
"E:\projecto\e_garage\templates_canonical\taller\us\es\documentos\formulario_documento.html","417","    $vehiculo.select2('destroy');"
"E:\projecto\e_garage\templates_canonical\taller\us\es\documentos\formulario_documento.html","418","    initVehiculoSelect2(clienteId);"
"E:\projecto\e_garage\templates_canonical\taller\us\es\documentos\formulario_documento.html","420","      $vehiculoWrapper.removeClass('hidden');"
"E:\projecto\e_garage\templates_canonical\taller\us\es\documentos\formulario_documento.html","422","      $vehiculoWrapper.addClass('hidden');"
"E:\projecto\e_garage\templates_canonical\taller\us\es\documentos\formulario_documento.html","426","  $vehiculo.on('select2:opening', function (e) {"
"E:\projecto\e_garage\templates_canonical\taller\us\es\documentos\formulario_documento.html","430","      $vehiculoAlerta.removeClass('hidden');"
"E:\projecto\e_garage\templates_canonical\taller\us\es\documentos\formulario_documento.html","432","        $vehiculoAlerta.addClass('hidden');"
"E:\projecto\e_garage\templates_canonical\taller\us\es\documentos\lista_documentos.html","11","        radial-gradient(circle at 40% 40%, rgba(120, 200, 255, 0.2) 0%, transparent 5          <th class=""sortable-header"" data-sort=""vehiculo"" onclick=""sortTable('vehiculo')"">"
"E:\projecto\e_garage\templates_canonical\taller\us\es\documentos\lista_documentos.html","13","            <span class=""sort-indicator"" id=""sort-vehiculo"">⚡</span>"
"E:\projecto\e_garage\templates_canonical\taller\us\es\documentos\lista_documentos.html","651","          <th class=""sortable-header"" data-sort=""vehiculo"" onclick=""sortTable('vehiculo')"">"
"E:\projecto\e_garage\templates_canonical\taller\us\es\documentos\lista_documentos.html","653","            <span class=""sort-indicator"" id=""sort-vehiculo"">⚡</span>"
"E:\projecto\e_garage\templates_canonical\taller\us\es\documentos\lista_documentos.html","698","            data-vehiculo=""{{ doc.vehiculo }}"">"
"E:\projecto\e_garage\templates_canonical\taller\us\es\documentos\lista_documentos.html","709","          <td class=""table-cell"">{{ doc.vehiculo|default:""N/A"" }}</td>"
"E:\projecto\e_garage\templates_canonical\taller\us\es\documentos\lista_documentos.html","856","        case 'vehiculo':"
"E:\projecto\e_garage\templates_canonical\taller\us\es\documentos\lista_documentos.html","857","          valueA = (a.dataset.vehiculo || '').toLowerCase();"
"E:\projecto\e_garage\templates_canonical\taller\us\es\documentos\lista_documentos.html","858","          valueB = (b.dataset.vehiculo || '').toLowerCase();"
"E:\projecto\e_garage\templates_canonical\taller\us\es\documentos\lista_documentos.html","955","          sortTable('vehiculo');"
"E:\projecto\e_garage\templates_canonical\taller\us\es\documentos\lista_documentos.html","1025","  const vehiculo = cells[4]?.textContent?.trim() || '';"
"E:\projecto\e_garage\templates_canonical\taller\us\es\documentos\lista_documentos.html","1034","🚙 *Vehicle:* ${vehiculo}"
"E:\projecto\e_garage\templates_canonical\taller\us\es\documentos\ver_documento.html","165","    <div><span class=""futurista-label"">Vehículo:</span> {{ documento.vehiculo }}</div>"
"E:\projecto\e_garage\templates_canonical\taller\us\es\documentos\ver_documento.html","166","    <div><span class=""futurista-label"">{{ country|mileage_label:request.LANGUAGE_CODE }}:</span> {{ documento.vehiculo.millas|default:""No especificado"" }}{% if country == 'US' %} miles{% else %} km{% endif %}</div>"
"E:\projecto\e_garage\templates_canonical\taller\us\es\documentos\ver_documento_nuevo.html","247","        {% if documento.vehiculo %}"
"E:\projecto\e_garage\templates_canonical\taller\us\es\documentos\ver_documento_nuevo.html","248","          {{ documento.vehiculo.patente }} - {{ documento.vehiculo.marca.nombre }} {{ documento.vehiculo.modelo.nombre }}"
"E:\projecto\e_garage\templates_canonical\taller\us\es\documentos\_form_common.html","50","      <label class=""form-label"" for=""{{ form.vehiculo.id_for_label }}"">Vehículo</label>"
"E:\projecto\e_garage\templates_canonical\taller\us\es\documentos\_form_common.html","51","      {{ form.vehiculo|add_class:""form-input"" }}"
"E:\projecto\e_garage\templates_canonical\taller\us\es\documentos\_form_country_cl.html","7","  {# Kilometraje: usa el mismo campo extra del form (kilometraje) que persiste en vehiculo.millas #}"
"E:\projecto\e_garage\templates_canonical\taller\us\es\other\demo_vehiculo.html","4","{% block title %}🚗 Demo IA Vehicular{% endblock %}"
"E:\projecto\e_garage\templates_canonical\taller\us\es\other\demo_vehiculo.html","74","    .vehiculo-info {"
"E:\projecto\e_garage\templates_canonical\taller\us\es\other\demo_vehiculo.html","83","    .vehiculo-specs {"
"E:\projecto\e_garage\templates_canonical\taller\us\es\other\demo_vehiculo.html","304","        .vehiculo-specs {"
"E:\projecto\e_garage\templates_canonical\taller\us\es\other\demo_vehiculo.html","321","        <h1 class=""demo-title"">🚗 DEMO IA VEHICULAR</h1>"
"E:\projecto\e_garage\templates_canonical\taller\us\es\other\demo_vehiculo.html","331","    <div class=""vehiculo-info"">"
"E:\projecto\e_garage\templates_canonical\taller\us\es\other\demo_vehiculo.html","335","        <div class=""vehiculo-specs"">"
"E:\projecto\e_garage\templates_canonical\taller\us\es\other\demo_vehiculo.html","338","                <div class=""spec-value"">{{ demo_data.vehiculo_ejemplo.marca }}</div>"
"E:\projecto\e_garage\templates_canonical\taller\us\es\other\demo_vehiculo.html","342","                <div class=""spec-value"">{{ demo_data.vehiculo_ejemplo.modelo }}</div>"
"E:\projecto\e_garage\templates_canonical\taller\us\es\other\demo_vehiculo.html","346","                <div class=""spec-value"">{{ demo_data.vehiculo_ejemplo.kilometraje }}</div>"
"E:\projecto\e_garage\templates_canonical\taller\us\es\other\demo_vehiculo.html","356","            Basado en 50,000+ patrones de mantenimiento vehicular"
"E:\projecto\e_garage\templates_canonical\taller\us\es\other\demo_vehiculo.html","485","    gtag('event', 'demo_ia_vehicular_vista', {"
"E:\projecto\e_garage\templates_canonical\taller\us\es\other\demo_vehiculo.html","490","            'vehiculo': '{{ demo_data.vehiculo_ejemplo.marca }} {{ demo_data.vehiculo_ejemplo.modelo }}'"
"E:\projecto\e_garage\templates_canonical\taller\us\es\other\documento_form.html","524","                        {{ form.vehiculo }}"
"E:\projecto\e_garage\templates_canonical\taller\us\es\other\sugerencias_basicas.html","116","    .vehiculo-selector {"
"E:\projecto\e_garage\templates_canonical\taller\us\es\other\sugerencias_basicas.html","341","        .vehiculo-selector {"
"E:\projecto\e_garage\templates_canonical\taller\us\es\other\sugerencias_basicas.html","362","        <div class=""vehiculo-selector"">"
"E:\projecto\e_garage\templates_canonical\taller\us\es\other\sugerencias_basicas.html","486","const sugerenciasPorMarca = {{ sugerencias_por_vehiculo|safe }};"
"E:\projecto\e_garage\templates_canonical\taller\us\es\vehiculos\detalle.html","21","      <li><strong>Cliente:</strong> {{ vehiculo.cliente.nombre }} {{ vehiculo.cliente.apellido }}</li>"
"E:\projecto\e_garage\templates_canonical\taller\us\es\vehiculos\detalle.html","22","      <li><strong>Marca:</strong> {{ vehiculo.modelo.marca.nombre }}</li>"
"E:\projecto\e_garage\templates_canonical\taller\us\es\vehiculos\detalle.html","23","      <li><strong>Modelo:</strong> {{ vehiculo.modelo.nombre }}</li>"
"E:\projecto\e_garage\templates_canonical\taller\us\es\vehiculos\detalle.html","24","      <li><strong>Año:</strong> {{ vehiculo.anio }}</li>"
"E:\projecto\e_garage\templates_canonical\taller\us\es\vehiculos\detalle.html","25","      <li><strong>Patente:</strong> {{ vehiculo.patente }}</li>"
"E:\projecto\e_garage\templates_canonical\taller\us\es\vehiculos\detalle.html","26","      <li><strong>VIN:</strong> {{ vehiculo.vin }}</li>"
"E:\projecto\e_garage\templates_canonical\taller\us\es\vehiculos\detalle.html","29","  {% url 'taller:vehiculos:lista_vehiculos' as url_lista_vehiculos %}"
"E:\projecto\e_garage\templates_canonical\taller\us\es\vehiculos\detalle.html","30","  <a href=""{{ url_lista_vehiculos|default:'#' }}"" class=""bg-sky-600 text-white px-6 py-2 rounded hover:bg-sky-700"">⬅️ Volver</a>"
"E:\projecto\e_garage\templates_canonical\taller\us\es\vehiculos\editar_vehiculo.html","26","      <form id=""form-editar-vehiculo"""
"E:\projecto\e_garage\templates_canonical\taller\us\es\vehiculos\editar_vehiculo.html","28","            action=""{% url 'taller:vehiculos:editar_vehiculo' vehiculo.id %}"""
"E:\projecto\e_garage\templates_canonical\taller\us\es\vehiculos\editar_vehiculo.html","177","          <a href=""{% country_url 'vehiculos:lista_vehiculos' %}"""
"E:\projecto\e_garage\templates_canonical\taller\us\es\vehiculos\editar_vehiculo.html","209","  const f = document.getElementById('form-editar-vehiculo');"
"E:\projecto\e_garage\templates_canonical\taller\us\es\vehiculos\vehiculo_list.html","301","<!-- 🟢 MARCADOR VERDE OSCURO: TEMPLATE USA ES VEHICULO_LIST.HTML -->"
"E:\projecto\e_garage\templates_canonical\taller\us\es\vehiculos\vehiculo_list.html","323","          <p class=""text-cyan-300 text-lg"">{% trans ""Sistema avanzado de gestión vehicular"" %}</p>"
"E:\projecto\e_garage\templates_canonical\taller\us\es\vehiculos\vehiculo_list.html","334","  {% include ""taller/common/vehiculos/_ai_badges.html"" %}"
"E:\projecto\e_garage\templates_canonical\taller\us\es\vehiculos\vehiculo_list.html","335","  {% include ""taller/common/vehiculos/_filters_toolbar.html"" %}"
"E:\projecto\e_garage\templates_canonical\taller\us\es\vehiculos\vehiculo_list.html","336","  {% include ""taller/common/vehiculos/_table.html"" %}"
"E:\projecto\e_garage\templates_canonical\taller\us\es\vehiculos\vehiculo_list.html","337","  {% include ""taller/common/vehiculos/_empty_state.html"" %}"
"E:\projecto\e_garage\templates_canonical\taller\us\es\vehiculos\vehiculo_list.html","338","  {% include ""taller/common/vehiculos/_pagination.html"" %}"
"E:\projecto\e_garage\templates_canonical\taller\us\es\vehiculos\vehiculo_list.html","339","  {% include ""taller/common/vehiculos/_add_button.html"" %}"
"E:\projecto\e_garage\templates_canonical\taller\us\es\vehiculos\vehiculo_list.html","340","  {% include ""taller/common/vehiculos/_footer.html"" %}"
"E:\projecto\e_garage\templates_canonical\taller\us\es\vehiculos\vehiculo_list_ai.html","387","  <div class=""matrix-code"" style=""left: 40%; animation-delay: 2s;"">AI VEHICULAR SYS</div>"
"E:\projecto\e_garage\templates_canonical\taller\us\es\vehiculos\vehiculo_list_ai.html","412","    <span>{{ vehiculos|length }} Vehículos</span>"
"E:\projecto\e_garage\templates_canonical\taller\us\es\vehiculos\vehiculo_list_ai.html","430","  <h1 class=""ai-title"">🚗 VEHICULAR MATRIX</h1>"
"E:\projecto\e_garage\templates_canonical\taller\us\es\vehiculos\vehiculo_list_ai.html","431","  <p class=""ai-subtitle"">Sistema de Gestión Vehicular Potenciado por IA</p>"
"E:\projecto\e_garage\templates_canonical\taller\us\es\vehiculos\vehiculo_list_ai.html","452","  <a href=""{% country_url 'vehiculos:crear_vehiculo' %}"" class=""ai-action-btn"">"
"E:\projecto\e_garage\templates_canonical\taller\us\es\vehiculos\vehiculo_list_ai.html","465","  {% for vehiculo in vehiculos %}"
"E:\projecto\e_garage\templates_canonical\taller\us\es\vehiculos\vehiculo_list_ai.html","466","  <div class=""vehicle-hex-card"" data-vehicle-id=""{{ vehiculo.id }}"">"
"E:\projecto\e_garage\templates_canonical\taller\us\es\vehiculos\vehiculo_list_ai.html","468","    <div class=""status-indicator {% if vehiculo.activo %}status-active{% else %}status-inactive{% endif %}""></div>"
"E:\projecto\e_garage\templates_canonical\taller\us\es\vehiculos\vehiculo_list_ai.html","472","      {% if vehiculo.marca %}"
"E:\projecto\e_garage\templates_canonical\taller\us\es\vehiculos\vehiculo_list_ai.html","473","        {{ vehiculo.marca.nombre|first|upper }}"
"E:\projecto\e_garage\templates_canonical\taller\us\es\vehiculos\vehiculo_list_ai.html","482","        {{ vehiculo.patente|upper }}"
"E:\projecto\e_garage\templates_canonical\taller\us\es\vehiculos\vehiculo_list_ai.html","488","          {% if vehiculo.cliente.nombre or vehiculo.cliente.apellido %}"
"E:\projecto\e_garage\templates_canonical\taller\us\es\vehiculos\vehiculo_list_ai.html","489","            {{ vehiculo.cliente.nombre|default:"""" }} {{ vehiculo.cliente.apellido|default:"""" }}"
"E:\projecto\e_garage\templates_canonical\taller\us\es\vehiculos\vehiculo_list_ai.html","497","          {{ vehiculo.marca.nombre|default:""N/A"" }} {{ vehiculo.modelo.nombre|default:""N/A"" }}"
"E:\projecto\e_garage\templates_canonical\taller\us\es\vehiculos\vehiculo_list_ai.html","502","          {{ vehiculo.ano|default:""N/A"" }}"
"E:\projecto\e_garage\templates_canonical\taller\us\es\vehiculos\vehiculo_list_ai.html","505","        {% if vehiculo.color %}"
"E:\projecto\e_garage\templates_canonical\taller\us\es\vehiculos\vehiculo_list_ai.html","508","          {{ vehiculo.color.nombre }}"
"E:\projecto\e_garage\templates_canonical\taller\us\es\vehiculos\vehiculo_list_ai.html","515","        <a href=""{% url 'taller:vehiculos:ver_vehiculo' vehiculo.pk %}"""
"E:\projecto\e_garage\templates_canonical\taller\us\es\vehiculos\vehiculo_list_ai.html","520","        <a href=""{% url 'taller:vehiculos:editar_vehiculo' vehiculo_id=vehiculo.pk %}"""
"E:\projecto\e_garage\templates_canonical\taller\us\es\vehiculos\vehiculo_list_ai.html","537","    <a href=""{% country_url 'vehiculos:crear_vehiculo' %}"" class=""ai-action-btn"" style=""margin-top: 20px; display: inline-block;"">"
"E:\projecto\e_garage\templates_canonical\taller\us\es\vehiculos\vehiculo_list_ai.html","657","  message.innerHTML = '🤖 IA ACTIVADA - ANÁLISIS VEHICULAR EN PROGRESO...';"
"E:\projecto\e_garage\templates_canonical\taller\vehiculos\editar_vehiculo.html","26","      <form id=""form-editar-vehiculo"""
"E:\projecto\e_garage\templates_canonical\taller\vehiculos\editar_vehiculo.html","28","            action=""{% if request.path|slice:':4' == '/us/' %}/us/vehiculos/editar/{{ vehiculo.id }}/{% else %}/cl/vehiculos/editar/{{ vehiculo.id }}/{% endif %}"""
"E:\projecto\e_garage\templates_canonical\taller\vehiculos\editar_vehiculo.html","177","          <a href=""{% if request.path|slice:':4' == '/us/' %}/us/vehiculos/{% else %}/cl/vehiculos/{% endif %}"""
"E:\projecto\e_garage\templates_canonical\taller\vehiculos\editar_vehiculo.html","209","  const f = document.getElementById('form-editar-vehiculo');"
"E:\projecto\e_garage\templates_canonical\taller\vehiculos\vehiculo_detail.html","215","            <a href=""{% if request.path|slice:':4' == '/us/' %}/us/vehiculos/editar/{{ vehiculo.pk }}/{% else %}/cl/vehiculos/editar/{{ vehiculo.pk }}/{% endif %}"""
"E:\projecto\e_garage\templates_canonical\taller\vehiculos\vehiculo_detail.html","220","            <a href=""{% if request.path|slice:':4' == '/us/' %}/us/vehiculos/{% else %}/cl/vehiculos/{% endif %}"""
"E:\projecto\e_garage\templates_canonical\taller\vehiculos\vehiculo_detail.html","240","              <h2 class=""text-2xl font-bold text-white"">{{ vehiculo.patente|default:vehiculo.vin|default:""Sin patente"" }}</h2>"
"E:\projecto\e_garage\templates_canonical\taller\vehiculos\vehiculo_detail.html","241","              <p class=""text-gray-400 text-sm"">ID: #{{ vehiculo.pk }}</p>"
"E:\projecto\e_garage\templates_canonical\taller\vehiculos\vehiculo_detail.html","257","                <span class=""field-value highlight"">{{ vehiculo.marca.nombre|default:""No especificada"" }}</span>"
"E:\projecto\e_garage\templates_canonical\taller\vehiculos\vehiculo_detail.html","266","                <span class=""field-value highlight"">{{ vehiculo.modelo.nombre|default:""No especificado"" }}</span>"
"E:\projecto\e_garage\templates_canonical\taller\vehiculos\vehiculo_detail.html","279","                <span class=""field-value highlight"">{{ vehiculo.anio|default:""No especificado"" }}</span>"
"E:\projecto\e_garage\templates_canonical\taller\vehiculos\vehiculo_detail.html","288","                <span class=""field-value highlight"">{{ vehiculo.color.nombre|default:""No especificado"" }}</span>"
"E:\projecto\e_garage\templates_canonical\taller\vehiculos\vehiculo_detail.html","294","          {% if vehiculo.vin %}"
"E:\projecto\e_garage\templates_canonical\taller\vehiculos\vehiculo_detail.html","301","              <span class=""field-value font-mono"">{{ vehiculo.vin }}</span>"
"E:\projecto\e_garage\templates_canonical\taller\vehiculos\vehiculo_detail.html","307","          {% if vehiculo.motor or vehiculo.caja %}"
"E:\projecto\e_garage\templates_canonical\taller\vehiculos\vehiculo_detail.html","309","            {% if vehiculo.motor %}"
"E:\projecto\e_garage\templates_canonical\taller\vehiculos\vehiculo_detail.html","316","                <span class=""field-value highlight"">{{ vehiculo.motor.nombre|default:""No especificado"" }}</span>"
"E:\projecto\e_garage\templates_canonical\taller\vehiculos\vehiculo_detail.html","320","            {% if vehiculo.caja %}"
"E:\projecto\e_garage\templates_canonical\taller\vehiculos\vehiculo_detail.html","327","                <span class=""field-value highlight"">{{ vehiculo.caja.nombre|default:""No especificado"" }}</span>"
"E:\projecto\e_garage\templates_canonical\taller\vehiculos\vehiculo_detail.html","349","        {% if vehiculo.cliente %}"
"E:\projecto\e_garage\templates_canonical\taller\vehiculos\vehiculo_detail.html","358","              <span class=""field-value highlight"">{{ vehiculo.cliente.nombre|default:"""" }} {{ vehiculo.cliente.apellido|default:"""" }}</span>"
"E:\projecto\e_garage\templates_canonical\taller\vehiculos\vehiculo_detail.html","363","          {% if vehiculo.cliente.email %}"
"E:\projecto\e_garage\templates_canonical\taller\vehiculos\vehiculo_detail.html","370","              <span class=""field-value"">{{ vehiculo.cliente.email }}</span>"
"E:\projecto\e_garage\templates_canonical\taller\vehiculos\vehiculo_detail.html","376","          {% if vehiculo.cliente.telefono %}"
"E:\projecto\e_garage\templates_canonical\taller\vehiculos\vehiculo_detail.html","383","              <span class=""field-value"">{{ vehiculo.cliente.telefono }}</span>"
"E:\projecto\e_garage\templates_canonical\taller\vehiculos\vehiculo_detail.html","389","          {% if vehiculo.cliente.direccion %}"
"E:\projecto\e_garage\templates_canonical\taller\vehiculos\vehiculo_detail.html","396","              <span class=""field-value"">{{ vehiculo.cliente.direccion }}</span>"
"E:\projecto\e_garage\templates_canonical\taller\vehiculos\vehiculo_detail.html","414","    {% if vehiculo.observaciones or vehiculo.fecha_creacion %}"
"E:\projecto\e_garage\templates_canonical\taller\vehiculos\vehiculo_detail.html","431","            {% if vehiculo.observaciones %}"
"E:\projecto\e_garage\templates_canonical\taller\vehiculos\vehiculo_detail.html","435","                <p class=""text-gray-300 text-sm"">{{ vehiculo.observaciones }}</p>"
"E:\projecto\e_garage\templates_canonical\taller\vehiculos\vehiculo_detail.html","441","            {% if vehiculo.fecha_creacion %}"
"E:\projecto\e_garage\templates_canonical\taller\vehiculos\vehiculo_detail.html","448","                <p class=""text-cyan-300"">{{ vehiculo.fecha_creacion|date:""d/m/Y H:i"" }}</p>"
"E:\projecto\e_garage\templates_canonical\taller\vehiculos\vehiculo_detail.html","460","      <a href=""{% country_url 'vehiculos:editar_vehiculo' vehiculo.pk %}"""
"E:\projecto\e_garage\templates_canonical\taller\vehiculos\vehiculo_detail.html","469","      <button data-vehiculo-id=""{{ vehiculo.pk }}"""
"E:\projecto\e_garage\templates_canonical\taller\vehiculos\vehiculo_detail.html","470","              data-vehiculo-nombre=""{{ vehiculo.patente|default:vehiculo.vin|default:'Vehículo' }}"""
"E:\projecto\e_garage\templates_canonical\taller\vehiculos\vehiculo_detail.html","471","              class=""relative group eliminar-vehiculo-btn"">"
"E:\projecto\e_garage\templates_canonical\taller\vehiculos\vehiculo_detail.html","479","      <a href=""{% country_url 'vehiculos:lista_vehiculos' %}"""
"E:\projecto\e_garage\templates_canonical\taller\vehiculos\vehiculo_detail.html","503","            {% trans ""¿Estás seguro de que quieres eliminar el vehículo"" %} <span id=""vehiculoNombre"" class=""text-red-300 font-semibold""></span>?"
"E:\projecto\e_garage\templates_canonical\taller\vehiculos\vehiculo_detail.html","645","    let vehiculoIdAEliminar = null;"
"E:\projecto\e_garage\templates_canonical\taller\vehiculos\vehiculo_detail.html","649","        vehiculoIdAEliminar = id;"
"E:\projecto\e_garage\templates_canonical\taller\vehiculos\vehiculo_detail.html","650","        document.getElementById('vehiculoNombre').textContent = nombre;"
"E:\projecto\e_garage\templates_canonical\taller\vehiculos\vehiculo_detail.html","662","        vehiculoIdAEliminar = null;"
"E:\projecto\e_garage\templates_canonical\taller\vehiculos\vehiculo_detail.html","666","    window.eliminarVehiculo = function() {"
"E:\projecto\e_garage\templates_canonical\taller\vehiculos\vehiculo_detail.html","667","        if (!vehiculoIdAEliminar) return;"
"E:\projecto\e_garage\templates_canonical\taller\vehiculos\vehiculo_detail.html","677","        form.action = `/taller/vehiculos/${vehiculoIdAEliminar}/eliminar/`;"
"E:\projecto\e_garage\templates_canonical\taller\vehiculos\vehiculo_detail.html","695","    document.getElementById('btnConfirmarEliminar').addEventListener('click', eliminarVehiculo);"
"E:\projecto\e_garage\templates_canonical\taller\vehiculos\vehiculo_detail.html","712","    document.querySelectorAll('.eliminar-vehiculo-btn').forEach(button => {"
"E:\projecto\e_garage\templates_canonical\taller\vehiculos\vehiculo_detail.html","714","            const vehiculoId = this.getAttribute('data-vehiculo-id');"
"E:\projecto\e_garage\templates_canonical\taller\vehiculos\vehiculo_detail.html","715","            const vehiculoNombre = this.getAttribute('data-vehiculo-nombre');"
"E:\projecto\e_garage\templates_canonical\taller\vehiculos\vehiculo_detail.html","716","            confirmarEliminacion(vehiculoId, vehiculoNombre);"
"E:\projecto\e_garage\templates_canonical\taller\vehiculos\vehiculo_form.html","73","            <p class=""text-gray-400 text-xs mt-0.5"">{% trans ""Modificar registro vehicular"" %}</p>"
"E:\projecto\e_garage\templates_canonical\taller\vehiculos\vehiculo_form.html","77","        <a href=""{% if request.path|slice:':4' == '/us/' %}/us/vehiculos/{% else %}/cl/vehiculos/{% endif %}"""
"E:\projecto\e_garage\templates_canonical\taller\vehiculos\vehiculo_form.html","305","        <a href=""{% if request.path|slice:':4' == '/us/' %}/us/vehiculos/{% else %}/cl/vehiculos/{% endif %}"""
"E:\projecto\e_garage\templates_canonical\taller\vehiculos\vehiculo_form.html","325","      <span>{% trans ""Formulario de edición vehicular"" %}</span>"
"E:\projecto\e_garage\templates_canonical\taller\vehiculos\vehiculo_form.html","495","    marcas: '/taller/vehiculos/api/marcas/',"
"E:\projecto\e_garage\templates_canonical\taller\vehiculos\vehiculo_form.html","496","    modelos: '/taller/vehiculos/api/modelos/',"
"E:\projecto\e_garage\templates_canonical\taller\vehiculos\vehiculo_form.html","497","    motores: '/taller/vehiculos/api/motores/',"
"E:\projecto\e_garage\templates_canonical\taller\vehiculos\vehiculo_form.html","498","    cajas: '/taller/vehiculos/api/cajas/',"
"E:\projecto\e_garage\templates_canonical\taller\vehiculos\vehiculo_form.html","499","    colores: '/taller/vehiculos/api/colores/'"
"E:\projecto\e_garage\templates_canonical\taller\vehiculos\vehiculo_list_ai.html","6","<!-- 🟣 MARCADOR MORADO: TEMPLATE VEHICULOS VEHICULO_LIST_AI.HTML -->"
"E:\projecto\e_garage\templates_canonical\taller\vehiculos\vehiculo_list_ai.html","7","<div style=""position: fixed; top: 10px; right: 10px; z-index: 99999; background: purple; color: white; padding: 10px; border-radius: 5px; font-weight: bold;"">🟣 VEHICULOS AI</div>"
"E:\projecto\e_garage\templates_canonical\taller\vehiculos\vehiculo_list_ai.html","51","          <p class=""text-slate-400 text-sm"">{% trans ""Sistema de gestión vehicular profesional"" %}</p>"
"E:\projecto\e_garage\templates_canonical\taller\vehiculos\vehiculo_list_ai.html","82","  <a href=""{% if request.path|slice:"":4"" == ""/us/"" %}/us/vehiculos/crear/{% else %}/cl/vehiculos/crear/{% endif %}"" class=""inline-flex items-center space-x-2 px-6 py-3 bg-gradient-to-r from-indigo-700/90 to-slate-700/90 hover:from-indigo-600/90 hover:to-slate-600/90 text-white font-semibold rounded-lg transition-all shadow-lg border border-indigo-500/40"">"
"E:\projecto\e_garage\templates_canonical\taller\vehiculos\vehiculo_list_ai.html","90","  {% for vehiculo in vehiculos %}"
"E:\projecto\e_garage\templates_canonical\taller\vehiculos\vehiculo_list_ai.html","99","          <p class=""text-indigo-300 font-mono font-bold text-sm"">{{ vehiculo.patente|default:vehiculo.vin|default:""-""|truncatechars:8 }}</p>"
"E:\projecto\e_garage\templates_canonical\taller\vehiculos\vehiculo_list_ai.html","100","          <p class=""text-slate-500 text-xs"">ID: #{{ vehiculo.pk }}</p>"
"E:\projecto\e_garage\templates_canonical\taller\vehiculos\vehiculo_list_ai.html","112","          {% if vehiculo.cliente.nombre or vehiculo.cliente.apellido %}"
"E:\projecto\e_garage\templates_canonical\taller\vehiculos\vehiculo_list_ai.html","113","            {{ vehiculo.cliente.nombre|default:"""" }} {{ vehiculo.cliente.apellido|default:"""" }}"
"E:\projecto\e_garage\templates_canonical\taller\vehiculos\vehiculo_list_ai.html","124","          <p class=""text-slate-300 font-semibold text-xs truncate"">{{ vehiculo.marca.nombre|default:""-"" }}</p>"
"E:\projecto\e_garage\templates_canonical\taller\vehiculos\vehiculo_list_ai.html","128","          <p class=""text-slate-300 font-semibold text-xs truncate"">{{ vehiculo.modelo.nombre|default:""-"" }}</p>"
"E:\projecto\e_garage\templates_canonical\taller\vehiculos\vehiculo_list_ai.html","135","      <a href=""{% if request.path|slice:"":4"" == ""/us/"" %}/us/vehiculos/{{ vehiculo.pk }}/{% else %}/cl/vehiculos/{{ vehiculo.pk }}/{% endif %}"""
"E:\projecto\e_garage\templates_canonical\taller\vehiculos\vehiculo_list_ai.html","142","      <a href=""{% if request.path|slice:"":4"" == ""/us/"" %}/us/vehiculos/{{ vehiculo.pk }}/editar/{% else %}/cl/vehiculos/{{ vehiculo.pk }}/editar/{% endif %}"""
"E:\projecto\e_garage\templates_canonical\_deprecated\documento_form.html","524","                        {{ form.vehiculo }}"
"E:\projecto\e_garage\templates_canonical\_deprecated\eliminar_confirmar.html","115","        <a class=""btn-futuristic btn-secondary"" href=""{% url 'vehiculos:ver_vehiculo' object.id %}"">"
"E:\projecto\e_garage\templates_canonical\_trash_vehiculos_20250106\vehiculo_list.html","6","<!-- 🔴 MARCADOR ROJO OSCURO: TEMPLATE TALLER VEHICULO_LIST.HTML -->"
"E:\projecto\e_garage\templates_canonical\_trash_vehiculos_20250106\vehiculo_list.html","27","          Flota Vehicular"
"E:\projecto\e_garage\templates_canonical\_trash_vehiculos_20250106\vehiculo_list.html","49","      <a href=""{% country_url 'vehiculos:crear_vehiculo' %}"""
"E:\projecto\e_garage\templates_canonical\_trash_vehiculos_20250106\vehiculo_list.html","100","            {% for vehiculo in object_list %}"
"E:\projecto\e_garage\templates_canonical\_trash_vehiculos_20250106\vehiculo_list.html","110","                    <div class=""text-lg font-bold text-white"">{{ vehiculo.patente|default:""-"" }}</div>"
"E:\projecto\e_garage\templates_canonical\_trash_vehiculos_20250106\vehiculo_list.html","111","                    <div class=""text-sm text-cyan-300"">{{ vehiculo.anio|default:""-"" }}</div>"
"E:\projecto\e_garage\templates_canonical\_trash_vehiculos_20250106\vehiculo_list.html","117","                  <div class=""text-lg font-semibold text-white"">{{ vehiculo.marca.nombre|default:""-"" }} {{ vehiculo.modelo.nombre|default:""-"" }}</div>"
"E:\projecto\e_garage\templates_canonical\_trash_vehiculos_20250106\vehiculo_list.html","118","                  <div class=""text-sm text-gray-400"">{{ vehiculo.color.nombre|default:""-"" }}</div>"
"E:\projecto\e_garage\templates_canonical\_trash_vehiculos_20250106\vehiculo_list.html","119","                  {% if vehiculo.vin %}"
"E:\projecto\e_garage\templates_canonical\_trash_vehiculos_20250106\vehiculo_list.html","120","                  <div class=""text-xs text-cyan-400 font-mono mt-1"">{{ vehiculo.vin|truncatechars:15 }}</div>"
"E:\projecto\e_garage\templates_canonical\_trash_vehiculos_20250106\vehiculo_list.html","125","                {% if vehiculo.cliente %}"
"E:\projecto\e_garage\templates_canonical\_trash_vehiculos_20250106\vehiculo_list.html","133","                    <div class=""text-white font-semibold"">{{ vehiculo.cliente.nombre }} {{ vehiculo.cliente.apellido }}</div>"
"E:\projecto\e_garage\templates_canonical\_trash_vehiculos_20250106\vehiculo_list.html","134","                    <div class=""text-sm text-cyan-300"">{{ vehiculo.cliente.email|default:"""" }}</div>"
"E:\projecto\e_garage\templates_canonical\_trash_vehiculos_20250106\vehiculo_list.html","143","                  <a href=""{% url 'taller:vehiculos:ver_vehiculo' vehiculo.pk %}"""
"E:\projecto\e_garage\templates_canonical\_trash_vehiculos_20250106\vehiculo_list.html","151","                  <a href=""{% url 'taller:vehiculos:editar_vehiculo' vehiculo.pk %}"""
"E:\projecto\e_garage\templates_canonical\_trash_vehiculos_20250106\vehiculo_list.html","236","      <a href=""{% country_url 'vehiculos:crear_vehiculo' %}"""
"E:\projecto\e_garage\templates_canonical\_trash_vehiculos_20250106\vehiculo_list_ai.html","65","<!-- 🔴 MARCADOR ROJO: TEMPLATE COMÚN VEHICULO_LIST_AI.HTML -->"
"E:\projecto\e_garage\templates_canonical\_trash_vehiculos_20250106\vehiculo_list_ai.html","118","    {% for vehiculo in vehiculos %}"
"E:\projecto\e_garage\templates_canonical\_trash_vehiculos_20250106\vehiculo_list_ai.html","131","              <p class=""text-blue-400 font-mono font-bold text-lg"">{{ vehiculo.patente|default:vehiculo.vin|default:""-""|truncatechars:10 }}</p>"
"E:\projecto\e_garage\templates_canonical\_trash_vehiculos_20250106\vehiculo_list_ai.html","140","            <p class=""text-white font-semibold"">{{ vehiculo.cliente.nombre|default:""-"" }}</p>"
"E:\projecto\e_garage\templates_canonical\_trash_vehiculos_20250106\vehiculo_list_ai.html","141","            <p class=""text-slate-400 text-sm"">{{ vehiculo.cliente.apellido|default:"""" }}</p>"
"E:\projecto\e_garage\templates_canonical\_trash_vehiculos_20250106\vehiculo_list_ai.html","149","            <p class=""text-white font-bold text-lg"">{{ vehiculo.marca.nombre|default:""-"" }}</p>"
"E:\projecto\e_garage\templates_canonical\_trash_vehiculos_20250106\vehiculo_list_ai.html","157","            <p class=""text-white font-semibold"">{{ vehiculo.modelo.nombre|default:""-"" }}</p>"
"E:\projecto\e_garage\templates_canonical\_trash_vehiculos_20250106\vehiculo_list_ai.html","171","              <p class=""text-white font-bold"">{{ vehiculo.anio|default:""-"" }}</p>"
"E:\projecto\e_garage\templates_canonical\_trash_vehiculos_20250106\vehiculo_list_ai.html","178","          <a href=""{% url 'taller:vehiculos:ver_vehiculo' vehiculo.pk %}"""
"E:\projecto\e_garage\templates_canonical\_trash_vehiculos_20250106\vehiculo_list_ai.html","186","          <a href=""{% url 'taller:vehiculos:editar_vehiculo' vehiculo.pk %}"""
"E:\projecto\e_garage\templates_canonical\_trash_vehiculos_20250106\vehiculo_list_ai.html","200","            <span class=""font-mono"">ID: #{{ vehiculo.pk }}</span>"
"E:\projecto\e_garage\templates_canonical\_trash_vehiculos_20250106\vehiculo_list_ai.html","202","            <span>{% trans ""Last updated"" %}: {{ vehiculo.fecha_creacion|date:""d/m/Y"" }}</span>"
"E:\projecto\e_garage\templates_canonical\_trash_vehiculos_20250106\vehiculo_list_ai.html","284","    <a href=""{% country_url 'vehiculos:crear_vehiculo' %}"""
"E:\projecto\e_garage\templates_canonical\base.html","178","      <a href=""{% if request.path|slice:"":4"" == ""/us/"" %}/us/vehiculos/{% else %}/cl/vehiculos/{% endif %}"" class=""group relative nav-button-power"">"
"E:\projecto\e_garage\templates_canonical\base_backup.html","268","      {% url 'taller:vehiculos:lista_vehiculos' as url_vehiculos %}"
"E:\projecto\e_garage\templates_canonical\base_backup.html","269","      {% if not url_vehiculos %}"
"E:\projecto\e_garage\templates_canonical\base_backup.html","270","        {% url 'vehiculos:lista_vehiculos' as url_vehiculos %}"
"E:\projecto\e_garage\templates_canonical\base_backup.html","273","      {% if not url_vehiculos %}"
"E:\projecto\e_garage\templates_canonical\base_backup.html","274","        {% url 'chile:vehiculos:lista_vehiculos' as url_vehiculos %}"
"E:\projecto\e_garage\templates_canonical\base_backup.html","277","      {% if not url_vehiculos %}"
"E:\projecto\e_garage\templates_canonical\base_backup.html","278","        {% url 'chile:taller:vehiculos:lista_vehiculos' as url_vehiculos %}"
"E:\projecto\e_garage\templates_canonical\base_backup.html","301","      {% if url_vehiculos %}"
"E:\projecto\e_garage\templates_canonical\base_backup.html","302","        <a href=""{{ url_vehiculos }}"" class=""group relative nav-button-power"">"
"E:\projecto\e_garage\templates_canonical\base_backup.html","554","      {% if url_vehiculos %}"
"E:\projecto\e_garage\templates_canonical\base_backup.html","555","        <a href=""{{ url_vehiculos }}"" class=""group relative nav-button-futuristic-mobile"">"
"E:\projecto\e_garage\templates_short_backup_20250917_191011\cl\es\base_vehiculos.html","136","      <a href=""/cl/vehiculos/"" class=""text-cyan-300 hover:text-lime-300 transition flex items-center gap-2"">"
"E:\projecto\e_garage\templates_short_backup_20250917_191011\cl\es\dashboard_chile.html","62","            <a href=""/cl/vehiculos/"" class=""px-5 py-3 rounded-lg bg-sky-400 text-slate-900 font-semibold hover:bg-sky-300 transition-all hover:scale-105 flex items-center gap-2"">"
"E:\projecto\e_garage\templates_short_backup_20250917_191011\cl\es\dashboard_chile.html","312","        <a href=""/cl/vehiculos/"" class=""mt-4 inline-flex items-center gap-2 text-sky-300 font-semibold hover:text-sky-200 transition-colors"">"
"E:\projecto\e_garage\templates_short_backup_20250917_191011\cl\es\dashboard_chile.html","526","            <li><a href=""/cl/vehiculos/"" class=""hover:text-white transition-colors"">Vehículos</a></li>"
"E:\projecto\e_garage\templates_short_backup_20250917_191011\cl\es\dashboard_inteligencia.html","544","        <div class=""kpi-value"">{{ vehiculos_por_semana }}</div>"
"E:\projecto\e_garage\templates_short_backup_20250917_191011\cl\es\dashboard_inteligencia.html","1089","      ['Vehículos/Semana', '{{ vehiculos_por_semana }}'],"
"E:\projecto\e_garage\templates_short_backup_20250917_191011\cl\es\dashboard_inteligencia_operativa.html","339","        <div class=""kpi-value"">{{ vehiculos_por_semana }}</div>"
"E:\projecto\e_garage\templates_short_backup_20250917_191011\cl\es\demo_vehiculo.html","1","{% extends 'taller/cl/es/base.html' %}{% block title %}🚗 Demo IA Vehicular{% endblock %}"
"E:\projecto\e_garage\templates_short_backup_20250917_191011\cl\es\demo_vehiculo.html","71","    .vehiculo-info {"
"E:\projecto\e_garage\templates_short_backup_20250917_191011\cl\es\demo_vehiculo.html","80","    .vehiculo-specs {"
"E:\projecto\e_garage\templates_short_backup_20250917_191011\cl\es\demo_vehiculo.html","301","        .vehiculo-specs {"
"E:\projecto\e_garage\templates_short_backup_20250917_191011\cl\es\demo_vehiculo.html","318","        <h1 class=""demo-title"">🚗 DEMO IA VEHICULAR</h1>"
"E:\projecto\e_garage\templates_short_backup_20250917_191011\cl\es\demo_vehiculo.html","328","    <div class=""vehiculo-info"">"
"E:\projecto\e_garage\templates_short_backup_20250917_191011\cl\es\demo_vehiculo.html","332","        <div class=""vehiculo-specs"">"
"E:\projecto\e_garage\templates_short_backup_20250917_191011\cl\es\demo_vehiculo.html","335","                <div class=""spec-value"">{{ demo_data.vehiculo_ejemplo.marca }}</div>"
"E:\projecto\e_garage\templates_short_backup_20250917_191011\cl\es\demo_vehiculo.html","339","                <div class=""spec-value"">{{ demo_data.vehiculo_ejemplo.modelo }}</div>"
"E:\projecto\e_garage\templates_short_backup_20250917_191011\cl\es\demo_vehiculo.html","343","                <div class=""spec-value"">{{ demo_data.vehiculo_ejemplo.kilometraje }}</div>"
"E:\projecto\e_garage\templates_short_backup_20250917_191011\cl\es\demo_vehiculo.html","353","            Basado en 50,000+ patrones de mantenimiento vehicular"
"E:\projecto\e_garage\templates_short_backup_20250917_191011\cl\es\demo_vehiculo.html","482","    gtag('event', 'demo_ia_vehicular_vista', {"
"E:\projecto\e_garage\templates_short_backup_20250917_191011\cl\es\demo_vehiculo.html","487","            'vehiculo': '{{ demo_data.vehiculo_ejemplo.marca }} {{ demo_data.vehiculo_ejemplo.modelo }}'"
"E:\projecto\e_garage\templates_short_backup_20250917_191011\cl\es\documento.html","21","  <p><strong>Vehículo:</strong> {{ documento.vehiculo }}</p>"
"E:\projecto\e_garage\templates_short_backup_20250917_191011\cl\es\documento_pdf.html","25","  <strong>Vehículo:</strong> {{ documento.vehiculo }}<br>"
"E:\projecto\e_garage\templates_short_backup_20250917_191011\cl\es\editar_documento.html","436","          {{ form.vehiculo|add_class:""form-input"" }}"
"E:\projecto\e_garage\templates_short_backup_20250917_191011\cl\es\editar_documento.html","654","  $('#id_vehiculo').select2({"
"E:\projecto\e_garage\templates_short_backup_20250917_191011\cl\es\editar_documento.html","660","      url: '/documentos/autocomplete/vehiculo/',"
"E:\projecto\e_garage\templates_short_backup_20250917_191011\cl\es\editar_documento.html","676","          results: data.results.map(vehiculo => ({"
"E:\projecto\e_garage\templates_short_backup_20250917_191011\cl\es\editar_documento.html","677","            id: vehiculo.id,"
"E:\projecto\e_garage\templates_short_backup_20250917_191011\cl\es\editar_documento.html","678","            text: `${vehiculo.patente} - ${vehiculo.marca} ${vehiculo.modelo}`,"
"E:\projecto\e_garage\templates_short_backup_20250917_191011\cl\es\editar_documento.html","679","            patente: vehiculo.patente,"
"E:\projecto\e_garage\templates_short_backup_20250917_191011\cl\es\editar_documento.html","680","            marca: vehiculo.marca,"
"E:\projecto\e_garage\templates_short_backup_20250917_191011\cl\es\editar_documento.html","681","            modelo: vehiculo.modelo"
"E:\projecto\e_garage\templates_short_backup_20250917_191011\cl\es\editar_documento.html","710","    $('#id_vehiculo').prop('disabled', false);"
"E:\projecto\e_garage\templates_short_backup_20250917_191011\cl\es\editar_documento.html","711","    $('#id_vehiculo').val(null).trigger('change');"
"E:\projecto\e_garage\templates_short_backup_20250917_191011\cl\es\editar_documento.html","712","    $('#id_vehiculo').select2('destroy').select2({"
"E:\projecto\e_garage\templates_short_backup_20250917_191011\cl\es\editar_documento.html","717","        url: '/documentos/autocomplete/vehiculo/',"
"E:\projecto\e_garage\templates_short_backup_20250917_191011\cl\es\editar_documento.html","730","            results: data.results.map(vehiculo => ({"
"E:\projecto\e_garage\templates_short_backup_20250917_191011\cl\es\editar_documento.html","731","              id: vehiculo.id,"
"E:\projecto\e_garage\templates_short_backup_20250917_191011\cl\es\editar_documento.html","732","              text: `${vehiculo.patente} - ${vehiculo.marca} ${vehiculo.modelo}`,"
"E:\projecto\e_garage\templates_short_backup_20250917_191011\cl\es\editar_documento.html","733","              patente: vehiculo.patente,"
"E:\projecto\e_garage\templates_short_backup_20250917_191011\cl\es\editar_documento.html","734","              marca: vehiculo.marca,"
"E:\projecto\e_garage\templates_short_backup_20250917_191011\cl\es\editar_documento.html","735","              modelo: vehiculo.modelo"
"E:\projecto\e_garage\templates_short_backup_20250917_191011\cl\es\editar_documento.html","748","    $('#id_vehiculo').val(null).trigger('change');"
"E:\projecto\e_garage\templates_short_backup_20250917_191011\cl\es\editar_documento.html","749","    $('#id_vehiculo').prop('disabled', true).select2({"
"E:\projecto\e_garage\templates_short_backup_20250917_191011\cl\es\editar_documento.html","773","    $('#id_vehiculo').prop('disabled', false);"
"E:\projecto\e_garage\templates_short_backup_20250917_191011\cl\es\editar_documento.html","774","    $('#id_vehiculo').select2('destroy').select2({"
"E:\projecto\e_garage\templates_short_backup_20250917_191011\cl\es\editar_documento.html","779","        url: '/documentos/autocomplete/vehiculo/',"
"E:\projecto\e_garage\templates_short_backup_20250917_191011\cl\es\editar_documento.html","792","            results: data.results.map(vehiculo => ({"
"E:\projecto\e_garage\templates_short_backup_20250917_191011\cl\es\editar_documento.html","793","              id: vehiculo.id,"
"E:\projecto\e_garage\templates_short_backup_20250917_191011\cl\es\editar_documento.html","794","              text: `${vehiculo.patente} - ${vehiculo.marca} ${vehiculo.modelo}`,"
"E:\projecto\e_garage\templates_short_backup_20250917_191011\cl\es\editar_documento.html","795","              patente: vehiculo.patente,"
"E:\projecto\e_garage\templates_short_backup_20250917_191011\cl\es\editar_documento.html","796","              marca: vehiculo.marca,"
"E:\projecto\e_garage\templates_short_backup_20250917_191011\cl\es\editar_documento.html","797","              modelo: vehiculo.modelo"
"E:\projecto\e_garage\templates_short_backup_20250917_191011\cl\es\opciones_entrega.html","194","                    {% if documento.vehiculo %}"
"E:\projecto\e_garage\templates_short_backup_20250917_191011\cl\es\opciones_entrega.html","195","                    <p><strong>Vehículo:</strong> {{ documento.vehiculo.marca }} {{ documento.vehiculo.modelo }}</p>"
"E:\projecto\e_garage\templates_short_backup_20250917_191011\cl\es\opciones_entrega.html","196","                    <p><strong>Patente:</strong> {{ documento.vehiculo.patente }}</p>"
"E:\projecto\e_garage\templates_short_backup_20250917_191011\cl\es\opciones_entrega.html","489","        ${data.vehiculo ? `"
"E:\projecto\e_garage\templates_short_backup_20250917_191011\cl\es\opciones_entrega.html","492","            <p><strong>Marca:</strong> ${data.vehiculo.marca}</p>"
"E:\projecto\e_garage\templates_short_backup_20250917_191011\cl\es\opciones_entrega.html","493","            <p><strong>Modelo:</strong> ${data.vehiculo.modelo}</p>"
"E:\projecto\e_garage\templates_short_backup_20250917_191011\cl\es\opciones_entrega.html","494","            <p><strong>Patente:</strong> ${data.vehiculo.patente}</p>"
"E:\projecto\e_garage\templates_short_backup_20250917_191011\cl\es\pdf_template.html","330","                {% if documento.vehiculo %}"
"E:\projecto\e_garage\templates_short_backup_20250917_191011\cl\es\pdf_template.html","334","                        <span class=""info-label"">Marca:</span> {{ documento.vehiculo.marca }}"
"E:\projecto\e_garage\templates_short_backup_20250917_191011\cl\es\pdf_template.html","337","                        <span class=""info-label"">Modelo:</span> {{ documento.vehiculo.modelo }}"
"E:\projecto\e_garage\templates_short_backup_20250917_191011\cl\es\pdf_template.html","339","                    {% if documento.vehiculo.año %}"
"E:\projecto\e_garage\templates_short_backup_20250917_191011\cl\es\pdf_template.html","341","                        <span class=""info-label"">Año:</span> {{ documento.vehiculo.año }}"
"E:\projecto\e_garage\templates_short_backup_20250917_191011\cl\es\pdf_template.html","344","                    {% if documento.vehiculo.patente %}"
"E:\projecto\e_garage\templates_short_backup_20250917_191011\cl\es\pdf_template.html","346","                        <span class=""info-label"">Patente:</span> {{ documento.vehiculo.patente }}"
"E:\projecto\e_garage\templates_short_backup_20250917_191011\cl\es\reportes.html","115","        <div class=""categoria-card"" data-categoria=""vehiculos"">"
"E:\projecto\e_garage\templates_short_backup_20250917_191011\cl\es\reportes.html","119","            <span class=""categoria-badge"" id=""badgeVehiculos"">-</span>"
"E:\projecto\e_garage\templates_short_backup_20250917_191011\cl\es\reportes.html","124","                <span class=""stat-number"" id=""totalVehiculos"">-</span>"
"E:\projecto\e_garage\templates_short_backup_20250917_191011\cl\es\reportes.html","136","            <canvas id=""chartVehiculos"" class=""mini-chart""></canvas>"
"E:\projecto\e_garage\templates_short_backup_20250917_191011\cl\es\reportes.html","139","            <button class=""btn-detalle"" data-tipo=""vehiculos"">Ver Detalles</button>"
"E:\projecto\e_garage\templates_short_backup_20250917_191011\cl\es\reportes.html","140","            <button class=""btn-exportar"" data-tipo=""vehiculos"">📊 Exportar</button>"
"E:\projecto\e_garage\templates_short_backup_20250917_191011\cl\es\reportes.html","327","      <a href=""servicios/?enfoque=vehiculos"" class=""reporte-card"">"
"E:\projecto\e_garage\templates_short_backup_20250917_191011\cl\es\reportes.html","1092","    cargarVehiculos(fechaDesde, fechaHasta);"
"E:\projecto\e_garage\templates_short_backup_20250917_191011\cl\es\reportes.html","1130","function cargarVehiculos(fechaDesde, fechaHasta) {"
"E:\projecto\e_garage\templates_short_backup_20250917_191011\cl\es\reportes.html","1132","    document.getElementById('badgeVehiculos').textContent = '28';"
"E:\projecto\e_garage\templates_short_backup_20250917_191011\cl\es\reportes.html","1133","    document.getElementById('totalVehiculos').textContent = '28';"
"E:\projecto\e_garage\templates_short_backup_20250917_191011\cl\es\reportes.html","1137","    crearMiniGrafico('chartVehiculos', ["
"E:\projecto\e_garage\templates_short_backup_20250917_191011\cl\es\reportes.html","1323","        'vehiculos': 'servicios/?enfoque=vehiculos',"
"E:\projecto\e_garage\templates_short_backup_20250917_191011\cl\es\reportes_mecanicos.html","516","    .servicio-vehiculo {"
"E:\projecto\e_garage\templates_short_backup_20250917_191011\cl\es\reportes_mecanicos.html","522","    .vehiculo-patente {"
"E:\projecto\e_garage\templates_short_backup_20250917_191011\cl\es\reportes_mecanicos.html","1038","    .vehiculo-model {"
"E:\projecto\e_garage\templates_short_backup_20250917_191011\cl\es\reportes_mecanicos.html","1044","    .vehiculo-plate {"
"E:\projecto\e_garage\templates_short_backup_20250917_191011\cl\es\reportes_mecanicos.html","1572","                        <div class=""data-cell vehiculo-info"">"
"E:\projecto\e_garage\templates_short_backup_20250917_191011\cl\es\reportes_mecanicos.html","1573","                            <div class=""vehiculo-model"">{{ servicio.documento.vehiculo.marca }} {{ servicio.documento.vehiculo.modelo|truncatechars:15 }}</div>"
"E:\projecto\e_garage\templates_short_backup_20250917_191011\cl\es\reportes_mecanicos.html","1574","                            <div class=""vehiculo-plate"">{{ servicio.documento.vehiculo.patente }}</div>"
"E:\projecto\e_garage\templates_short_backup_20250917_191011\cl\es\reportes_por_fecha.html","305","                <a href=""{% url 'us:vehiculos:lista_vehiculos' %} %}"" class=""inline-flex items-center gap-2 px-4 py-2 rounded-lg bg-gradient-to-r from-lime-500/20 to-emerald-600/20 border border-lime-400/40 hover:border-lime-300/80 text-lime-300 hover:text-lime-100 transition-all duration-300 hover:scale-105 hover:shadow-lg hover:shadow-lime-500/40"">"
"E:\projecto\e_garage\templates_short_backup_20250917_191011\cl\es\reporte_servicios.html","347","        <button class=""enfoque-btn"" data-enfoque=""vehiculos"">🚗 Vehículos Atendidos</button>"
"E:\projecto\e_garage\templates_short_backup_20250917_191011\cl\es\reporte_servicios.html","421","                    <td>{{ t.vehiculo }}</td>"
"E:\projecto\e_garage\templates_short_backup_20250917_191011\cl\es\reporte_servicios.html","609","    <button class=""enfoque-btn"" data-enfoque=""vehiculos"">🚗 Vehículos atendidos</button>"
"E:\projecto\e_garage\templates_short_backup_20250917_191011\cl\es\reporte_servicios.html","628","          <td>{{ t.vehiculo }}</td>"
"E:\projecto\e_garage\templates_short_backup_20250917_191011\cl\es\reporte_servicios.html","687","  <div id=""panel-vehiculos"" class=""enfoque-panel"" style=""display:none;"">"
"E:\projecto\e_garage\templates_short_backup_20250917_191011\cl\es\sugerencias_basicas.html","114","    .vehiculo-selector {"
"E:\projecto\e_garage\templates_short_backup_20250917_191011\cl\es\sugerencias_basicas.html","339","        .vehiculo-selector {"
"E:\projecto\e_garage\templates_short_backup_20250917_191011\cl\es\sugerencias_basicas.html","360","        <div class=""vehiculo-selector"">"
"E:\projecto\e_garage\templates_short_backup_20250917_191011\cl\es\sugerencias_basicas.html","484","const sugerenciasPorMarca = {{ sugerencias_por_vehiculo|safe }};"
"E:\projecto\e_garage\templates_short_backup_20250917_191011\cl\es\vehiculo_form.html","118","    <a href=""{% country_url 'lista_vehiculos' app_namespace='vehiculos' %}"""
"E:\projecto\e_garage\templates_short_backup_20250917_191011\cl\es\vehiculo_form.html","183","        <a href=""{% url 'cl:vehiculos:ver_vehiculo' %} object.id %}"""
"E:\projecto\e_garage\templates_short_backup_20250917_191011\cl\es\_tipo_y_pago.html","105","    <label for=""id_vehiculo"" class=""label"">"
"E:\projecto\e_garage\templates_short_backup_20250917_191011\cl\es\_tipo_y_pago.html","108","    {{ form.vehiculo }}"
"E:\projecto\e_garage\templates_short_backup_20250917_191011\us\en\centro_operaciones_espacial_fixed.html","403","        <a href=""{% url 'us:vehiculos:lista_vehiculos' %} %}"" class=""modern-panel"">"
"E:\projecto\e_garage\templates_short_backup_20250917_191011\us\en\centro_operaciones_espacial_fixed.html","470","            <div class=""metric-big"">{{ vehiculos_activos|default:0 }}</div>"
"E:\projecto\e_garage\templates_short_backup_20250917_191011\us\en\centro_operaciones_espacial_minimal.html","35","        <a href=""/us/vehiculos/"" style=""background: rgba(0, 212, 255, 0.1); border: 1px solid #00ffff; padding: 20px; border-radius: 10px; text-decoration: none; color: white; text-align: center;"">"
"E:\projecto\e_garage\templates_short_backup_20250917_191011\us\en\centro_operaciones_espacial_simple.html","37","        <a href=""{% url 'us:vehiculos:lista_vehiculos' %} %}"" style=""background: rgba(0, 212, 255, 0.1); border: 1px solid #00ffff; padding: 20px; border-radius: 10px; text-decoration: none; color: white; text-align: center;"">"
"E:\projecto\e_garage\templates_short_backup_20250917_191011\us\en\centro_operaciones_espacial_simple.html","74","            <div style=""font-size: 2rem; font-weight: 900; color: #00ff88;"">{{ vehiculos_activos|default:0 }}</div>"
"E:\projecto\e_garage\templates_short_backup_20250917_191011\us\en\centro_operaciones_espacial_standalone.html","192","            <a href=""/us/vehiculos/"" class=""nav-card"">"
"E:\projecto\e_garage\templates_short_backup_20250917_191011\us\en\configuracion.html","505","            <a href=""{% url 'us:vehiculos:lista_vehiculos' %} %}"" class=""inline-flex items-center gap-2 px-4 py-2 rounded-lg bg-gradient-to-r from-lime-500/20 to-emerald-600/20 border border-lime-400/40 hover:border-lime-300/80 text-lime-300 hover:text-lime-100 transition-all duration-300 hover:scale-105 hover:shadow-lg hover:shadow-lime-500/40"">"
"E:\projecto\e_garage\templates_short_backup_20250917_191011\us\en\crear.html","701","    <a href=""/us/vehiculos/"" class=""nav-btn active"">🚗 Vehicles</a>"
"E:\projecto\e_garage\templates_short_backup_20250917_191011\us\en\crear.html","913","        <a href=""{% url 'us:vehiculos_usa:lista_vehiculos' %} %}"""
"E:\projecto\e_garage\templates_short_backup_20250917_191011\us\en\crear.html","1018","            const resp = await fetch(`{% url 'us:vehiculos:api_buscar_clientes' %} %}?q=${encodeURIComponent(q)}`);"
"E:\projecto\e_garage\templates_short_backup_20250917_191011\us\en\crear.html","1142","                fetch(`{% url 'us:vehiculos:api_modelos_usa' %} %}?marca=${encodeURIComponent(marcaSeleccionada)}`)"
"E:\projecto\e_garage\templates_short_backup_20250917_191011\us\en\crear.html","1168","        fetch(`{% url 'us:vehiculos:api_motores' %} %}?marca_texto=${encodeURIComponent(marcaSeleccionada)}&modelo_texto=${encodeURIComponent(modeloSeleccionado)}`)"
"E:\projecto\e_garage\templates_short_backup_20250917_191011\us\en\crear.html","1194","        fetch(`{% url 'us:vehiculos:api_cajas' %} %}?marca_texto=${encodeURIComponent(marcaSeleccionada)}&modelo_texto=${encodeURIComponent(modeloSeleccionado)}`)"
"E:\projecto\e_garage\templates_short_backup_20250917_191011\us\en\crear.html","1326","        const response = await fetch('{% url 'us:vehiculos:api_crear_modelo' %} %}', {"
"E:\projecto\e_garage\templates_short_backup_20250917_191011\us\en\detalle.html","32","          <a href=""{% url 'us:vehiculos:editar_vehiculo' %} vehiculo.pk %}"""
"E:\projecto\e_garage\templates_short_backup_20250917_191011\us\en\detalle.html","37","          <a href=""{% url 'us:vehiculos:lista_vehiculos' %} %}"""
"E:\projecto\e_garage\templates_short_backup_20250917_191011\us\en\detalle.html","70","                    {% if vehiculo.marca_texto %}"
"E:\projecto\e_garage\templates_short_backup_20250917_191011\us\en\detalle.html","71","                        {{ vehiculo.marca_texto }}"
"E:\projecto\e_garage\templates_short_backup_20250917_191011\us\en\detalle.html","72","                    {% elif vehiculo.marca %}"
"E:\projecto\e_garage\templates_short_backup_20250917_191011\us\en\detalle.html","73","                        {{ vehiculo.marca.nombre }}"
"E:\projecto\e_garage\templates_short_backup_20250917_191011\us\en\detalle.html","82","                    {% if vehiculo.modelo_texto %}"
"E:\projecto\e_garage\templates_short_backup_20250917_191011\us\en\detalle.html","83","                        {{ vehiculo.modelo_texto }}"
"E:\projecto\e_garage\templates_short_backup_20250917_191011\us\en\detalle.html","84","                    {% elif vehiculo.modelo %}"
"E:\projecto\e_garage\templates_short_backup_20250917_191011\us\en\detalle.html","85","                        {{ vehiculo.modelo.nombre }}"
"E:\projecto\e_garage\templates_short_backup_20250917_191011\us\en\detalle.html","93","                  <p class=""text-lg font-semibold text-emerald-300"">{{ vehiculo.anio|default:""N/A"" }}</p>"
"E:\projecto\e_garage\templates_short_backup_20250917_191011\us\en\detalle.html","98","                {% if vehiculo.patente %}"
"E:\projecto\e_garage\templates_short_backup_20250917_191011\us\en\detalle.html","101","                  <p class=""text-lg font-semibold text-emerald-300"">{{ vehiculo.patente }}</p>"
"E:\projecto\e_garage\templates_short_backup_20250917_191011\us\en\detalle.html","104","                {% if vehiculo.vin %}"
"E:\projecto\e_garage\templates_short_backup_20250917_191011\us\en\detalle.html","107","                  <p class=""text-sm font-mono text-emerald-300"">{{ vehiculo.vin }}</p>"
"E:\projecto\e_garage\templates_short_backup_20250917_191011\us\en\detalle.html","110","                {% if vehiculo.color %}"
"E:\projecto\e_garage\templates_short_backup_20250917_191011\us\en\detalle.html","113","                  <p class=""text-lg font-semibold text-emerald-300"">{{ vehiculo.color }}</p>"
"E:\projecto\e_garage\templates_short_backup_20250917_191011\us\en\detalle.html","134","                {% if vehiculo.motor_texto or vehiculo.motor %}"
"E:\projecto\e_garage\templates_short_backup_20250917_191011\us\en\detalle.html","138","                    {% if vehiculo.motor_texto %}"
"E:\projecto\e_garage\templates_short_backup_20250917_191011\us\en\detalle.html","139","                        {{ vehiculo.motor_texto }}"
"E:\projecto\e_garage\templates_short_backup_20250917_191011\us\en\detalle.html","140","                    {% elif vehiculo.motor %}"
"E:\projecto\e_garage\templates_short_backup_20250917_191011\us\en\detalle.html","141","                        {{ vehiculo.motor.nombre }}"
"E:\projecto\e_garage\templates_short_backup_20250917_191011\us\en\detalle.html","148","                {% if vehiculo.caja_texto or vehiculo.caja %}"
"E:\projecto\e_garage\templates_short_backup_20250917_191011\us\en\detalle.html","152","                    {% if vehiculo.caja_texto %}"
"E:\projecto\e_garage\templates_short_backup_20250917_191011\us\en\detalle.html","153","                        {{ vehiculo.caja_texto }}"
"E:\projecto\e_garage\templates_short_backup_20250917_191011\us\en\detalle.html","154","                    {% elif vehiculo.caja %}"
"E:\projecto\e_garage\templates_short_backup_20250917_191011\us\en\detalle.html","155","                        {{ vehiculo.caja.nombre }}"
"E:\projecto\e_garage\templates_short_backup_20250917_191011\us\en\detalle.html","167","                  <p class=""text-lg font-semibold text-blue-300"">{{ vehiculo.fecha_creacion|date:""M d, Y"" }}</p>"
"E:\projecto\e_garage\templates_short_backup_20250917_191011\us\en\detalle.html","171","                  <p class=""text-lg font-semibold text-blue-300"">{{ vehiculo.fecha_modificacion|date:""M d, Y"" }}</p>"
"E:\projecto\e_garage\templates_short_backup_20250917_191011\us\en\detalle.html","179","        {% if vehiculo.observaciones %}"
"E:\projecto\e_garage\templates_short_backup_20250917_191011\us\en\detalle.html","191","              <p class=""text-orange-200 leading-relaxed"">{{ vehiculo.observaciones|linebreaks }}</p>"
"E:\projecto\e_garage\templates_short_backup_20250917_191011\us\en\detalle.html","216","                  {{ vehiculo.cliente.nombre|default:""No Client"" }}"
"E:\projecto\e_garage\templates_short_backup_20250917_191011\us\en\detalle.html","219","              {% if vehiculo.cliente.email %}"
"E:\projecto\e_garage\templates_short_backup_20250917_191011\us\en\detalle.html","222","                <p class=""text-sm text-cyan-300"">{{ vehiculo.cliente.email }}</p>"
"E:\projecto\e_garage\templates_short_backup_20250917_191011\us\en\detalle.html","225","              {% if vehiculo.cliente.telefono %}"
"E:\projecto\e_garage\templates_short_backup_20250917_191011\us\en\detalle.html","228","                <p class=""text-sm text-cyan-300"">{{ vehiculo.cliente.telefono }}</p>"
"E:\projecto\e_garage\templates_short_backup_20250917_191011\us\en\detalle.html","247","              <a href=""{% url 'us:vehiculos:editar_vehiculo' %} vehiculo.pk %}"""
"E:\projecto\e_garage\templates_short_backup_20250917_191011\us\en\detalle.html","253","              <a href=""{% url 'us:vehiculos:lista_vehiculos' %} %}"""
"E:\projecto\e_garage\templates_short_backup_20250917_191011\us\en\formulario_documento.html","215","        <label for=""id_vehiculo"">Vehículo</label>"
"E:\projecto\e_garage\templates_short_backup_20250917_191011\us\en\formulario_documento.html","216","        {{ form.vehiculo }}"
"E:\projecto\e_garage\templates_short_backup_20250917_191011\us\en\formulario_documento.html","338","  const $vehiculo = $('#id_vehiculo');"
"E:\projecto\e_garage\templates_short_backup_20250917_191011\us\en\formulario_documento.html","339","  const $vehiculoWrapper = $('#vehiculo-wrapper');"
"E:\projecto\e_garage\templates_short_backup_20250917_191011\us\en\formulario_documento.html","340","  const $vehiculoAlerta = $('#vehiculo-alerta');"
"E:\projecto\e_garage\templates_short_backup_20250917_191011\us\en\formulario_documento.html","385","  function initVehiculoSelect2(clienteId) {"
"E:\projecto\e_garage\templates_short_backup_20250917_191011\us\en\formulario_documento.html","386","    $vehiculo.select2({"
"E:\projecto\e_garage\templates_short_backup_20250917_191011\us\en\formulario_documento.html","388","        url: '/autocomplete/vehiculo/',"
"E:\projecto\e_garage\templates_short_backup_20250917_191011\us\en\formulario_documento.html","410","  initVehiculoSelect2($cliente.val());"
"E:\projecto\e_garage\templates_short_backup_20250917_191011\us\en\formulario_documento.html","415","    $vehiculo.val(null).trigger('change');"
"E:\projecto\e_garage\templates_short_backup_20250917_191011\us\en\formulario_documento.html","416","    $vehiculo.select2('destroy');"
"E:\projecto\e_garage\templates_short_backup_20250917_191011\us\en\formulario_documento.html","417","    initVehiculoSelect2(clienteId);"
"E:\projecto\e_garage\templates_short_backup_20250917_191011\us\en\formulario_documento.html","419","      $vehiculoWrapper.removeClass('hidden');"
"E:\projecto\e_garage\templates_short_backup_20250917_191011\us\en\formulario_documento.html","421","      $vehiculoWrapper.addClass('hidden');"
"E:\projecto\e_garage\templates_short_backup_20250917_191011\us\en\formulario_documento.html","425","  $vehiculo.on('select2:opening', function (e) {"
"E:\projecto\e_garage\templates_short_backup_20250917_191011\us\en\formulario_documento.html","429","      $vehiculoAlerta.removeClass('hidden');"
"E:\projecto\e_garage\templates_short_backup_20250917_191011\us\en\formulario_documento.html","431","        $vehiculoAlerta.addClass('hidden');"
"E:\projecto\e_garage\templates_short_backup_20250917_191011\us\en\form__backup.html","47","        <select id=""sel-vehiculo"" class=""select"">"
"E:\projecto\e_garage\templates_short_backup_20250917_191011\us\en\sidebar.html","6","  <a href=""/cl/vehiculos/"" title=""Vehículos"">"
"E:\projecto\e_garage\templates_short_backup_20250917_191011\us\en\_form_country_us.html","15","             placeholder=""e.g., 78000"" value=""{{ documento.vehiculo.millas|default:'' }}"">"
