test
ERROR 2026-03-12 01:00:02,486 log 626431 140358825517184 Internal Server Error: /
Traceback (most recent call last):
  File "/srv/egarage/venv/lib/python3.12/site-packages/django/core/handlers/exception.py", line 55, in inner
    response = get_response(request)
               ^^^^^^^^^^^^^^^^^^^^^
  File "/srv/egarage/venv/lib/python3.12/site-packages/django/core/handlers/base.py", line 220, in _get_response
    response = response.render()
               ^^^^^^^^^^^^^^^^^
  File "/srv/egarage/venv/lib/python3.12/site-packages/django/template/response.py", line 114, in render
    self.content = self.rendered_content
                   ^^^^^^^^^^^^^^^^^^^^^
  File "/srv/egarage/venv/lib/python3.12/site-packages/django/template/response.py", line 92, in rendered_content
    return template.render(context, self._request)
           ^^^^^^^^^^^^^^^^^^^^^^^^^^^^^^^^^^^^^^^
  File "/srv/egarage/venv/lib/python3.12/site-packages/django/template/backends/django.py", line 61, in render
    return self.template.render(context)
           ^^^^^^^^^^^^^^^^^^^^^^^^^^^^^
  File "/srv/egarage/venv/lib/python3.12/site-packages/django/template/base.py", line 175, in render
    return self._render(context)
           ^^^^^^^^^^^^^^^^^^^^^
  File "/srv/egarage/venv/lib/python3.12/site-packages/django/template/base.py", line 167, in _render
    return self.nodelist.render(context)
           ^^^^^^^^^^^^^^^^^^^^^^^^^^^^^
  File "/srv/egarage/venv/lib/python3.12/site-packages/django/template/base.py", line 1005, in render
    return SafeString("".join([node.render_annotated(context) for node in self]))
                               ^^^^^^^^^^^^^^^^^^^^^^^^^^^^^^
  File "/srv/egarage/venv/lib/python3.12/site-packages/django/template/base.py", line 966, in render_annotated
    return self.render(context)
           ^^^^^^^^^^^^^^^^^^^^
  File "/srv/egarage/venv/lib/python3.12/site-packages/django/templatetags/static.py", line 116, in render
    url = self.url(context)
          ^^^^^^^^^^^^^^^^^
  File "/srv/egarage/venv/lib/python3.12/site-packages/django/templatetags/static.py", line 113, in url
    return self.handle_simple(path)
           ^^^^^^^^^^^^^^^^^^^^^^^^
  File "/srv/egarage/venv/lib/python3.12/site-packages/django/templatetags/static.py", line 129, in handle_simple
    return staticfiles_storage.url(path)
           ^^^^^^^^^^^^^^^^^^^^^^^^^^^^^
  File "/srv/egarage/venv/lib/python3.12/site-packages/django/contrib/staticfiles/storage.py", line 203, in url
    return self._url(self.stored_name, name, force)
           ^^^^^^^^^^^^^^^^^^^^^^^^^^^^^^^^^^^^^^^^
  File "/srv/egarage/venv/lib/python3.12/site-packages/django/contrib/staticfiles/storage.py", line 182, in _url
    hashed_name = hashed_name_func(*args)
                  ^^^^^^^^^^^^^^^^^^^^^^^
  File "/srv/egarage/venv/lib/python3.12/site-packages/django/contrib/staticfiles/storage.py", line 513, in stored_name
    raise ValueError(
ValueError: Missing staticfiles manifest entry for 'img/TallerPro_logo.png'
ERROR 2026-03-12 01:01:09,937 log 626431 140358825517184 Internal Server Error: /
Traceback (most recent call last):
  File "/srv/egarage/venv/lib/python3.12/site-packages/django/core/handlers/exception.py", line 55, in inner
    response = get_response(request)
               ^^^^^^^^^^^^^^^^^^^^^
  File "/srv/egarage/venv/lib/python3.12/site-packages/django/core/handlers/base.py", line 220, in _get_response
    response = response.render()
               ^^^^^^^^^^^^^^^^^
  File "/srv/egarage/venv/lib/python3.12/site-packages/django/template/response.py", line 114, in render
    self.content = self.rendered_content
                   ^^^^^^^^^^^^^^^^^^^^^
  File "/srv/egarage/venv/lib/python3.12/site-packages/django/template/response.py", line 92, in rendered_content
    return template.render(context, self._request)
           ^^^^^^^^^^^^^^^^^^^^^^^^^^^^^^^^^^^^^^^
  File "/srv/egarage/venv/lib/python3.12/site-packages/django/template/backends/django.py", line 61, in render
    return self.template.render(context)
           ^^^^^^^^^^^^^^^^^^^^^^^^^^^^^
  File "/srv/egarage/venv/lib/python3.12/site-packages/django/template/base.py", line 175, in render
    return self._render(context)
           ^^^^^^^^^^^^^^^^^^^^^
  File "/srv/egarage/venv/lib/python3.12/site-packages/django/template/base.py", line 167, in _render
    return self.nodelist.render(context)
           ^^^^^^^^^^^^^^^^^^^^^^^^^^^^^
  File "/srv/egarage/venv/lib/python3.12/site-packages/django/template/base.py", line 1005, in render
    return SafeString("".join([node.render_annotated(context) for node in self]))
                               ^^^^^^^^^^^^^^^^^^^^^^^^^^^^^^
  File "/srv/egarage/venv/lib/python3.12/site-packages/django/template/base.py", line 966, in render_annotated
    return self.render(context)
           ^^^^^^^^^^^^^^^^^^^^
  File "/srv/egarage/venv/lib/python3.12/site-packages/django/templatetags/static.py", line 116, in render
    url = self.url(context)
          ^^^^^^^^^^^^^^^^^
  File "/srv/egarage/venv/lib/python3.12/site-packages/django/templatetags/static.py", line 113, in url
    return self.handle_simple(path)
           ^^^^^^^^^^^^^^^^^^^^^^^^
  File "/srv/egarage/venv/lib/python3.12/site-packages/django/templatetags/static.py", line 129, in handle_simple
    return staticfiles_storage.url(path)
           ^^^^^^^^^^^^^^^^^^^^^^^^^^^^^
  File "/srv/egarage/venv/lib/python3.12/site-packages/django/contrib/staticfiles/storage.py", line 203, in url
    return self._url(self.stored_name, name, force)
           ^^^^^^^^^^^^^^^^^^^^^^^^^^^^^^^^^^^^^^^^
  File "/srv/egarage/venv/lib/python3.12/site-packages/django/contrib/staticfiles/storage.py", line 182, in _url
    hashed_name = hashed_name_func(*args)
                  ^^^^^^^^^^^^^^^^^^^^^^^
  File "/srv/egarage/venv/lib/python3.12/site-packages/django/contrib/staticfiles/storage.py", line 513, in stored_name
    raise ValueError(
ValueError: Missing staticfiles manifest entry for 'img/TallerPro_logo.png'
ERROR 2026-03-12 01:01:22,733 log 626429 140358825517184 Internal Server Error: /
Traceback (most recent call last):
  File "/srv/egarage/venv/lib/python3.12/site-packages/django/core/handlers/exception.py", line 55, in inner
    response = get_response(request)
               ^^^^^^^^^^^^^^^^^^^^^
  File "/srv/egarage/venv/lib/python3.12/site-packages/django/core/handlers/base.py", line 220, in _get_response
    response = response.render()
               ^^^^^^^^^^^^^^^^^
  File "/srv/egarage/venv/lib/python3.12/site-packages/django/template/response.py", line 114, in render
    self.content = self.rendered_content
                   ^^^^^^^^^^^^^^^^^^^^^
  File "/srv/egarage/venv/lib/python3.12/site-packages/django/template/response.py", line 92, in rendered_content
    return template.render(context, self._request)
           ^^^^^^^^^^^^^^^^^^^^^^^^^^^^^^^^^^^^^^^
  File "/srv/egarage/venv/lib/python3.12/site-packages/django/template/backends/django.py", line 61, in render
    return self.template.render(context)
           ^^^^^^^^^^^^^^^^^^^^^^^^^^^^^
  File "/srv/egarage/venv/lib/python3.12/site-packages/django/template/base.py", line 175, in render
    return self._render(context)
           ^^^^^^^^^^^^^^^^^^^^^
  File "/srv/egarage/venv/lib/python3.12/site-packages/django/template/base.py", line 167, in _render
    return self.nodelist.render(context)
           ^^^^^^^^^^^^^^^^^^^^^^^^^^^^^
  File "/srv/egarage/venv/lib/python3.12/site-packages/django/template/base.py", line 1005, in render
    return SafeString("".join([node.render_annotated(context) for node in self]))
                               ^^^^^^^^^^^^^^^^^^^^^^^^^^^^^^
  File "/srv/egarage/venv/lib/python3.12/site-packages/django/template/base.py", line 966, in render_annotated
    return self.render(context)
           ^^^^^^^^^^^^^^^^^^^^
  File "/srv/egarage/venv/lib/python3.12/site-packages/django/templatetags/static.py", line 116, in render
    url = self.url(context)
          ^^^^^^^^^^^^^^^^^
  File "/srv/egarage/venv/lib/python3.12/site-packages/django/templatetags/static.py", line 113, in url
    return self.handle_simple(path)
           ^^^^^^^^^^^^^^^^^^^^^^^^
  File "/srv/egarage/venv/lib/python3.12/site-packages/django/templatetags/static.py", line 129, in handle_simple
    return staticfiles_storage.url(path)
           ^^^^^^^^^^^^^^^^^^^^^^^^^^^^^
  File "/srv/egarage/venv/lib/python3.12/site-packages/django/contrib/staticfiles/storage.py", line 203, in url
    return self._url(self.stored_name, name, force)
           ^^^^^^^^^^^^^^^^^^^^^^^^^^^^^^^^^^^^^^^^
  File "/srv/egarage/venv/lib/python3.12/site-packages/django/contrib/staticfiles/storage.py", line 182, in _url
    hashed_name = hashed_name_func(*args)
                  ^^^^^^^^^^^^^^^^^^^^^^^
  File "/srv/egarage/venv/lib/python3.12/site-packages/django/contrib/staticfiles/storage.py", line 513, in stored_name
    raise ValueError(
ValueError: Missing staticfiles manifest entry for 'img/TallerPro_logo.png'
ERROR 2026-03-12 01:05:38,848 log 626431 140358825517184 Internal Server Error: /
Traceback (most recent call last):
  File "/srv/egarage/venv/lib/python3.12/site-packages/django/core/handlers/exception.py", line 55, in inner
    response = get_response(request)
               ^^^^^^^^^^^^^^^^^^^^^
  File "/srv/egarage/venv/lib/python3.12/site-packages/django/core/handlers/base.py", line 220, in _get_response
    response = response.render()
               ^^^^^^^^^^^^^^^^^
  File "/srv/egarage/venv/lib/python3.12/site-packages/django/template/response.py", line 114, in render
    self.content = self.rendered_content
                   ^^^^^^^^^^^^^^^^^^^^^
  File "/srv/egarage/venv/lib/python3.12/site-packages/django/template/response.py", line 92, in rendered_content
    return template.render(context, self._request)
           ^^^^^^^^^^^^^^^^^^^^^^^^^^^^^^^^^^^^^^^
  File "/srv/egarage/venv/lib/python3.12/site-packages/django/template/backends/django.py", line 61, in render
    return self.template.render(context)
           ^^^^^^^^^^^^^^^^^^^^^^^^^^^^^
  File "/srv/egarage/venv/lib/python3.12/site-packages/django/template/base.py", line 175, in render
    return self._render(context)
           ^^^^^^^^^^^^^^^^^^^^^
  File "/srv/egarage/venv/lib/python3.12/site-packages/django/template/base.py", line 167, in _render
    return self.nodelist.render(context)
           ^^^^^^^^^^^^^^^^^^^^^^^^^^^^^
  File "/srv/egarage/venv/lib/python3.12/site-packages/django/template/base.py", line 1005, in render
    return SafeString("".join([node.render_annotated(context) for node in self]))
                               ^^^^^^^^^^^^^^^^^^^^^^^^^^^^^^
  File "/srv/egarage/venv/lib/python3.12/site-packages/django/template/base.py", line 966, in render_annotated
    return self.render(context)
           ^^^^^^^^^^^^^^^^^^^^
  File "/srv/egarage/venv/lib/python3.12/site-packages/django/templatetags/static.py", line 116, in render
    url = self.url(context)
          ^^^^^^^^^^^^^^^^^
  File "/srv/egarage/venv/lib/python3.12/site-packages/django/templatetags/static.py", line 113, in url
    return self.handle_simple(path)
           ^^^^^^^^^^^^^^^^^^^^^^^^
  File "/srv/egarage/venv/lib/python3.12/site-packages/django/templatetags/static.py", line 129, in handle_simple
    return staticfiles_storage.url(path)
           ^^^^^^^^^^^^^^^^^^^^^^^^^^^^^
  File "/srv/egarage/venv/lib/python3.12/site-packages/django/contrib/staticfiles/storage.py", line 203, in url
    return self._url(self.stored_name, name, force)
           ^^^^^^^^^^^^^^^^^^^^^^^^^^^^^^^^^^^^^^^^
  File "/srv/egarage/venv/lib/python3.12/site-packages/django/contrib/staticfiles/storage.py", line 182, in _url
    hashed_name = hashed_name_func(*args)
                  ^^^^^^^^^^^^^^^^^^^^^^^
  File "/srv/egarage/venv/lib/python3.12/site-packages/django/contrib/staticfiles/storage.py", line 513, in stored_name
    raise ValueError(
ValueError: Missing staticfiles manifest entry for 'img/TallerPro_logo.png'
ERROR 2026-03-12 01:06:21,015 log 626545 133180452008064 Internal Server Error: /
Traceback (most recent call last):
  File "/srv/egarage/venv/lib/python3.12/site-packages/django/core/handlers/exception.py", line 55, in inner
    response = get_response(request)
               ^^^^^^^^^^^^^^^^^^^^^
  File "/srv/egarage/venv/lib/python3.12/site-packages/django/core/handlers/base.py", line 220, in _get_response
    response = response.render()
               ^^^^^^^^^^^^^^^^^
  File "/srv/egarage/venv/lib/python3.12/site-packages/django/template/response.py", line 114, in render
    self.content = self.rendered_content
                   ^^^^^^^^^^^^^^^^^^^^^
  File "/srv/egarage/venv/lib/python3.12/site-packages/django/template/response.py", line 92, in rendered_content
    return template.render(context, self._request)
           ^^^^^^^^^^^^^^^^^^^^^^^^^^^^^^^^^^^^^^^
  File "/srv/egarage/venv/lib/python3.12/site-packages/django/template/backends/django.py", line 61, in render
    return self.template.render(context)
           ^^^^^^^^^^^^^^^^^^^^^^^^^^^^^
  File "/srv/egarage/venv/lib/python3.12/site-packages/django/template/base.py", line 175, in render
    return self._render(context)
           ^^^^^^^^^^^^^^^^^^^^^
  File "/srv/egarage/venv/lib/python3.12/site-packages/django/template/base.py", line 167, in _render
    return self.nodelist.render(context)
           ^^^^^^^^^^^^^^^^^^^^^^^^^^^^^
  File "/srv/egarage/venv/lib/python3.12/site-packages/django/template/base.py", line 1005, in render
    return SafeString("".join([node.render_annotated(context) for node in self]))
                               ^^^^^^^^^^^^^^^^^^^^^^^^^^^^^^
  File "/srv/egarage/venv/lib/python3.12/site-packages/django/template/base.py", line 966, in render_annotated
    return self.render(context)
           ^^^^^^^^^^^^^^^^^^^^
  File "/srv/egarage/venv/lib/python3.12/site-packages/django/templatetags/static.py", line 116, in render
    url = self.url(context)
          ^^^^^^^^^^^^^^^^^
  File "/srv/egarage/venv/lib/python3.12/site-packages/django/templatetags/static.py", line 113, in url
    return self.handle_simple(path)
           ^^^^^^^^^^^^^^^^^^^^^^^^
  File "/srv/egarage/venv/lib/python3.12/site-packages/django/templatetags/static.py", line 129, in handle_simple
    return staticfiles_storage.url(path)
           ^^^^^^^^^^^^^^^^^^^^^^^^^^^^^
  File "/srv/egarage/venv/lib/python3.12/site-packages/django/contrib/staticfiles/storage.py", line 203, in url
    return self._url(self.stored_name, name, force)
           ^^^^^^^^^^^^^^^^^^^^^^^^^^^^^^^^^^^^^^^^
  File "/srv/egarage/venv/lib/python3.12/site-packages/django/contrib/staticfiles/storage.py", line 182, in _url
    hashed_name = hashed_name_func(*args)
                  ^^^^^^^^^^^^^^^^^^^^^^^
  File "/srv/egarage/venv/lib/python3.12/site-packages/django/contrib/staticfiles/storage.py", line 513, in stored_name
    raise ValueError(
ValueError: Missing staticfiles manifest entry for 'img/TallerPro_logo.png'
ERROR 2026-03-12 01:06:45,283 log 626546 133180452008064 Internal Server Error: /
Traceback (most recent call last):
  File "/srv/egarage/venv/lib/python3.12/site-packages/django/core/handlers/exception.py", line 55, in inner
    response = get_response(request)
               ^^^^^^^^^^^^^^^^^^^^^
  File "/srv/egarage/venv/lib/python3.12/site-packages/django/core/handlers/base.py", line 220, in _get_response
    response = response.render()
               ^^^^^^^^^^^^^^^^^
  File "/srv/egarage/venv/lib/python3.12/site-packages/django/template/response.py", line 114, in render
    self.content = self.rendered_content
                   ^^^^^^^^^^^^^^^^^^^^^
  File "/srv/egarage/venv/lib/python3.12/site-packages/django/template/response.py", line 92, in rendered_content
    return template.render(context, self._request)
           ^^^^^^^^^^^^^^^^^^^^^^^^^^^^^^^^^^^^^^^
  File "/srv/egarage/venv/lib/python3.12/site-packages/django/template/backends/django.py", line 61, in render
    return self.template.render(context)
           ^^^^^^^^^^^^^^^^^^^^^^^^^^^^^
  File "/srv/egarage/venv/lib/python3.12/site-packages/django/template/base.py", line 175, in render
    return self._render(context)
           ^^^^^^^^^^^^^^^^^^^^^
  File "/srv/egarage/venv/lib/python3.12/site-packages/django/template/base.py", line 167, in _render
    return self.nodelist.render(context)
           ^^^^^^^^^^^^^^^^^^^^^^^^^^^^^
  File "/srv/egarage/venv/lib/python3.12/site-packages/django/template/base.py", line 1005, in render
    return SafeString("".join([node.render_annotated(context) for node in self]))
                               ^^^^^^^^^^^^^^^^^^^^^^^^^^^^^^
  File "/srv/egarage/venv/lib/python3.12/site-packages/django/template/base.py", line 966, in render_annotated
    return self.render(context)
           ^^^^^^^^^^^^^^^^^^^^
  File "/srv/egarage/venv/lib/python3.12/site-packages/django/templatetags/static.py", line 116, in render
    url = self.url(context)
          ^^^^^^^^^^^^^^^^^
  File "/srv/egarage/venv/lib/python3.12/site-packages/django/templatetags/static.py", line 113, in url
    return self.handle_simple(path)
           ^^^^^^^^^^^^^^^^^^^^^^^^
  File "/srv/egarage/venv/lib/python3.12/site-packages/django/templatetags/static.py", line 129, in handle_simple
    return staticfiles_storage.url(path)
           ^^^^^^^^^^^^^^^^^^^^^^^^^^^^^
  File "/srv/egarage/venv/lib/python3.12/site-packages/django/contrib/staticfiles/storage.py", line 203, in url
    return self._url(self.stored_name, name, force)
           ^^^^^^^^^^^^^^^^^^^^^^^^^^^^^^^^^^^^^^^^
  File "/srv/egarage/venv/lib/python3.12/site-packages/django/contrib/staticfiles/storage.py", line 182, in _url
    hashed_name = hashed_name_func(*args)
                  ^^^^^^^^^^^^^^^^^^^^^^^
  File "/srv/egarage/venv/lib/python3.12/site-packages/django/contrib/staticfiles/storage.py", line 513, in stored_name
    raise ValueError(
ValueError: Missing staticfiles manifest entry for 'img/TallerPro_logo.png'
ERROR 2026-03-12 01:07:08,498 log 626547 133180452008064 Internal Server Error: /
Traceback (most recent call last):
  File "/srv/egarage/venv/lib/python3.12/site-packages/django/core/handlers/exception.py", line 55, in inner
    response = get_response(request)
               ^^^^^^^^^^^^^^^^^^^^^
  File "/srv/egarage/venv/lib/python3.12/site-packages/django/core/handlers/base.py", line 220, in _get_response
    response = response.render()
               ^^^^^^^^^^^^^^^^^
  File "/srv/egarage/venv/lib/python3.12/site-packages/django/template/response.py", line 114, in render
    self.content = self.rendered_content
                   ^^^^^^^^^^^^^^^^^^^^^
  File "/srv/egarage/venv/lib/python3.12/site-packages/django/template/response.py", line 92, in rendered_content
    return template.render(context, self._request)
           ^^^^^^^^^^^^^^^^^^^^^^^^^^^^^^^^^^^^^^^
  File "/srv/egarage/venv/lib/python3.12/site-packages/django/template/backends/django.py", line 61, in render
    return self.template.render(context)
           ^^^^^^^^^^^^^^^^^^^^^^^^^^^^^
  File "/srv/egarage/venv/lib/python3.12/site-packages/django/template/base.py", line 175, in render
    return self._render(context)
           ^^^^^^^^^^^^^^^^^^^^^
  File "/srv/egarage/venv/lib/python3.12/site-packages/django/template/base.py", line 167, in _render
    return self.nodelist.render(context)
           ^^^^^^^^^^^^^^^^^^^^^^^^^^^^^
  File "/srv/egarage/venv/lib/python3.12/site-packages/django/template/base.py", line 1005, in render
    return SafeString("".join([node.render_annotated(context) for node in self]))
                               ^^^^^^^^^^^^^^^^^^^^^^^^^^^^^^
  File "/srv/egarage/venv/lib/python3.12/site-packages/django/template/base.py", line 966, in render_annotated
    return self.render(context)
           ^^^^^^^^^^^^^^^^^^^^
  File "/srv/egarage/venv/lib/python3.12/site-packages/django/templatetags/static.py", line 116, in render
    url = self.url(context)
          ^^^^^^^^^^^^^^^^^
  File "/srv/egarage/venv/lib/python3.12/site-packages/django/templatetags/static.py", line 113, in url
    return self.handle_simple(path)
           ^^^^^^^^^^^^^^^^^^^^^^^^
  File "/srv/egarage/venv/lib/python3.12/site-packages/django/templatetags/static.py", line 129, in handle_simple
    return staticfiles_storage.url(path)
           ^^^^^^^^^^^^^^^^^^^^^^^^^^^^^
  File "/srv/egarage/venv/lib/python3.12/site-packages/django/contrib/staticfiles/storage.py", line 203, in url
    return self._url(self.stored_name, name, force)
           ^^^^^^^^^^^^^^^^^^^^^^^^^^^^^^^^^^^^^^^^
  File "/srv/egarage/venv/lib/python3.12/site-packages/django/contrib/staticfiles/storage.py", line 182, in _url
    hashed_name = hashed_name_func(*args)
                  ^^^^^^^^^^^^^^^^^^^^^^^
  File "/srv/egarage/venv/lib/python3.12/site-packages/django/contrib/staticfiles/storage.py", line 513, in stored_name
    raise ValueError(
ValueError: Missing staticfiles manifest entry for 'img/TallerPro_logo.png'
ERROR 2026-03-12 01:08:14,445 log 626599 133938039672960 Internal Server Error: /
Traceback (most recent call last):
  File "/srv/egarage/venv/lib/python3.12/site-packages/django/core/handlers/exception.py", line 55, in inner
    response = get_response(request)
               ^^^^^^^^^^^^^^^^^^^^^
  File "/srv/egarage/venv/lib/python3.12/site-packages/django/core/handlers/base.py", line 220, in _get_response
    response = response.render()
               ^^^^^^^^^^^^^^^^^
  File "/srv/egarage/venv/lib/python3.12/site-packages/django/template/response.py", line 114, in render
    self.content = self.rendered_content
                   ^^^^^^^^^^^^^^^^^^^^^
  File "/srv/egarage/venv/lib/python3.12/site-packages/django/template/response.py", line 92, in rendered_content
    return template.render(context, self._request)
           ^^^^^^^^^^^^^^^^^^^^^^^^^^^^^^^^^^^^^^^
  File "/srv/egarage/venv/lib/python3.12/site-packages/django/template/backends/django.py", line 61, in render
    return self.template.render(context)
           ^^^^^^^^^^^^^^^^^^^^^^^^^^^^^
  File "/srv/egarage/venv/lib/python3.12/site-packages/django/template/base.py", line 175, in render
    return self._render(context)
           ^^^^^^^^^^^^^^^^^^^^^
  File "/srv/egarage/venv/lib/python3.12/site-packages/django/template/base.py", line 167, in _render
    return self.nodelist.render(context)
           ^^^^^^^^^^^^^^^^^^^^^^^^^^^^^
  File "/srv/egarage/venv/lib/python3.12/site-packages/django/template/base.py", line 1005, in render
    return SafeString("".join([node.render_annotated(context) for node in self]))
                               ^^^^^^^^^^^^^^^^^^^^^^^^^^^^^^
  File "/srv/egarage/venv/lib/python3.12/site-packages/django/template/base.py", line 966, in render_annotated
    return self.render(context)
           ^^^^^^^^^^^^^^^^^^^^
  File "/srv/egarage/venv/lib/python3.12/site-packages/django/templatetags/static.py", line 116, in render
    url = self.url(context)
          ^^^^^^^^^^^^^^^^^
  File "/srv/egarage/venv/lib/python3.12/site-packages/django/templatetags/static.py", line 113, in url
    return self.handle_simple(path)
           ^^^^^^^^^^^^^^^^^^^^^^^^
  File "/srv/egarage/venv/lib/python3.12/site-packages/django/templatetags/static.py", line 129, in handle_simple
    return staticfiles_storage.url(path)
           ^^^^^^^^^^^^^^^^^^^^^^^^^^^^^
  File "/srv/egarage/venv/lib/python3.12/site-packages/django/contrib/staticfiles/storage.py", line 203, in url
    return self._url(self.stored_name, name, force)
           ^^^^^^^^^^^^^^^^^^^^^^^^^^^^^^^^^^^^^^^^
  File "/srv/egarage/venv/lib/python3.12/site-packages/django/contrib/staticfiles/storage.py", line 182, in _url
    hashed_name = hashed_name_func(*args)
                  ^^^^^^^^^^^^^^^^^^^^^^^
  File "/srv/egarage/venv/lib/python3.12/site-packages/django/contrib/staticfiles/storage.py", line 513, in stored_name
    raise ValueError(
ValueError: Missing staticfiles manifest entry for 'img/egarage_logo.png'
ERROR 2026-03-12 01:08:15,145 log 626601 133938039672960 Internal Server Error: /
Traceback (most recent call last):
  File "/srv/egarage/venv/lib/python3.12/site-packages/django/core/handlers/exception.py", line 55, in inner
    response = get_response(request)
               ^^^^^^^^^^^^^^^^^^^^^
  File "/srv/egarage/venv/lib/python3.12/site-packages/django/core/handlers/base.py", line 220, in _get_response
    response = response.render()
               ^^^^^^^^^^^^^^^^^
  File "/srv/egarage/venv/lib/python3.12/site-packages/django/template/response.py", line 114, in render
    self.content = self.rendered_content
                   ^^^^^^^^^^^^^^^^^^^^^
  File "/srv/egarage/venv/lib/python3.12/site-packages/django/template/response.py", line 92, in rendered_content
    return template.render(context, self._request)
           ^^^^^^^^^^^^^^^^^^^^^^^^^^^^^^^^^^^^^^^
  File "/srv/egarage/venv/lib/python3.12/site-packages/django/template/backends/django.py", line 61, in render
    return self.template.render(context)
           ^^^^^^^^^^^^^^^^^^^^^^^^^^^^^
  File "/srv/egarage/venv/lib/python3.12/site-packages/django/template/base.py", line 175, in render
    return self._render(context)
           ^^^^^^^^^^^^^^^^^^^^^
  File "/srv/egarage/venv/lib/python3.12/site-packages/django/template/base.py", line 167, in _render
    return self.nodelist.render(context)
           ^^^^^^^^^^^^^^^^^^^^^^^^^^^^^
  File "/srv/egarage/venv/lib/python3.12/site-packages/django/template/base.py", line 1005, in render
    return SafeString("".join([node.render_annotated(context) for node in self]))
                               ^^^^^^^^^^^^^^^^^^^^^^^^^^^^^^
  File "/srv/egarage/venv/lib/python3.12/site-packages/django/template/base.py", line 966, in render_annotated
    return self.render(context)
           ^^^^^^^^^^^^^^^^^^^^
  File "/srv/egarage/venv/lib/python3.12/site-packages/django/templatetags/static.py", line 116, in render
    url = self.url(context)
          ^^^^^^^^^^^^^^^^^
  File "/srv/egarage/venv/lib/python3.12/site-packages/django/templatetags/static.py", line 113, in url
    return self.handle_simple(path)
           ^^^^^^^^^^^^^^^^^^^^^^^^
  File "/srv/egarage/venv/lib/python3.12/site-packages/django/templatetags/static.py", line 129, in handle_simple
    return staticfiles_storage.url(path)
           ^^^^^^^^^^^^^^^^^^^^^^^^^^^^^
  File "/srv/egarage/venv/lib/python3.12/site-packages/django/contrib/staticfiles/storage.py", line 203, in url
    return self._url(self.stored_name, name, force)
           ^^^^^^^^^^^^^^^^^^^^^^^^^^^^^^^^^^^^^^^^
  File "/srv/egarage/venv/lib/python3.12/site-packages/django/contrib/staticfiles/storage.py", line 182, in _url
    hashed_name = hashed_name_func(*args)
                  ^^^^^^^^^^^^^^^^^^^^^^^
  File "/srv/egarage/venv/lib/python3.12/site-packages/django/contrib/staticfiles/storage.py", line 513, in stored_name
    raise ValueError(
ValueError: Missing staticfiles manifest entry for 'img/egarage_logo.png'
ERROR 2026-03-12 01:10:31,486 log 626652 138610731102336 Internal Server Error: /
Traceback (most recent call last):
  File "/srv/egarage/venv/lib/python3.12/site-packages/django/core/handlers/exception.py", line 55, in inner
    response = get_response(request)
               ^^^^^^^^^^^^^^^^^^^^^
  File "/srv/egarage/venv/lib/python3.12/site-packages/django/core/handlers/base.py", line 220, in _get_response
    response = response.render()
               ^^^^^^^^^^^^^^^^^
  File "/srv/egarage/venv/lib/python3.12/site-packages/django/template/response.py", line 114, in render
    self.content = self.rendered_content
                   ^^^^^^^^^^^^^^^^^^^^^
  File "/srv/egarage/venv/lib/python3.12/site-packages/django/template/response.py", line 92, in rendered_content
    return template.render(context, self._request)
           ^^^^^^^^^^^^^^^^^^^^^^^^^^^^^^^^^^^^^^^
  File "/srv/egarage/venv/lib/python3.12/site-packages/django/template/backends/django.py", line 61, in render
    return self.template.render(context)
           ^^^^^^^^^^^^^^^^^^^^^^^^^^^^^
  File "/srv/egarage/venv/lib/python3.12/site-packages/django/template/base.py", line 175, in render
    return self._render(context)
           ^^^^^^^^^^^^^^^^^^^^^
  File "/srv/egarage/venv/lib/python3.12/site-packages/django/template/base.py", line 167, in _render
    return self.nodelist.render(context)
           ^^^^^^^^^^^^^^^^^^^^^^^^^^^^^
  File "/srv/egarage/venv/lib/python3.12/site-packages/django/template/base.py", line 1005, in render
    return SafeString("".join([node.render_annotated(context) for node in self]))
                               ^^^^^^^^^^^^^^^^^^^^^^^^^^^^^^
  File "/srv/egarage/venv/lib/python3.12/site-packages/django/template/base.py", line 966, in render_annotated
    return self.render(context)
           ^^^^^^^^^^^^^^^^^^^^
  File "/srv/egarage/venv/lib/python3.12/site-packages/django/templatetags/static.py", line 116, in render
    url = self.url(context)
          ^^^^^^^^^^^^^^^^^
  File "/srv/egarage/venv/lib/python3.12/site-packages/django/templatetags/static.py", line 113, in url
    return self.handle_simple(path)
           ^^^^^^^^^^^^^^^^^^^^^^^^
  File "/srv/egarage/venv/lib/python3.12/site-packages/django/templatetags/static.py", line 129, in handle_simple
    return staticfiles_storage.url(path)
           ^^^^^^^^^^^^^^^^^^^^^^^^^^^^^
  File "/srv/egarage/venv/lib/python3.12/site-packages/django/contrib/staticfiles/storage.py", line 203, in url
    return self._url(self.stored_name, name, force)
           ^^^^^^^^^^^^^^^^^^^^^^^^^^^^^^^^^^^^^^^^
  File "/srv/egarage/venv/lib/python3.12/site-packages/django/contrib/staticfiles/storage.py", line 182, in _url
    hashed_name = hashed_name_func(*args)
                  ^^^^^^^^^^^^^^^^^^^^^^^
  File "/srv/egarage/venv/lib/python3.12/site-packages/django/contrib/staticfiles/storage.py", line 513, in stored_name
    raise ValueError(
ValueError: Missing staticfiles manifest entry for 'img/egarage_logo.png'
ERROR 2026-03-12 01:10:54,736 log 626653 138610731102336 Internal Server Error: /
Traceback (most recent call last):
  File "/srv/egarage/venv/lib/python3.12/site-packages/django/core/handlers/exception.py", line 55, in inner
    response = get_response(request)
               ^^^^^^^^^^^^^^^^^^^^^
  File "/srv/egarage/venv/lib/python3.12/site-packages/django/core/handlers/base.py", line 220, in _get_response
    response = response.render()
               ^^^^^^^^^^^^^^^^^
  File "/srv/egarage/venv/lib/python3.12/site-packages/django/template/response.py", line 114, in render
    self.content = self.rendered_content
                   ^^^^^^^^^^^^^^^^^^^^^
  File "/srv/egarage/venv/lib/python3.12/site-packages/django/template/response.py", line 92, in rendered_content
    return template.render(context, self._request)
           ^^^^^^^^^^^^^^^^^^^^^^^^^^^^^^^^^^^^^^^
  File "/srv/egarage/venv/lib/python3.12/site-packages/django/template/backends/django.py", line 61, in render
    return self.template.render(context)
           ^^^^^^^^^^^^^^^^^^^^^^^^^^^^^
  File "/srv/egarage/venv/lib/python3.12/site-packages/django/template/base.py", line 175, in render
    return self._render(context)
           ^^^^^^^^^^^^^^^^^^^^^
  File "/srv/egarage/venv/lib/python3.12/site-packages/django/template/base.py", line 167, in _render
    return self.nodelist.render(context)
           ^^^^^^^^^^^^^^^^^^^^^^^^^^^^^
  File "/srv/egarage/venv/lib/python3.12/site-packages/django/template/base.py", line 1005, in render
    return SafeString("".join([node.render_annotated(context) for node in self]))
                               ^^^^^^^^^^^^^^^^^^^^^^^^^^^^^^
  File "/srv/egarage/venv/lib/python3.12/site-packages/django/template/base.py", line 966, in render_annotated
    return self.render(context)
           ^^^^^^^^^^^^^^^^^^^^
  File "/srv/egarage/venv/lib/python3.12/site-packages/django/templatetags/static.py", line 116, in render
    url = self.url(context)
          ^^^^^^^^^^^^^^^^^
  File "/srv/egarage/venv/lib/python3.12/site-packages/django/templatetags/static.py", line 113, in url
    return self.handle_simple(path)
           ^^^^^^^^^^^^^^^^^^^^^^^^
  File "/srv/egarage/venv/lib/python3.12/site-packages/django/templatetags/static.py", line 129, in handle_simple
    return staticfiles_storage.url(path)
           ^^^^^^^^^^^^^^^^^^^^^^^^^^^^^
  File "/srv/egarage/venv/lib/python3.12/site-packages/django/contrib/staticfiles/storage.py", line 203, in url
    return self._url(self.stored_name, name, force)
           ^^^^^^^^^^^^^^^^^^^^^^^^^^^^^^^^^^^^^^^^
  File "/srv/egarage/venv/lib/python3.12/site-packages/django/contrib/staticfiles/storage.py", line 182, in _url
    hashed_name = hashed_name_func(*args)
                  ^^^^^^^^^^^^^^^^^^^^^^^
  File "/srv/egarage/venv/lib/python3.12/site-packages/django/contrib/staticfiles/storage.py", line 513, in stored_name
    raise ValueError(
ValueError: Missing staticfiles manifest entry for 'img/egarage_logo.png'
ERROR 2026-03-12 01:10:56,543 log 626654 138610731102336 Internal Server Error: /
Traceback (most recent call last):
  File "/srv/egarage/venv/lib/python3.12/site-packages/django/core/handlers/exception.py", line 55, in inner
    response = get_response(request)
               ^^^^^^^^^^^^^^^^^^^^^
  File "/srv/egarage/venv/lib/python3.12/site-packages/django/core/handlers/base.py", line 220, in _get_response
    response = response.render()
               ^^^^^^^^^^^^^^^^^
  File "/srv/egarage/venv/lib/python3.12/site-packages/django/template/response.py", line 114, in render
    self.content = self.rendered_content
                   ^^^^^^^^^^^^^^^^^^^^^
  File "/srv/egarage/venv/lib/python3.12/site-packages/django/template/response.py", line 92, in rendered_content
    return template.render(context, self._request)
           ^^^^^^^^^^^^^^^^^^^^^^^^^^^^^^^^^^^^^^^
  File "/srv/egarage/venv/lib/python3.12/site-packages/django/template/backends/django.py", line 61, in render
    return self.template.render(context)
           ^^^^^^^^^^^^^^^^^^^^^^^^^^^^^
  File "/srv/egarage/venv/lib/python3.12/site-packages/django/template/base.py", line 175, in render
    return self._render(context)
           ^^^^^^^^^^^^^^^^^^^^^
  File "/srv/egarage/venv/lib/python3.12/site-packages/django/template/base.py", line 167, in _render
    return self.nodelist.render(context)
           ^^^^^^^^^^^^^^^^^^^^^^^^^^^^^
  File "/srv/egarage/venv/lib/python3.12/site-packages/django/template/base.py", line 1005, in render
    return SafeString("".join([node.render_annotated(context) for node in self]))
                               ^^^^^^^^^^^^^^^^^^^^^^^^^^^^^^
  File "/srv/egarage/venv/lib/python3.12/site-packages/django/template/base.py", line 966, in render_annotated
    return self.render(context)
           ^^^^^^^^^^^^^^^^^^^^
  File "/srv/egarage/venv/lib/python3.12/site-packages/django/templatetags/static.py", line 116, in render
    url = self.url(context)
          ^^^^^^^^^^^^^^^^^
  File "/srv/egarage/venv/lib/python3.12/site-packages/django/templatetags/static.py", line 113, in url
    return self.handle_simple(path)
           ^^^^^^^^^^^^^^^^^^^^^^^^
  File "/srv/egarage/venv/lib/python3.12/site-packages/django/templatetags/static.py", line 129, in handle_simple
    return staticfiles_storage.url(path)
           ^^^^^^^^^^^^^^^^^^^^^^^^^^^^^
  File "/srv/egarage/venv/lib/python3.12/site-packages/django/contrib/staticfiles/storage.py", line 203, in url
    return self._url(self.stored_name, name, force)
           ^^^^^^^^^^^^^^^^^^^^^^^^^^^^^^^^^^^^^^^^
  File "/srv/egarage/venv/lib/python3.12/site-packages/django/contrib/staticfiles/storage.py", line 182, in _url
    hashed_name = hashed_name_func(*args)
                  ^^^^^^^^^^^^^^^^^^^^^^^
  File "/srv/egarage/venv/lib/python3.12/site-packages/django/contrib/staticfiles/storage.py", line 513, in stored_name
    raise ValueError(
ValueError: Missing staticfiles manifest entry for 'img/egarage_logo.png'
ERROR 2026-03-12 01:10:58,640 log 626654 138610731102336 Internal Server Error: /
Traceback (most recent call last):
  File "/srv/egarage/venv/lib/python3.12/site-packages/django/core/handlers/exception.py", line 55, in inner
    response = get_response(request)
               ^^^^^^^^^^^^^^^^^^^^^
  File "/srv/egarage/venv/lib/python3.12/site-packages/django/core/handlers/base.py", line 220, in _get_response
    response = response.render()
               ^^^^^^^^^^^^^^^^^
  File "/srv/egarage/venv/lib/python3.12/site-packages/django/template/response.py", line 114, in render
    self.content = self.rendered_content
                   ^^^^^^^^^^^^^^^^^^^^^
  File "/srv/egarage/venv/lib/python3.12/site-packages/django/template/response.py", line 92, in rendered_content
    return template.render(context, self._request)
           ^^^^^^^^^^^^^^^^^^^^^^^^^^^^^^^^^^^^^^^
  File "/srv/egarage/venv/lib/python3.12/site-packages/django/template/backends/django.py", line 61, in render
    return self.template.render(context)
           ^^^^^^^^^^^^^^^^^^^^^^^^^^^^^
  File "/srv/egarage/venv/lib/python3.12/site-packages/django/template/base.py", line 175, in render
    return self._render(context)
           ^^^^^^^^^^^^^^^^^^^^^
  File "/srv/egarage/venv/lib/python3.12/site-packages/django/template/base.py", line 167, in _render
    return self.nodelist.render(context)
           ^^^^^^^^^^^^^^^^^^^^^^^^^^^^^
  File "/srv/egarage/venv/lib/python3.12/site-packages/django/template/base.py", line 1005, in render
    return SafeString("".join([node.render_annotated(context) for node in self]))
                               ^^^^^^^^^^^^^^^^^^^^^^^^^^^^^^
  File "/srv/egarage/venv/lib/python3.12/site-packages/django/template/base.py", line 966, in render_annotated
    return self.render(context)
           ^^^^^^^^^^^^^^^^^^^^
  File "/srv/egarage/venv/lib/python3.12/site-packages/django/templatetags/static.py", line 116, in render
    url = self.url(context)
          ^^^^^^^^^^^^^^^^^
  File "/srv/egarage/venv/lib/python3.12/site-packages/django/templatetags/static.py", line 113, in url
    return self.handle_simple(path)
           ^^^^^^^^^^^^^^^^^^^^^^^^
  File "/srv/egarage/venv/lib/python3.12/site-packages/django/templatetags/static.py", line 129, in handle_simple
    return staticfiles_storage.url(path)
           ^^^^^^^^^^^^^^^^^^^^^^^^^^^^^
  File "/srv/egarage/venv/lib/python3.12/site-packages/django/contrib/staticfiles/storage.py", line 203, in url
    return self._url(self.stored_name, name, force)
           ^^^^^^^^^^^^^^^^^^^^^^^^^^^^^^^^^^^^^^^^
  File "/srv/egarage/venv/lib/python3.12/site-packages/django/contrib/staticfiles/storage.py", line 182, in _url
    hashed_name = hashed_name_func(*args)
                  ^^^^^^^^^^^^^^^^^^^^^^^
  File "/srv/egarage/venv/lib/python3.12/site-packages/django/contrib/staticfiles/storage.py", line 513, in stored_name
    raise ValueError(
ValueError: Missing staticfiles manifest entry for 'img/egarage_logo.png'
ERROR 2026-03-12 01:10:58,716 log 626652 138610731102336 Internal Server Error: /
Traceback (most recent call last):
  File "/srv/egarage/venv/lib/python3.12/site-packages/django/core/handlers/exception.py", line 55, in inner
    response = get_response(request)
               ^^^^^^^^^^^^^^^^^^^^^
  File "/srv/egarage/venv/lib/python3.12/site-packages/django/core/handlers/base.py", line 220, in _get_response
    response = response.render()
               ^^^^^^^^^^^^^^^^^
  File "/srv/egarage/venv/lib/python3.12/site-packages/django/template/response.py", line 114, in render
    self.content = self.rendered_content
                   ^^^^^^^^^^^^^^^^^^^^^
  File "/srv/egarage/venv/lib/python3.12/site-packages/django/template/response.py", line 92, in rendered_content
    return template.render(context, self._request)
           ^^^^^^^^^^^^^^^^^^^^^^^^^^^^^^^^^^^^^^^
  File "/srv/egarage/venv/lib/python3.12/site-packages/django/template/backends/django.py", line 61, in render
    return self.template.render(context)
           ^^^^^^^^^^^^^^^^^^^^^^^^^^^^^
  File "/srv/egarage/venv/lib/python3.12/site-packages/django/template/base.py", line 175, in render
    return self._render(context)
           ^^^^^^^^^^^^^^^^^^^^^
  File "/srv/egarage/venv/lib/python3.12/site-packages/django/template/base.py", line 167, in _render
    return self.nodelist.render(context)
           ^^^^^^^^^^^^^^^^^^^^^^^^^^^^^
  File "/srv/egarage/venv/lib/python3.12/site-packages/django/template/base.py", line 1005, in render
    return SafeString("".join([node.render_annotated(context) for node in self]))
                               ^^^^^^^^^^^^^^^^^^^^^^^^^^^^^^
  File "/srv/egarage/venv/lib/python3.12/site-packages/django/template/base.py", line 966, in render_annotated
    return self.render(context)
           ^^^^^^^^^^^^^^^^^^^^
  File "/srv/egarage/venv/lib/python3.12/site-packages/django/templatetags/static.py", line 116, in render
    url = self.url(context)
          ^^^^^^^^^^^^^^^^^
  File "/srv/egarage/venv/lib/python3.12/site-packages/django/templatetags/static.py", line 113, in url
    return self.handle_simple(path)
           ^^^^^^^^^^^^^^^^^^^^^^^^
  File "/srv/egarage/venv/lib/python3.12/site-packages/django/templatetags/static.py", line 129, in handle_simple
    return staticfiles_storage.url(path)
           ^^^^^^^^^^^^^^^^^^^^^^^^^^^^^
  File "/srv/egarage/venv/lib/python3.12/site-packages/django/contrib/staticfiles/storage.py", line 203, in url
    return self._url(self.stored_name, name, force)
           ^^^^^^^^^^^^^^^^^^^^^^^^^^^^^^^^^^^^^^^^
  File "/srv/egarage/venv/lib/python3.12/site-packages/django/contrib/staticfiles/storage.py", line 182, in _url
    hashed_name = hashed_name_func(*args)
                  ^^^^^^^^^^^^^^^^^^^^^^^
  File "/srv/egarage/venv/lib/python3.12/site-packages/django/contrib/staticfiles/storage.py", line 513, in stored_name
    raise ValueError(
ValueError: Missing staticfiles manifest entry for 'img/egarage_logo.png'
ERROR 2026-03-12 01:10:59,881 log 626653 138610731102336 Internal Server Error: /
Traceback (most recent call last):
  File "/srv/egarage/venv/lib/python3.12/site-packages/django/core/handlers/exception.py", line 55, in inner
    response = get_response(request)
               ^^^^^^^^^^^^^^^^^^^^^
  File "/srv/egarage/venv/lib/python3.12/site-packages/django/core/handlers/base.py", line 220, in _get_response
    response = response.render()
               ^^^^^^^^^^^^^^^^^
  File "/srv/egarage/venv/lib/python3.12/site-packages/django/template/response.py", line 114, in render
    self.content = self.rendered_content
                   ^^^^^^^^^^^^^^^^^^^^^
  File "/srv/egarage/venv/lib/python3.12/site-packages/django/template/response.py", line 92, in rendered_content
    return template.render(context, self._request)
           ^^^^^^^^^^^^^^^^^^^^^^^^^^^^^^^^^^^^^^^
  File "/srv/egarage/venv/lib/python3.12/site-packages/django/template/backends/django.py", line 61, in render
    return self.template.render(context)
           ^^^^^^^^^^^^^^^^^^^^^^^^^^^^^
  File "/srv/egarage/venv/lib/python3.12/site-packages/django/template/base.py", line 175, in render
    return self._render(context)
           ^^^^^^^^^^^^^^^^^^^^^
  File "/srv/egarage/venv/lib/python3.12/site-packages/django/template/base.py", line 167, in _render
    return self.nodelist.render(context)
           ^^^^^^^^^^^^^^^^^^^^^^^^^^^^^
  File "/srv/egarage/venv/lib/python3.12/site-packages/django/template/base.py", line 1005, in render
    return SafeString("".join([node.render_annotated(context) for node in self]))
                               ^^^^^^^^^^^^^^^^^^^^^^^^^^^^^^
  File "/srv/egarage/venv/lib/python3.12/site-packages/django/template/base.py", line 966, in render_annotated
    return self.render(context)
           ^^^^^^^^^^^^^^^^^^^^
  File "/srv/egarage/venv/lib/python3.12/site-packages/django/templatetags/static.py", line 116, in render
    url = self.url(context)
          ^^^^^^^^^^^^^^^^^
  File "/srv/egarage/venv/lib/python3.12/site-packages/django/templatetags/static.py", line 113, in url
    return self.handle_simple(path)
           ^^^^^^^^^^^^^^^^^^^^^^^^
  File "/srv/egarage/venv/lib/python3.12/site-packages/django/templatetags/static.py", line 129, in handle_simple
    return staticfiles_storage.url(path)
           ^^^^^^^^^^^^^^^^^^^^^^^^^^^^^
  File "/srv/egarage/venv/lib/python3.12/site-packages/django/contrib/staticfiles/storage.py", line 203, in url
    return self._url(self.stored_name, name, force)
           ^^^^^^^^^^^^^^^^^^^^^^^^^^^^^^^^^^^^^^^^
  File "/srv/egarage/venv/lib/python3.12/site-packages/django/contrib/staticfiles/storage.py", line 182, in _url
    hashed_name = hashed_name_func(*args)
                  ^^^^^^^^^^^^^^^^^^^^^^^
  File "/srv/egarage/venv/lib/python3.12/site-packages/django/contrib/staticfiles/storage.py", line 513, in stored_name
    raise ValueError(
ValueError: Missing staticfiles manifest entry for 'img/egarage_logo.png'
ERROR 2026-03-12 01:11:01,966 log 626654 138610731102336 Internal Server Error: /
Traceback (most recent call last):
  File "/srv/egarage/venv/lib/python3.12/site-packages/django/core/handlers/exception.py", line 55, in inner
    response = get_response(request)
               ^^^^^^^^^^^^^^^^^^^^^
  File "/srv/egarage/venv/lib/python3.12/site-packages/django/core/handlers/base.py", line 220, in _get_response
    response = response.render()
               ^^^^^^^^^^^^^^^^^
  File "/srv/egarage/venv/lib/python3.12/site-packages/django/template/response.py", line 114, in render
    self.content = self.rendered_content
                   ^^^^^^^^^^^^^^^^^^^^^
  File "/srv/egarage/venv/lib/python3.12/site-packages/django/template/response.py", line 92, in rendered_content
    return template.render(context, self._request)
           ^^^^^^^^^^^^^^^^^^^^^^^^^^^^^^^^^^^^^^^
  File "/srv/egarage/venv/lib/python3.12/site-packages/django/template/backends/django.py", line 61, in render
    return self.template.render(context)
           ^^^^^^^^^^^^^^^^^^^^^^^^^^^^^
  File "/srv/egarage/venv/lib/python3.12/site-packages/django/template/base.py", line 175, in render
    return self._render(context)
           ^^^^^^^^^^^^^^^^^^^^^
  File "/srv/egarage/venv/lib/python3.12/site-packages/django/template/base.py", line 167, in _render
    return self.nodelist.render(context)
           ^^^^^^^^^^^^^^^^^^^^^^^^^^^^^
  File "/srv/egarage/venv/lib/python3.12/site-packages/django/template/base.py", line 1005, in render
    return SafeString("".join([node.render_annotated(context) for node in self]))
                               ^^^^^^^^^^^^^^^^^^^^^^^^^^^^^^
  File "/srv/egarage/venv/lib/python3.12/site-packages/django/template/base.py", line 966, in render_annotated
    return self.render(context)
           ^^^^^^^^^^^^^^^^^^^^
  File "/srv/egarage/venv/lib/python3.12/site-packages/django/templatetags/static.py", line 116, in render
    url = self.url(context)
          ^^^^^^^^^^^^^^^^^
  File "/srv/egarage/venv/lib/python3.12/site-packages/django/templatetags/static.py", line 113, in url
    return self.handle_simple(path)
           ^^^^^^^^^^^^^^^^^^^^^^^^
  File "/srv/egarage/venv/lib/python3.12/site-packages/django/templatetags/static.py", line 129, in handle_simple
    return staticfiles_storage.url(path)
           ^^^^^^^^^^^^^^^^^^^^^^^^^^^^^
  File "/srv/egarage/venv/lib/python3.12/site-packages/django/contrib/staticfiles/storage.py", line 203, in url
    return self._url(self.stored_name, name, force)
           ^^^^^^^^^^^^^^^^^^^^^^^^^^^^^^^^^^^^^^^^
  File "/srv/egarage/venv/lib/python3.12/site-packages/django/contrib/staticfiles/storage.py", line 182, in _url
    hashed_name = hashed_name_func(*args)
                  ^^^^^^^^^^^^^^^^^^^^^^^
  File "/srv/egarage/venv/lib/python3.12/site-packages/django/contrib/staticfiles/storage.py", line 513, in stored_name
    raise ValueError(
ValueError: Missing staticfiles manifest entry for 'img/egarage_logo.png'
ERROR 2026-03-12 01:15:52,730 log 626912 126094948262016 Internal Server Error: /
Traceback (most recent call last):
  File "/srv/egarage/venv/lib/python3.12/site-packages/django/core/handlers/exception.py", line 55, in inner
    response = get_response(request)
               ^^^^^^^^^^^^^^^^^^^^^
  File "/srv/egarage/venv/lib/python3.12/site-packages/django/core/handlers/base.py", line 220, in _get_response
    response = response.render()
               ^^^^^^^^^^^^^^^^^
  File "/srv/egarage/venv/lib/python3.12/site-packages/django/template/response.py", line 114, in render
    self.content = self.rendered_content
                   ^^^^^^^^^^^^^^^^^^^^^
  File "/srv/egarage/venv/lib/python3.12/site-packages/django/template/response.py", line 92, in rendered_content
    return template.render(context, self._request)
           ^^^^^^^^^^^^^^^^^^^^^^^^^^^^^^^^^^^^^^^
  File "/srv/egarage/venv/lib/python3.12/site-packages/django/template/backends/django.py", line 61, in render
    return self.template.render(context)
           ^^^^^^^^^^^^^^^^^^^^^^^^^^^^^
  File "/srv/egarage/venv/lib/python3.12/site-packages/django/template/base.py", line 175, in render
    return self._render(context)
           ^^^^^^^^^^^^^^^^^^^^^
  File "/srv/egarage/venv/lib/python3.12/site-packages/django/template/base.py", line 167, in _render
    return self.nodelist.render(context)
           ^^^^^^^^^^^^^^^^^^^^^^^^^^^^^
  File "/srv/egarage/venv/lib/python3.12/site-packages/django/template/base.py", line 1005, in render
    return SafeString("".join([node.render_annotated(context) for node in self]))
                               ^^^^^^^^^^^^^^^^^^^^^^^^^^^^^^
  File "/srv/egarage/venv/lib/python3.12/site-packages/django/template/base.py", line 966, in render_annotated
    return self.render(context)
           ^^^^^^^^^^^^^^^^^^^^
  File "/srv/egarage/venv/lib/python3.12/site-packages/django/templatetags/static.py", line 116, in render
    url = self.url(context)
          ^^^^^^^^^^^^^^^^^
  File "/srv/egarage/venv/lib/python3.12/site-packages/django/templatetags/static.py", line 113, in url
    return self.handle_simple(path)
           ^^^^^^^^^^^^^^^^^^^^^^^^
  File "/srv/egarage/venv/lib/python3.12/site-packages/django/templatetags/static.py", line 129, in handle_simple
    return staticfiles_storage.url(path)
           ^^^^^^^^^^^^^^^^^^^^^^^^^^^^^
  File "/srv/egarage/venv/lib/python3.12/site-packages/django/contrib/staticfiles/storage.py", line 203, in url
    return self._url(self.stored_name, name, force)
           ^^^^^^^^^^^^^^^^^^^^^^^^^^^^^^^^^^^^^^^^
  File "/srv/egarage/venv/lib/python3.12/site-packages/django/contrib/staticfiles/storage.py", line 182, in _url
    hashed_name = hashed_name_func(*args)
                  ^^^^^^^^^^^^^^^^^^^^^^^
  File "/srv/egarage/venv/lib/python3.12/site-packages/django/contrib/staticfiles/storage.py", line 513, in stored_name
    raise ValueError(
ValueError: Missing staticfiles manifest entry for 'img/egarage_logo.png'
ERROR 2026-03-12 01:16:11,186 log 626910 126094948262016 Internal Server Error: /cl/accounts/login/
Traceback (most recent call last):
  File "/srv/egarage/venv/lib/python3.12/site-packages/django/core/handlers/exception.py", line 55, in inner
    response = get_response(request)
               ^^^^^^^^^^^^^^^^^^^^^
  File "/srv/egarage/venv/lib/python3.12/site-packages/django/core/handlers/base.py", line 220, in _get_response
    response = response.render()
               ^^^^^^^^^^^^^^^^^
  File "/srv/egarage/venv/lib/python3.12/site-packages/django/template/response.py", line 114, in render
    self.content = self.rendered_content
                   ^^^^^^^^^^^^^^^^^^^^^
  File "/srv/egarage/venv/lib/python3.12/site-packages/django/template/response.py", line 92, in rendered_content
    return template.render(context, self._request)
           ^^^^^^^^^^^^^^^^^^^^^^^^^^^^^^^^^^^^^^^
  File "/srv/egarage/venv/lib/python3.12/site-packages/django/template/backends/django.py", line 61, in render
    return self.template.render(context)
           ^^^^^^^^^^^^^^^^^^^^^^^^^^^^^
  File "/srv/egarage/venv/lib/python3.12/site-packages/django/template/base.py", line 175, in render
    return self._render(context)
           ^^^^^^^^^^^^^^^^^^^^^
  File "/srv/egarage/venv/lib/python3.12/site-packages/django/template/base.py", line 167, in _render
    return self.nodelist.render(context)
           ^^^^^^^^^^^^^^^^^^^^^^^^^^^^^
  File "/srv/egarage/venv/lib/python3.12/site-packages/django/template/base.py", line 1005, in render
    return SafeString("".join([node.render_annotated(context) for node in self]))
                               ^^^^^^^^^^^^^^^^^^^^^^^^^^^^^^
  File "/srv/egarage/venv/lib/python3.12/site-packages/django/template/base.py", line 966, in render_annotated
    return self.render(context)
           ^^^^^^^^^^^^^^^^^^^^
  File "/srv/egarage/venv/lib/python3.12/site-packages/django/template/loader_tags.py", line 157, in render
    return compiled_parent._render(context)
           ^^^^^^^^^^^^^^^^^^^^^^^^^^^^^^^^
  File "/srv/egarage/venv/lib/python3.12/site-packages/django/template/base.py", line 167, in _render
    return self.nodelist.render(context)
           ^^^^^^^^^^^^^^^^^^^^^^^^^^^^^
  File "/srv/egarage/venv/lib/python3.12/site-packages/django/template/base.py", line 1005, in render
    return SafeString("".join([node.render_annotated(context) for node in self]))
                               ^^^^^^^^^^^^^^^^^^^^^^^^^^^^^^
  File "/srv/egarage/venv/lib/python3.12/site-packages/django/template/base.py", line 966, in render_annotated
    return self.render(context)
           ^^^^^^^^^^^^^^^^^^^^
  File "/srv/egarage/venv/lib/python3.12/site-packages/django/templatetags/static.py", line 116, in render
    url = self.url(context)
          ^^^^^^^^^^^^^^^^^
  File "/srv/egarage/venv/lib/python3.12/site-packages/django/templatetags/static.py", line 113, in url
    return self.handle_simple(path)
           ^^^^^^^^^^^^^^^^^^^^^^^^
  File "/srv/egarage/venv/lib/python3.12/site-packages/django/templatetags/static.py", line 129, in handle_simple
    return staticfiles_storage.url(path)
           ^^^^^^^^^^^^^^^^^^^^^^^^^^^^^
  File "/srv/egarage/venv/lib/python3.12/site-packages/django/contrib/staticfiles/storage.py", line 203, in url
    return self._url(self.stored_name, name, force)
           ^^^^^^^^^^^^^^^^^^^^^^^^^^^^^^^^^^^^^^^^
  File "/srv/egarage/venv/lib/python3.12/site-packages/django/contrib/staticfiles/storage.py", line 182, in _url
    hashed_name = hashed_name_func(*args)
                  ^^^^^^^^^^^^^^^^^^^^^^^
  File "/srv/egarage/venv/lib/python3.12/site-packages/django/contrib/staticfiles/storage.py", line 513, in stored_name
    raise ValueError(
ValueError: Missing staticfiles manifest entry for 'css/output.css'
ERROR 2026-03-12 01:16:41,646 log 626910 126094948262016 Internal Server Error: /
Traceback (most recent call last):
  File "/srv/egarage/venv/lib/python3.12/site-packages/django/core/handlers/exception.py", line 55, in inner
    response = get_response(request)
               ^^^^^^^^^^^^^^^^^^^^^
  File "/srv/egarage/venv/lib/python3.12/site-packages/django/core/handlers/base.py", line 220, in _get_response
    response = response.render()
               ^^^^^^^^^^^^^^^^^
  File "/srv/egarage/venv/lib/python3.12/site-packages/django/template/response.py", line 114, in render
    self.content = self.rendered_content
                   ^^^^^^^^^^^^^^^^^^^^^
  File "/srv/egarage/venv/lib/python3.12/site-packages/django/template/response.py", line 92, in rendered_content
    return template.render(context, self._request)
           ^^^^^^^^^^^^^^^^^^^^^^^^^^^^^^^^^^^^^^^
  File "/srv/egarage/venv/lib/python3.12/site-packages/django/template/backends/django.py", line 61, in render
    return self.template.render(context)
           ^^^^^^^^^^^^^^^^^^^^^^^^^^^^^
  File "/srv/egarage/venv/lib/python3.12/site-packages/django/template/base.py", line 175, in render
    return self._render(context)
           ^^^^^^^^^^^^^^^^^^^^^
  File "/srv/egarage/venv/lib/python3.12/site-packages/django/template/base.py", line 167, in _render
    return self.nodelist.render(context)
           ^^^^^^^^^^^^^^^^^^^^^^^^^^^^^
  File "/srv/egarage/venv/lib/python3.12/site-packages/django/template/base.py", line 1005, in render
    return SafeString("".join([node.render_annotated(context) for node in self]))
                               ^^^^^^^^^^^^^^^^^^^^^^^^^^^^^^
  File "/srv/egarage/venv/lib/python3.12/site-packages/django/template/base.py", line 966, in render_annotated
    return self.render(context)
           ^^^^^^^^^^^^^^^^^^^^
  File "/srv/egarage/venv/lib/python3.12/site-packages/django/templatetags/static.py", line 116, in render
    url = self.url(context)
          ^^^^^^^^^^^^^^^^^
  File "/srv/egarage/venv/lib/python3.12/site-packages/django/templatetags/static.py", line 113, in url
    return self.handle_simple(path)
           ^^^^^^^^^^^^^^^^^^^^^^^^
  File "/srv/egarage/venv/lib/python3.12/site-packages/django/templatetags/static.py", line 129, in handle_simple
    return staticfiles_storage.url(path)
           ^^^^^^^^^^^^^^^^^^^^^^^^^^^^^
  File "/srv/egarage/venv/lib/python3.12/site-packages/django/contrib/staticfiles/storage.py", line 203, in url
    return self._url(self.stored_name, name, force)
           ^^^^^^^^^^^^^^^^^^^^^^^^^^^^^^^^^^^^^^^^
  File "/srv/egarage/venv/lib/python3.12/site-packages/django/contrib/staticfiles/storage.py", line 182, in _url
    hashed_name = hashed_name_func(*args)
                  ^^^^^^^^^^^^^^^^^^^^^^^
  File "/srv/egarage/venv/lib/python3.12/site-packages/django/contrib/staticfiles/storage.py", line 513, in stored_name
    raise ValueError(
ValueError: Missing staticfiles manifest entry for 'img/egarage_logo.png'
ERROR 2026-03-12 01:16:41,674 log 626912 126094948262016 Internal Server Error: /
Traceback (most recent call last):
  File "/srv/egarage/venv/lib/python3.12/site-packages/django/core/handlers/exception.py", line 55, in inner
    response = get_response(request)
               ^^^^^^^^^^^^^^^^^^^^^
  File "/srv/egarage/venv/lib/python3.12/site-packages/django/core/handlers/base.py", line 220, in _get_response
    response = response.render()
               ^^^^^^^^^^^^^^^^^
  File "/srv/egarage/venv/lib/python3.12/site-packages/django/template/response.py", line 114, in render
    self.content = self.rendered_content
                   ^^^^^^^^^^^^^^^^^^^^^
  File "/srv/egarage/venv/lib/python3.12/site-packages/django/template/response.py", line 92, in rendered_content
    return template.render(context, self._request)
           ^^^^^^^^^^^^^^^^^^^^^^^^^^^^^^^^^^^^^^^
  File "/srv/egarage/venv/lib/python3.12/site-packages/django/template/backends/django.py", line 61, in render
    return self.template.render(context)
           ^^^^^^^^^^^^^^^^^^^^^^^^^^^^^
  File "/srv/egarage/venv/lib/python3.12/site-packages/django/template/base.py", line 175, in render
    return self._render(context)
           ^^^^^^^^^^^^^^^^^^^^^
  File "/srv/egarage/venv/lib/python3.12/site-packages/django/template/base.py", line 167, in _render
    return self.nodelist.render(context)
           ^^^^^^^^^^^^^^^^^^^^^^^^^^^^^
  File "/srv/egarage/venv/lib/python3.12/site-packages/django/template/base.py", line 1005, in render
    return SafeString("".join([node.render_annotated(context) for node in self]))
                               ^^^^^^^^^^^^^^^^^^^^^^^^^^^^^^
  File "/srv/egarage/venv/lib/python3.12/site-packages/django/template/base.py", line 966, in render_annotated
    return self.render(context)
           ^^^^^^^^^^^^^^^^^^^^
  File "/srv/egarage/venv/lib/python3.12/site-packages/django/templatetags/static.py", line 116, in render
    url = self.url(context)
          ^^^^^^^^^^^^^^^^^
  File "/srv/egarage/venv/lib/python3.12/site-packages/django/templatetags/static.py", line 113, in url
    return self.handle_simple(path)
           ^^^^^^^^^^^^^^^^^^^^^^^^
  File "/srv/egarage/venv/lib/python3.12/site-packages/django/templatetags/static.py", line 129, in handle_simple
    return staticfiles_storage.url(path)
           ^^^^^^^^^^^^^^^^^^^^^^^^^^^^^
  File "/srv/egarage/venv/lib/python3.12/site-packages/django/contrib/staticfiles/storage.py", line 203, in url
    return self._url(self.stored_name, name, force)
           ^^^^^^^^^^^^^^^^^^^^^^^^^^^^^^^^^^^^^^^^
  File "/srv/egarage/venv/lib/python3.12/site-packages/django/contrib/staticfiles/storage.py", line 182, in _url
    hashed_name = hashed_name_func(*args)
                  ^^^^^^^^^^^^^^^^^^^^^^^
  File "/srv/egarage/venv/lib/python3.12/site-packages/django/contrib/staticfiles/storage.py", line 513, in stored_name
    raise ValueError(
ValueError: Missing staticfiles manifest entry for 'img/egarage_logo.png'
ERROR 2026-03-12 01:17:14,592 log 626912 126094948262016 Internal Server Error: /
Traceback (most recent call last):
  File "/srv/egarage/venv/lib/python3.12/site-packages/django/core/handlers/exception.py", line 55, in inner
    response = get_response(request)
               ^^^^^^^^^^^^^^^^^^^^^
  File "/srv/egarage/venv/lib/python3.12/site-packages/django/core/handlers/base.py", line 220, in _get_response
    response = response.render()
               ^^^^^^^^^^^^^^^^^
  File "/srv/egarage/venv/lib/python3.12/site-packages/django/template/response.py", line 114, in render
    self.content = self.rendered_content
                   ^^^^^^^^^^^^^^^^^^^^^
  File "/srv/egarage/venv/lib/python3.12/site-packages/django/template/response.py", line 92, in rendered_content
    return template.render(context, self._request)
           ^^^^^^^^^^^^^^^^^^^^^^^^^^^^^^^^^^^^^^^
  File "/srv/egarage/venv/lib/python3.12/site-packages/django/template/backends/django.py", line 61, in render
    return self.template.render(context)
           ^^^^^^^^^^^^^^^^^^^^^^^^^^^^^
  File "/srv/egarage/venv/lib/python3.12/site-packages/django/template/base.py", line 175, in render
    return self._render(context)
           ^^^^^^^^^^^^^^^^^^^^^
  File "/srv/egarage/venv/lib/python3.12/site-packages/django/template/base.py", line 167, in _render
    return self.nodelist.render(context)
           ^^^^^^^^^^^^^^^^^^^^^^^^^^^^^
  File "/srv/egarage/venv/lib/python3.12/site-packages/django/template/base.py", line 1005, in render
    return SafeString("".join([node.render_annotated(context) for node in self]))
                               ^^^^^^^^^^^^^^^^^^^^^^^^^^^^^^
  File "/srv/egarage/venv/lib/python3.12/site-packages/django/template/base.py", line 966, in render_annotated
    return self.render(context)
           ^^^^^^^^^^^^^^^^^^^^
  File "/srv/egarage/venv/lib/python3.12/site-packages/django/templatetags/static.py", line 116, in render
    url = self.url(context)
          ^^^^^^^^^^^^^^^^^
  File "/srv/egarage/venv/lib/python3.12/site-packages/django/templatetags/static.py", line 113, in url
    return self.handle_simple(path)
           ^^^^^^^^^^^^^^^^^^^^^^^^
  File "/srv/egarage/venv/lib/python3.12/site-packages/django/templatetags/static.py", line 129, in handle_simple
    return staticfiles_storage.url(path)
           ^^^^^^^^^^^^^^^^^^^^^^^^^^^^^
  File "/srv/egarage/venv/lib/python3.12/site-packages/django/contrib/staticfiles/storage.py", line 203, in url
    return self._url(self.stored_name, name, force)
           ^^^^^^^^^^^^^^^^^^^^^^^^^^^^^^^^^^^^^^^^
  File "/srv/egarage/venv/lib/python3.12/site-packages/django/contrib/staticfiles/storage.py", line 182, in _url
    hashed_name = hashed_name_func(*args)
                  ^^^^^^^^^^^^^^^^^^^^^^^
  File "/srv/egarage/venv/lib/python3.12/site-packages/django/contrib/staticfiles/storage.py", line 513, in stored_name
    raise ValueError(
ValueError: Missing staticfiles manifest entry for 'img/egarage_logo.png'
ERROR 2026-03-12 01:19:03,415 log 626910 126094948262016 Internal Server Error: /
Traceback (most recent call last):
  File "/srv/egarage/venv/lib/python3.12/site-packages/django/core/handlers/exception.py", line 55, in inner
    response = get_response(request)
               ^^^^^^^^^^^^^^^^^^^^^
  File "/srv/egarage/venv/lib/python3.12/site-packages/django/core/handlers/base.py", line 220, in _get_response
    response = response.render()
               ^^^^^^^^^^^^^^^^^
  File "/srv/egarage/venv/lib/python3.12/site-packages/django/template/response.py", line 114, in render
    self.content = self.rendered_content
                   ^^^^^^^^^^^^^^^^^^^^^
  File "/srv/egarage/venv/lib/python3.12/site-packages/django/template/response.py", line 92, in rendered_content
    return template.render(context, self._request)
           ^^^^^^^^^^^^^^^^^^^^^^^^^^^^^^^^^^^^^^^
  File "/srv/egarage/venv/lib/python3.12/site-packages/django/template/backends/django.py", line 61, in render
    return self.template.render(context)
           ^^^^^^^^^^^^^^^^^^^^^^^^^^^^^
  File "/srv/egarage/venv/lib/python3.12/site-packages/django/template/base.py", line 175, in render
    return self._render(context)
           ^^^^^^^^^^^^^^^^^^^^^
  File "/srv/egarage/venv/lib/python3.12/site-packages/django/template/base.py", line 167, in _render
    return self.nodelist.render(context)
           ^^^^^^^^^^^^^^^^^^^^^^^^^^^^^
  File "/srv/egarage/venv/lib/python3.12/site-packages/django/template/base.py", line 1005, in render
    return SafeString("".join([node.render_annotated(context) for node in self]))
                               ^^^^^^^^^^^^^^^^^^^^^^^^^^^^^^
  File "/srv/egarage/venv/lib/python3.12/site-packages/django/template/base.py", line 966, in render_annotated
    return self.render(context)
           ^^^^^^^^^^^^^^^^^^^^
  File "/srv/egarage/venv/lib/python3.12/site-packages/django/templatetags/static.py", line 116, in render
    url = self.url(context)
          ^^^^^^^^^^^^^^^^^
  File "/srv/egarage/venv/lib/python3.12/site-packages/django/templatetags/static.py", line 113, in url
    return self.handle_simple(path)
           ^^^^^^^^^^^^^^^^^^^^^^^^
  File "/srv/egarage/venv/lib/python3.12/site-packages/django/templatetags/static.py", line 129, in handle_simple
    return staticfiles_storage.url(path)
           ^^^^^^^^^^^^^^^^^^^^^^^^^^^^^
  File "/srv/egarage/venv/lib/python3.12/site-packages/django/contrib/staticfiles/storage.py", line 203, in url
    return self._url(self.stored_name, name, force)
           ^^^^^^^^^^^^^^^^^^^^^^^^^^^^^^^^^^^^^^^^
  File "/srv/egarage/venv/lib/python3.12/site-packages/django/contrib/staticfiles/storage.py", line 182, in _url
    hashed_name = hashed_name_func(*args)
                  ^^^^^^^^^^^^^^^^^^^^^^^
  File "/srv/egarage/venv/lib/python3.12/site-packages/django/contrib/staticfiles/storage.py", line 513, in stored_name
    raise ValueError(
ValueError: Missing staticfiles manifest entry for 'img/egarage_logo.png'
ERROR 2026-03-12 01:22:21,960 log 627035 123728504795264 Internal Server Error: /
Traceback (most recent call last):
  File "/srv/egarage/venv/lib/python3.12/site-packages/django/core/handlers/exception.py", line 55, in inner
    response = get_response(request)
               ^^^^^^^^^^^^^^^^^^^^^
  File "/srv/egarage/venv/lib/python3.12/site-packages/django/core/handlers/base.py", line 220, in _get_response
    response = response.render()
               ^^^^^^^^^^^^^^^^^
  File "/srv/egarage/venv/lib/python3.12/site-packages/django/template/response.py", line 114, in render
    self.content = self.rendered_content
                   ^^^^^^^^^^^^^^^^^^^^^
  File "/srv/egarage/venv/lib/python3.12/site-packages/django/template/response.py", line 92, in rendered_content
    return template.render(context, self._request)
           ^^^^^^^^^^^^^^^^^^^^^^^^^^^^^^^^^^^^^^^
  File "/srv/egarage/venv/lib/python3.12/site-packages/django/template/backends/django.py", line 61, in render
    return self.template.render(context)
           ^^^^^^^^^^^^^^^^^^^^^^^^^^^^^
  File "/srv/egarage/venv/lib/python3.12/site-packages/django/template/base.py", line 175, in render
    return self._render(context)
           ^^^^^^^^^^^^^^^^^^^^^
  File "/srv/egarage/venv/lib/python3.12/site-packages/django/template/base.py", line 167, in _render
    return self.nodelist.render(context)
           ^^^^^^^^^^^^^^^^^^^^^^^^^^^^^
  File "/srv/egarage/venv/lib/python3.12/site-packages/django/template/base.py", line 1005, in render
    return SafeString("".join([node.render_annotated(context) for node in self]))
                               ^^^^^^^^^^^^^^^^^^^^^^^^^^^^^^
  File "/srv/egarage/venv/lib/python3.12/site-packages/django/template/base.py", line 966, in render_annotated
    return self.render(context)
           ^^^^^^^^^^^^^^^^^^^^
  File "/srv/egarage/venv/lib/python3.12/site-packages/django/templatetags/static.py", line 116, in render
    url = self.url(context)
          ^^^^^^^^^^^^^^^^^
  File "/srv/egarage/venv/lib/python3.12/site-packages/django/templatetags/static.py", line 113, in url
    return self.handle_simple(path)
           ^^^^^^^^^^^^^^^^^^^^^^^^
  File "/srv/egarage/venv/lib/python3.12/site-packages/django/templatetags/static.py", line 129, in handle_simple
    return staticfiles_storage.url(path)
           ^^^^^^^^^^^^^^^^^^^^^^^^^^^^^
  File "/srv/egarage/venv/lib/python3.12/site-packages/django/contrib/staticfiles/storage.py", line 203, in url
    return self._url(self.stored_name, name, force)
           ^^^^^^^^^^^^^^^^^^^^^^^^^^^^^^^^^^^^^^^^
  File "/srv/egarage/venv/lib/python3.12/site-packages/django/contrib/staticfiles/storage.py", line 182, in _url
    hashed_name = hashed_name_func(*args)
                  ^^^^^^^^^^^^^^^^^^^^^^^
  File "/srv/egarage/venv/lib/python3.12/site-packages/django/contrib/staticfiles/storage.py", line 513, in stored_name
    raise ValueError(
ValueError: Missing staticfiles manifest entry for 'img/egarage_logo.png'
ERROR 2026-03-12 01:22:54,564 log 627035 123728504795264 Internal Server Error: /
Traceback (most recent call last):
  File "/srv/egarage/venv/lib/python3.12/site-packages/django/core/handlers/exception.py", line 55, in inner
    response = get_response(request)
               ^^^^^^^^^^^^^^^^^^^^^
  File "/srv/egarage/venv/lib/python3.12/site-packages/django/core/handlers/base.py", line 220, in _get_response
    response = response.render()
               ^^^^^^^^^^^^^^^^^
  File "/srv/egarage/venv/lib/python3.12/site-packages/django/template/response.py", line 114, in render
    self.content = self.rendered_content
                   ^^^^^^^^^^^^^^^^^^^^^
  File "/srv/egarage/venv/lib/python3.12/site-packages/django/template/response.py", line 92, in rendered_content
    return template.render(context, self._request)
           ^^^^^^^^^^^^^^^^^^^^^^^^^^^^^^^^^^^^^^^
  File "/srv/egarage/venv/lib/python3.12/site-packages/django/template/backends/django.py", line 61, in render
    return self.template.render(context)
           ^^^^^^^^^^^^^^^^^^^^^^^^^^^^^
  File "/srv/egarage/venv/lib/python3.12/site-packages/django/template/base.py", line 175, in render
    return self._render(context)
           ^^^^^^^^^^^^^^^^^^^^^
  File "/srv/egarage/venv/lib/python3.12/site-packages/django/template/base.py", line 167, in _render
    return self.nodelist.render(context)
           ^^^^^^^^^^^^^^^^^^^^^^^^^^^^^
  File "/srv/egarage/venv/lib/python3.12/site-packages/django/template/base.py", line 1005, in render
    return SafeString("".join([node.render_annotated(context) for node in self]))
                               ^^^^^^^^^^^^^^^^^^^^^^^^^^^^^^
  File "/srv/egarage/venv/lib/python3.12/site-packages/django/template/base.py", line 966, in render_annotated
    return self.render(context)
           ^^^^^^^^^^^^^^^^^^^^
  File "/srv/egarage/venv/lib/python3.12/site-packages/django/templatetags/static.py", line 116, in render
    url = self.url(context)
          ^^^^^^^^^^^^^^^^^
  File "/srv/egarage/venv/lib/python3.12/site-packages/django/templatetags/static.py", line 113, in url
    return self.handle_simple(path)
           ^^^^^^^^^^^^^^^^^^^^^^^^
  File "/srv/egarage/venv/lib/python3.12/site-packages/django/templatetags/static.py", line 129, in handle_simple
    return staticfiles_storage.url(path)
           ^^^^^^^^^^^^^^^^^^^^^^^^^^^^^
  File "/srv/egarage/venv/lib/python3.12/site-packages/django/contrib/staticfiles/storage.py", line 203, in url
    return self._url(self.stored_name, name, force)
           ^^^^^^^^^^^^^^^^^^^^^^^^^^^^^^^^^^^^^^^^
  File "/srv/egarage/venv/lib/python3.12/site-packages/django/contrib/staticfiles/storage.py", line 182, in _url
    hashed_name = hashed_name_func(*args)
                  ^^^^^^^^^^^^^^^^^^^^^^^
  File "/srv/egarage/venv/lib/python3.12/site-packages/django/contrib/staticfiles/storage.py", line 513, in stored_name
    raise ValueError(
ValueError: Missing staticfiles manifest entry for 'img/egarage_logo.png'
ERROR 2026-03-12 01:25:27,408 log 627109 135953109278848 Internal Server Error: /
Traceback (most recent call last):
  File "/srv/egarage/venv/lib/python3.12/site-packages/django/core/handlers/exception.py", line 55, in inner
    response = get_response(request)
               ^^^^^^^^^^^^^^^^^^^^^
  File "/srv/egarage/venv/lib/python3.12/site-packages/django/core/handlers/base.py", line 220, in _get_response
    response = response.render()
               ^^^^^^^^^^^^^^^^^
  File "/srv/egarage/venv/lib/python3.12/site-packages/django/template/response.py", line 114, in render
    self.content = self.rendered_content
                   ^^^^^^^^^^^^^^^^^^^^^
  File "/srv/egarage/venv/lib/python3.12/site-packages/django/template/response.py", line 92, in rendered_content
    return template.render(context, self._request)
           ^^^^^^^^^^^^^^^^^^^^^^^^^^^^^^^^^^^^^^^
  File "/srv/egarage/venv/lib/python3.12/site-packages/django/template/backends/django.py", line 61, in render
    return self.template.render(context)
           ^^^^^^^^^^^^^^^^^^^^^^^^^^^^^
  File "/srv/egarage/venv/lib/python3.12/site-packages/django/template/base.py", line 175, in render
    return self._render(context)
           ^^^^^^^^^^^^^^^^^^^^^
  File "/srv/egarage/venv/lib/python3.12/site-packages/django/template/base.py", line 167, in _render
    return self.nodelist.render(context)
           ^^^^^^^^^^^^^^^^^^^^^^^^^^^^^
  File "/srv/egarage/venv/lib/python3.12/site-packages/django/template/base.py", line 1005, in render
    return SafeString("".join([node.render_annotated(context) for node in self]))
                               ^^^^^^^^^^^^^^^^^^^^^^^^^^^^^^
  File "/srv/egarage/venv/lib/python3.12/site-packages/django/template/base.py", line 966, in render_annotated
    return self.render(context)
           ^^^^^^^^^^^^^^^^^^^^
  File "/srv/egarage/venv/lib/python3.12/site-packages/django/templatetags/static.py", line 116, in render
    url = self.url(context)
          ^^^^^^^^^^^^^^^^^
  File "/srv/egarage/venv/lib/python3.12/site-packages/django/templatetags/static.py", line 113, in url
    return self.handle_simple(path)
           ^^^^^^^^^^^^^^^^^^^^^^^^
  File "/srv/egarage/venv/lib/python3.12/site-packages/django/templatetags/static.py", line 129, in handle_simple
    return staticfiles_storage.url(path)
           ^^^^^^^^^^^^^^^^^^^^^^^^^^^^^
  File "/srv/egarage/venv/lib/python3.12/site-packages/django/contrib/staticfiles/storage.py", line 203, in url
    return self._url(self.stored_name, name, force)
           ^^^^^^^^^^^^^^^^^^^^^^^^^^^^^^^^^^^^^^^^
  File "/srv/egarage/venv/lib/python3.12/site-packages/django/contrib/staticfiles/storage.py", line 182, in _url
    hashed_name = hashed_name_func(*args)
                  ^^^^^^^^^^^^^^^^^^^^^^^
  File "/srv/egarage/venv/lib/python3.12/site-packages/django/contrib/staticfiles/storage.py", line 513, in stored_name
    raise ValueError(
ValueError: Missing staticfiles manifest entry for 'img/egarage_logo.png'
ERROR 2026-03-12 01:25:31,222 log 627107 135953109278848 Internal Server Error: /
Traceback (most recent call last):
  File "/srv/egarage/venv/lib/python3.12/site-packages/django/core/handlers/exception.py", line 55, in inner
    response = get_response(request)
               ^^^^^^^^^^^^^^^^^^^^^
  File "/srv/egarage/venv/lib/python3.12/site-packages/django/core/handlers/base.py", line 220, in _get_response
    response = response.render()
               ^^^^^^^^^^^^^^^^^
  File "/srv/egarage/venv/lib/python3.12/site-packages/django/template/response.py", line 114, in render
    self.content = self.rendered_content
                   ^^^^^^^^^^^^^^^^^^^^^
  File "/srv/egarage/venv/lib/python3.12/site-packages/django/template/response.py", line 92, in rendered_content
    return template.render(context, self._request)
           ^^^^^^^^^^^^^^^^^^^^^^^^^^^^^^^^^^^^^^^
  File "/srv/egarage/venv/lib/python3.12/site-packages/django/template/backends/django.py", line 61, in render
    return self.template.render(context)
           ^^^^^^^^^^^^^^^^^^^^^^^^^^^^^
  File "/srv/egarage/venv/lib/python3.12/site-packages/django/template/base.py", line 175, in render
    return self._render(context)
           ^^^^^^^^^^^^^^^^^^^^^
  File "/srv/egarage/venv/lib/python3.12/site-packages/django/template/base.py", line 167, in _render
    return self.nodelist.render(context)
           ^^^^^^^^^^^^^^^^^^^^^^^^^^^^^
  File "/srv/egarage/venv/lib/python3.12/site-packages/django/template/base.py", line 1005, in render
    return SafeString("".join([node.render_annotated(context) for node in self]))
                               ^^^^^^^^^^^^^^^^^^^^^^^^^^^^^^
  File "/srv/egarage/venv/lib/python3.12/site-packages/django/template/base.py", line 966, in render_annotated
    return self.render(context)
           ^^^^^^^^^^^^^^^^^^^^
  File "/srv/egarage/venv/lib/python3.12/site-packages/django/templatetags/static.py", line 116, in render
    url = self.url(context)
          ^^^^^^^^^^^^^^^^^
  File "/srv/egarage/venv/lib/python3.12/site-packages/django/templatetags/static.py", line 113, in url
    return self.handle_simple(path)
           ^^^^^^^^^^^^^^^^^^^^^^^^
  File "/srv/egarage/venv/lib/python3.12/site-packages/django/templatetags/static.py", line 129, in handle_simple
    return staticfiles_storage.url(path)
           ^^^^^^^^^^^^^^^^^^^^^^^^^^^^^
  File "/srv/egarage/venv/lib/python3.12/site-packages/django/contrib/staticfiles/storage.py", line 203, in url
    return self._url(self.stored_name, name, force)
           ^^^^^^^^^^^^^^^^^^^^^^^^^^^^^^^^^^^^^^^^
  File "/srv/egarage/venv/lib/python3.12/site-packages/django/contrib/staticfiles/storage.py", line 182, in _url
    hashed_name = hashed_name_func(*args)
                  ^^^^^^^^^^^^^^^^^^^^^^^
  File "/srv/egarage/venv/lib/python3.12/site-packages/django/contrib/staticfiles/storage.py", line 513, in stored_name
    raise ValueError(
ValueError: Missing staticfiles manifest entry for 'img/egarage_logo.png'
ERROR 2026-03-12 01:26:30,603 log 627182 138843329978496 Internal Server Error: /
Traceback (most recent call last):
  File "/srv/egarage/venv/lib/python3.12/site-packages/django/core/handlers/exception.py", line 55, in inner
    response = get_response(request)
               ^^^^^^^^^^^^^^^^^^^^^
  File "/srv/egarage/venv/lib/python3.12/site-packages/django/core/handlers/base.py", line 220, in _get_response
    response = response.render()
               ^^^^^^^^^^^^^^^^^
  File "/srv/egarage/venv/lib/python3.12/site-packages/django/template/response.py", line 114, in render
    self.content = self.rendered_content
                   ^^^^^^^^^^^^^^^^^^^^^
  File "/srv/egarage/venv/lib/python3.12/site-packages/django/template/response.py", line 92, in rendered_content
    return template.render(context, self._request)
           ^^^^^^^^^^^^^^^^^^^^^^^^^^^^^^^^^^^^^^^
  File "/srv/egarage/venv/lib/python3.12/site-packages/django/template/backends/django.py", line 61, in render
    return self.template.render(context)
           ^^^^^^^^^^^^^^^^^^^^^^^^^^^^^
  File "/srv/egarage/venv/lib/python3.12/site-packages/django/template/base.py", line 175, in render
    return self._render(context)
           ^^^^^^^^^^^^^^^^^^^^^
  File "/srv/egarage/venv/lib/python3.12/site-packages/django/template/base.py", line 167, in _render
    return self.nodelist.render(context)
           ^^^^^^^^^^^^^^^^^^^^^^^^^^^^^
  File "/srv/egarage/venv/lib/python3.12/site-packages/django/template/base.py", line 1005, in render
    return SafeString("".join([node.render_annotated(context) for node in self]))
                               ^^^^^^^^^^^^^^^^^^^^^^^^^^^^^^
  File "/srv/egarage/venv/lib/python3.12/site-packages/django/template/base.py", line 966, in render_annotated
    return self.render(context)
           ^^^^^^^^^^^^^^^^^^^^
  File "/srv/egarage/venv/lib/python3.12/site-packages/django/templatetags/static.py", line 116, in render
    url = self.url(context)
          ^^^^^^^^^^^^^^^^^
  File "/srv/egarage/venv/lib/python3.12/site-packages/django/templatetags/static.py", line 113, in url
    return self.handle_simple(path)
           ^^^^^^^^^^^^^^^^^^^^^^^^
  File "/srv/egarage/venv/lib/python3.12/site-packages/django/templatetags/static.py", line 129, in handle_simple
    return staticfiles_storage.url(path)
           ^^^^^^^^^^^^^^^^^^^^^^^^^^^^^
  File "/srv/egarage/venv/lib/python3.12/site-packages/django/contrib/staticfiles/storage.py", line 203, in url
    return self._url(self.stored_name, name, force)
           ^^^^^^^^^^^^^^^^^^^^^^^^^^^^^^^^^^^^^^^^
  File "/srv/egarage/venv/lib/python3.12/site-packages/django/contrib/staticfiles/storage.py", line 182, in _url
    hashed_name = hashed_name_func(*args)
                  ^^^^^^^^^^^^^^^^^^^^^^^
  File "/srv/egarage/venv/lib/python3.12/site-packages/django/contrib/staticfiles/storage.py", line 513, in stored_name
    raise ValueError(
ValueError: Missing staticfiles manifest entry for 'img/egarage_logo.png'
ERROR 2026-03-12 01:34:33,492 log 627588 127920180813952 Internal Server Error: /cl/es/accounts/login/
Traceback (most recent call last):
  File "/srv/egarage/venv/lib/python3.12/site-packages/django/core/handlers/exception.py", line 55, in inner
    response = get_response(request)
               ^^^^^^^^^^^^^^^^^^^^^
  File "/srv/egarage/venv/lib/python3.12/site-packages/django/core/handlers/base.py", line 220, in _get_response
    response = response.render()
               ^^^^^^^^^^^^^^^^^
  File "/srv/egarage/venv/lib/python3.12/site-packages/django/template/response.py", line 114, in render
    self.content = self.rendered_content
                   ^^^^^^^^^^^^^^^^^^^^^
  File "/srv/egarage/venv/lib/python3.12/site-packages/django/template/response.py", line 92, in rendered_content
    return template.render(context, self._request)
           ^^^^^^^^^^^^^^^^^^^^^^^^^^^^^^^^^^^^^^^
  File "/srv/egarage/venv/lib/python3.12/site-packages/django/template/backends/django.py", line 61, in render
    return self.template.render(context)
           ^^^^^^^^^^^^^^^^^^^^^^^^^^^^^
  File "/srv/egarage/venv/lib/python3.12/site-packages/django/template/base.py", line 175, in render
    return self._render(context)
           ^^^^^^^^^^^^^^^^^^^^^
  File "/srv/egarage/venv/lib/python3.12/site-packages/django/template/base.py", line 167, in _render
    return self.nodelist.render(context)
           ^^^^^^^^^^^^^^^^^^^^^^^^^^^^^
  File "/srv/egarage/venv/lib/python3.12/site-packages/django/template/base.py", line 1005, in render
    return SafeString("".join([node.render_annotated(context) for node in self]))
                               ^^^^^^^^^^^^^^^^^^^^^^^^^^^^^^
  File "/srv/egarage/venv/lib/python3.12/site-packages/django/template/base.py", line 966, in render_annotated
    return self.render(context)
           ^^^^^^^^^^^^^^^^^^^^
  File "/srv/egarage/venv/lib/python3.12/site-packages/django/template/loader_tags.py", line 157, in render
    return compiled_parent._render(context)
           ^^^^^^^^^^^^^^^^^^^^^^^^^^^^^^^^
  File "/srv/egarage/venv/lib/python3.12/site-packages/django/template/base.py", line 167, in _render
    return self.nodelist.render(context)
           ^^^^^^^^^^^^^^^^^^^^^^^^^^^^^
  File "/srv/egarage/venv/lib/python3.12/site-packages/django/template/base.py", line 1005, in render
    return SafeString("".join([node.render_annotated(context) for node in self]))
                               ^^^^^^^^^^^^^^^^^^^^^^^^^^^^^^
  File "/srv/egarage/venv/lib/python3.12/site-packages/django/template/base.py", line 966, in render_annotated
    return self.render(context)
           ^^^^^^^^^^^^^^^^^^^^
  File "/srv/egarage/venv/lib/python3.12/site-packages/django/templatetags/static.py", line 116, in render
    url = self.url(context)
          ^^^^^^^^^^^^^^^^^
  File "/srv/egarage/venv/lib/python3.12/site-packages/django/templatetags/static.py", line 113, in url
    return self.handle_simple(path)
           ^^^^^^^^^^^^^^^^^^^^^^^^
  File "/srv/egarage/venv/lib/python3.12/site-packages/django/templatetags/static.py", line 129, in handle_simple
    return staticfiles_storage.url(path)
           ^^^^^^^^^^^^^^^^^^^^^^^^^^^^^
  File "/srv/egarage/venv/lib/python3.12/site-packages/django/contrib/staticfiles/storage.py", line 203, in url
    return self._url(self.stored_name, name, force)
           ^^^^^^^^^^^^^^^^^^^^^^^^^^^^^^^^^^^^^^^^
  File "/srv/egarage/venv/lib/python3.12/site-packages/django/contrib/staticfiles/storage.py", line 182, in _url
    hashed_name = hashed_name_func(*args)
                  ^^^^^^^^^^^^^^^^^^^^^^^
  File "/srv/egarage/venv/lib/python3.12/site-packages/django/contrib/staticfiles/storage.py", line 513, in stored_name
    raise ValueError(
ValueError: Missing staticfiles manifest entry for 'css/output.css'
ERROR 2026-03-12 01:35:10,461 log 627588 127920180813952 Internal Server Error: /
Traceback (most recent call last):
  File "/srv/egarage/venv/lib/python3.12/site-packages/django/core/handlers/exception.py", line 55, in inner
    response = get_response(request)
               ^^^^^^^^^^^^^^^^^^^^^
  File "/srv/egarage/venv/lib/python3.12/site-packages/django/core/handlers/base.py", line 220, in _get_response
    response = response.render()
               ^^^^^^^^^^^^^^^^^
  File "/srv/egarage/venv/lib/python3.12/site-packages/django/template/response.py", line 114, in render
    self.content = self.rendered_content
                   ^^^^^^^^^^^^^^^^^^^^^
  File "/srv/egarage/venv/lib/python3.12/site-packages/django/template/response.py", line 92, in rendered_content
    return template.render(context, self._request)
           ^^^^^^^^^^^^^^^^^^^^^^^^^^^^^^^^^^^^^^^
  File "/srv/egarage/venv/lib/python3.12/site-packages/django/template/backends/django.py", line 61, in render
    return self.template.render(context)
           ^^^^^^^^^^^^^^^^^^^^^^^^^^^^^
  File "/srv/egarage/venv/lib/python3.12/site-packages/django/template/base.py", line 175, in render
    return self._render(context)
           ^^^^^^^^^^^^^^^^^^^^^
  File "/srv/egarage/venv/lib/python3.12/site-packages/django/template/base.py", line 167, in _render
    return self.nodelist.render(context)
           ^^^^^^^^^^^^^^^^^^^^^^^^^^^^^
  File "/srv/egarage/venv/lib/python3.12/site-packages/django/template/base.py", line 1005, in render
    return SafeString("".join([node.render_annotated(context) for node in self]))
                               ^^^^^^^^^^^^^^^^^^^^^^^^^^^^^^
  File "/srv/egarage/venv/lib/python3.12/site-packages/django/template/base.py", line 966, in render_annotated
    return self.render(context)
           ^^^^^^^^^^^^^^^^^^^^
  File "/srv/egarage/venv/lib/python3.12/site-packages/django/templatetags/static.py", line 116, in render
    url = self.url(context)
          ^^^^^^^^^^^^^^^^^
  File "/srv/egarage/venv/lib/python3.12/site-packages/django/templatetags/static.py", line 113, in url
    return self.handle_simple(path)
           ^^^^^^^^^^^^^^^^^^^^^^^^
  File "/srv/egarage/venv/lib/python3.12/site-packages/django/templatetags/static.py", line 129, in handle_simple
    return staticfiles_storage.url(path)
           ^^^^^^^^^^^^^^^^^^^^^^^^^^^^^
  File "/srv/egarage/venv/lib/python3.12/site-packages/django/contrib/staticfiles/storage.py", line 203, in url
    return self._url(self.stored_name, name, force)
           ^^^^^^^^^^^^^^^^^^^^^^^^^^^^^^^^^^^^^^^^
  File "/srv/egarage/venv/lib/python3.12/site-packages/django/contrib/staticfiles/storage.py", line 182, in _url
    hashed_name = hashed_name_func(*args)
                  ^^^^^^^^^^^^^^^^^^^^^^^
  File "/srv/egarage/venv/lib/python3.12/site-packages/django/contrib/staticfiles/storage.py", line 513, in stored_name
    raise ValueError(
ValueError: Missing staticfiles manifest entry for 'img/egarage_logo.png'
ERROR 2026-03-12 01:35:43,845 log 627588 127920180813952 Invalid HTTP_HOST header: '159.223.200.106'. You may need to add '159.223.200.106' to ALLOWED_HOSTS.
Traceback (most recent call last):
  File "/srv/egarage/venv/lib/python3.12/site-packages/django/core/handlers/exception.py", line 55, in inner
    response = get_response(request)
               ^^^^^^^^^^^^^^^^^^^^^
  File "/srv/egarage/venv/lib/python3.12/site-packages/django/utils/deprecation.py", line 133, in __call__
    response = self.process_request(request)
               ^^^^^^^^^^^^^^^^^^^^^^^^^^^^^
  File "/srv/egarage/venv/lib/python3.12/site-packages/django/middleware/common.py", line 48, in process_request
    host = request.get_host()
           ^^^^^^^^^^^^^^^^^^
  File "/srv/egarage/venv/lib/python3.12/site-packages/django/http/request.py", line 150, in get_host
    raise DisallowedHost(msg)
django.core.exceptions.DisallowedHost: Invalid HTTP_HOST header: '159.223.200.106'. You may need to add '159.223.200.106' to ALLOWED_HOSTS.
ERROR 2026-03-12 01:35:45,005 log 627587 127920180813952 Invalid HTTP_HOST header: '159.223.200.106'. You may need to add '159.223.200.106' to ALLOWED_HOSTS.
Traceback (most recent call last):
  File "/srv/egarage/venv/lib/python3.12/site-packages/django/core/handlers/exception.py", line 55, in inner
    response = get_response(request)
               ^^^^^^^^^^^^^^^^^^^^^
  File "/srv/egarage/venv/lib/python3.12/site-packages/django/utils/deprecation.py", line 133, in __call__
    response = self.process_request(request)
               ^^^^^^^^^^^^^^^^^^^^^^^^^^^^^
  File "/srv/egarage/venv/lib/python3.12/site-packages/django/middleware/common.py", line 48, in process_request
    host = request.get_host()
           ^^^^^^^^^^^^^^^^^^
  File "/srv/egarage/venv/lib/python3.12/site-packages/django/http/request.py", line 150, in get_host
    raise DisallowedHost(msg)
django.core.exceptions.DisallowedHost: Invalid HTTP_HOST header: '159.223.200.106'. You may need to add '159.223.200.106' to ALLOWED_HOSTS.
ERROR 2026-03-12 01:36:06,761 log 627587 127920180813952 Internal Server Error: /
Traceback (most recent call last):
  File "/srv/egarage/venv/lib/python3.12/site-packages/django/core/handlers/exception.py", line 55, in inner
    response = get_response(request)
               ^^^^^^^^^^^^^^^^^^^^^
  File "/srv/egarage/venv/lib/python3.12/site-packages/django/core/handlers/base.py", line 220, in _get_response
    response = response.render()
               ^^^^^^^^^^^^^^^^^
  File "/srv/egarage/venv/lib/python3.12/site-packages/django/template/response.py", line 114, in render
    self.content = self.rendered_content
                   ^^^^^^^^^^^^^^^^^^^^^
  File "/srv/egarage/venv/lib/python3.12/site-packages/django/template/response.py", line 92, in rendered_content
    return template.render(context, self._request)
           ^^^^^^^^^^^^^^^^^^^^^^^^^^^^^^^^^^^^^^^
  File "/srv/egarage/venv/lib/python3.12/site-packages/django/template/backends/django.py", line 61, in render
    return self.template.render(context)
           ^^^^^^^^^^^^^^^^^^^^^^^^^^^^^
  File "/srv/egarage/venv/lib/python3.12/site-packages/django/template/base.py", line 175, in render
    return self._render(context)
           ^^^^^^^^^^^^^^^^^^^^^
  File "/srv/egarage/venv/lib/python3.12/site-packages/django/template/base.py", line 167, in _render
    return self.nodelist.render(context)
           ^^^^^^^^^^^^^^^^^^^^^^^^^^^^^
  File "/srv/egarage/venv/lib/python3.12/site-packages/django/template/base.py", line 1005, in render
    return SafeString("".join([node.render_annotated(context) for node in self]))
                               ^^^^^^^^^^^^^^^^^^^^^^^^^^^^^^
  File "/srv/egarage/venv/lib/python3.12/site-packages/django/template/base.py", line 966, in render_annotated
    return self.render(context)
           ^^^^^^^^^^^^^^^^^^^^
  File "/srv/egarage/venv/lib/python3.12/site-packages/django/templatetags/static.py", line 116, in render
    url = self.url(context)
          ^^^^^^^^^^^^^^^^^
  File "/srv/egarage/venv/lib/python3.12/site-packages/django/templatetags/static.py", line 113, in url
    return self.handle_simple(path)
           ^^^^^^^^^^^^^^^^^^^^^^^^
  File "/srv/egarage/venv/lib/python3.12/site-packages/django/templatetags/static.py", line 129, in handle_simple
    return staticfiles_storage.url(path)
           ^^^^^^^^^^^^^^^^^^^^^^^^^^^^^
  File "/srv/egarage/venv/lib/python3.12/site-packages/django/contrib/staticfiles/storage.py", line 203, in url
    return self._url(self.stored_name, name, force)
           ^^^^^^^^^^^^^^^^^^^^^^^^^^^^^^^^^^^^^^^^
  File "/srv/egarage/venv/lib/python3.12/site-packages/django/contrib/staticfiles/storage.py", line 182, in _url
    hashed_name = hashed_name_func(*args)
                  ^^^^^^^^^^^^^^^^^^^^^^^
  File "/srv/egarage/venv/lib/python3.12/site-packages/django/contrib/staticfiles/storage.py", line 513, in stored_name
    raise ValueError(
ValueError: Missing staticfiles manifest entry for 'img/egarage_logo.png'
ERROR 2026-03-12 01:36:15,343 log 627588 127920180813952 Internal Server Error: /
Traceback (most recent call last):
  File "/srv/egarage/venv/lib/python3.12/site-packages/django/core/handlers/exception.py", line 55, in inner
    response = get_response(request)
               ^^^^^^^^^^^^^^^^^^^^^
  File "/srv/egarage/venv/lib/python3.12/site-packages/django/core/handlers/base.py", line 220, in _get_response
    response = response.render()
               ^^^^^^^^^^^^^^^^^
  File "/srv/egarage/venv/lib/python3.12/site-packages/django/template/response.py", line 114, in render
    self.content = self.rendered_content
                   ^^^^^^^^^^^^^^^^^^^^^
  File "/srv/egarage/venv/lib/python3.12/site-packages/django/template/response.py", line 92, in rendered_content
    return template.render(context, self._request)
           ^^^^^^^^^^^^^^^^^^^^^^^^^^^^^^^^^^^^^^^
  File "/srv/egarage/venv/lib/python3.12/site-packages/django/template/backends/django.py", line 61, in render
    return self.template.render(context)
           ^^^^^^^^^^^^^^^^^^^^^^^^^^^^^
  File "/srv/egarage/venv/lib/python3.12/site-packages/django/template/base.py", line 175, in render
    return self._render(context)
           ^^^^^^^^^^^^^^^^^^^^^
  File "/srv/egarage/venv/lib/python3.12/site-packages/django/template/base.py", line 167, in _render
    return self.nodelist.render(context)
           ^^^^^^^^^^^^^^^^^^^^^^^^^^^^^
  File "/srv/egarage/venv/lib/python3.12/site-packages/django/template/base.py", line 1005, in render
    return SafeString("".join([node.render_annotated(context) for node in self]))
                               ^^^^^^^^^^^^^^^^^^^^^^^^^^^^^^
  File "/srv/egarage/venv/lib/python3.12/site-packages/django/template/base.py", line 966, in render_annotated
    return self.render(context)
           ^^^^^^^^^^^^^^^^^^^^
  File "/srv/egarage/venv/lib/python3.12/site-packages/django/templatetags/static.py", line 116, in render
    url = self.url(context)
          ^^^^^^^^^^^^^^^^^
  File "/srv/egarage/venv/lib/python3.12/site-packages/django/templatetags/static.py", line 113, in url
    return self.handle_simple(path)
           ^^^^^^^^^^^^^^^^^^^^^^^^
  File "/srv/egarage/venv/lib/python3.12/site-packages/django/templatetags/static.py", line 129, in handle_simple
    return staticfiles_storage.url(path)
           ^^^^^^^^^^^^^^^^^^^^^^^^^^^^^
  File "/srv/egarage/venv/lib/python3.12/site-packages/django/contrib/staticfiles/storage.py", line 203, in url
    return self._url(self.stored_name, name, force)
           ^^^^^^^^^^^^^^^^^^^^^^^^^^^^^^^^^^^^^^^^
  File "/srv/egarage/venv/lib/python3.12/site-packages/django/contrib/staticfiles/storage.py", line 182, in _url
    hashed_name = hashed_name_func(*args)
                  ^^^^^^^^^^^^^^^^^^^^^^^
  File "/srv/egarage/venv/lib/python3.12/site-packages/django/contrib/staticfiles/storage.py", line 513, in stored_name
    raise ValueError(
ValueError: Missing staticfiles manifest entry for 'img/egarage_logo.png'
ERROR 2026-03-12 01:36:24,880 log 627587 127920180813952 Internal Server Error: /
Traceback (most recent call last):
  File "/srv/egarage/venv/lib/python3.12/site-packages/django/core/handlers/exception.py", line 55, in inner
    response = get_response(request)
               ^^^^^^^^^^^^^^^^^^^^^
  File "/srv/egarage/venv/lib/python3.12/site-packages/django/core/handlers/base.py", line 220, in _get_response
    response = response.render()
               ^^^^^^^^^^^^^^^^^
  File "/srv/egarage/venv/lib/python3.12/site-packages/django/template/response.py", line 114, in render
    self.content = self.rendered_content
                   ^^^^^^^^^^^^^^^^^^^^^
  File "/srv/egarage/venv/lib/python3.12/site-packages/django/template/response.py", line 92, in rendered_content
    return template.render(context, self._request)
           ^^^^^^^^^^^^^^^^^^^^^^^^^^^^^^^^^^^^^^^
  File "/srv/egarage/venv/lib/python3.12/site-packages/django/template/backends/django.py", line 61, in render
    return self.template.render(context)
           ^^^^^^^^^^^^^^^^^^^^^^^^^^^^^
  File "/srv/egarage/venv/lib/python3.12/site-packages/django/template/base.py", line 175, in render
    return self._render(context)
           ^^^^^^^^^^^^^^^^^^^^^
  File "/srv/egarage/venv/lib/python3.12/site-packages/django/template/base.py", line 167, in _render
    return self.nodelist.render(context)
           ^^^^^^^^^^^^^^^^^^^^^^^^^^^^^
  File "/srv/egarage/venv/lib/python3.12/site-packages/django/template/base.py", line 1005, in render
    return SafeString("".join([node.render_annotated(context) for node in self]))
                               ^^^^^^^^^^^^^^^^^^^^^^^^^^^^^^
  File "/srv/egarage/venv/lib/python3.12/site-packages/django/template/base.py", line 966, in render_annotated
    return self.render(context)
           ^^^^^^^^^^^^^^^^^^^^
  File "/srv/egarage/venv/lib/python3.12/site-packages/django/templatetags/static.py", line 116, in render
    url = self.url(context)
          ^^^^^^^^^^^^^^^^^
  File "/srv/egarage/venv/lib/python3.12/site-packages/django/templatetags/static.py", line 113, in url
    return self.handle_simple(path)
           ^^^^^^^^^^^^^^^^^^^^^^^^
  File "/srv/egarage/venv/lib/python3.12/site-packages/django/templatetags/static.py", line 129, in handle_simple
    return staticfiles_storage.url(path)
           ^^^^^^^^^^^^^^^^^^^^^^^^^^^^^
  File "/srv/egarage/venv/lib/python3.12/site-packages/django/contrib/staticfiles/storage.py", line 203, in url
    return self._url(self.stored_name, name, force)
           ^^^^^^^^^^^^^^^^^^^^^^^^^^^^^^^^^^^^^^^^
  File "/srv/egarage/venv/lib/python3.12/site-packages/django/contrib/staticfiles/storage.py", line 182, in _url
    hashed_name = hashed_name_func(*args)
                  ^^^^^^^^^^^^^^^^^^^^^^^
  File "/srv/egarage/venv/lib/python3.12/site-packages/django/contrib/staticfiles/storage.py", line 513, in stored_name
    raise ValueError(
ValueError: Missing staticfiles manifest entry for 'img/egarage_logo.png'
ERROR 2026-03-12 01:36:30,650 log 627588 127920180813952 Internal Server Error: /
Traceback (most recent call last):
  File "/srv/egarage/venv/lib/python3.12/site-packages/django/core/handlers/exception.py", line 55, in inner
    response = get_response(request)
               ^^^^^^^^^^^^^^^^^^^^^
  File "/srv/egarage/venv/lib/python3.12/site-packages/django/core/handlers/base.py", line 220, in _get_response
    response = response.render()
               ^^^^^^^^^^^^^^^^^
  File "/srv/egarage/venv/lib/python3.12/site-packages/django/template/response.py", line 114, in render
    self.content = self.rendered_content
                   ^^^^^^^^^^^^^^^^^^^^^
  File "/srv/egarage/venv/lib/python3.12/site-packages/django/template/response.py", line 92, in rendered_content
    return template.render(context, self._request)
           ^^^^^^^^^^^^^^^^^^^^^^^^^^^^^^^^^^^^^^^
  File "/srv/egarage/venv/lib/python3.12/site-packages/django/template/backends/django.py", line 61, in render
    return self.template.render(context)
           ^^^^^^^^^^^^^^^^^^^^^^^^^^^^^
  File "/srv/egarage/venv/lib/python3.12/site-packages/django/template/base.py", line 175, in render
    return self._render(context)
           ^^^^^^^^^^^^^^^^^^^^^
  File "/srv/egarage/venv/lib/python3.12/site-packages/django/template/base.py", line 167, in _render
    return self.nodelist.render(context)
           ^^^^^^^^^^^^^^^^^^^^^^^^^^^^^
  File "/srv/egarage/venv/lib/python3.12/site-packages/django/template/base.py", line 1005, in render
    return SafeString("".join([node.render_annotated(context) for node in self]))
                               ^^^^^^^^^^^^^^^^^^^^^^^^^^^^^^
  File "/srv/egarage/venv/lib/python3.12/site-packages/django/template/base.py", line 966, in render_annotated
    return self.render(context)
           ^^^^^^^^^^^^^^^^^^^^
  File "/srv/egarage/venv/lib/python3.12/site-packages/django/templatetags/static.py", line 116, in render
    url = self.url(context)
          ^^^^^^^^^^^^^^^^^
  File "/srv/egarage/venv/lib/python3.12/site-packages/django/templatetags/static.py", line 113, in url
    return self.handle_simple(path)
           ^^^^^^^^^^^^^^^^^^^^^^^^
  File "/srv/egarage/venv/lib/python3.12/site-packages/django/templatetags/static.py", line 129, in handle_simple
    return staticfiles_storage.url(path)
           ^^^^^^^^^^^^^^^^^^^^^^^^^^^^^
  File "/srv/egarage/venv/lib/python3.12/site-packages/django/contrib/staticfiles/storage.py", line 203, in url
    return self._url(self.stored_name, name, force)
           ^^^^^^^^^^^^^^^^^^^^^^^^^^^^^^^^^^^^^^^^
  File "/srv/egarage/venv/lib/python3.12/site-packages/django/contrib/staticfiles/storage.py", line 182, in _url
    hashed_name = hashed_name_func(*args)
                  ^^^^^^^^^^^^^^^^^^^^^^^
  File "/srv/egarage/venv/lib/python3.12/site-packages/django/contrib/staticfiles/storage.py", line 513, in stored_name
    raise ValueError(
ValueError: Missing staticfiles manifest entry for 'img/egarage_logo.png'
ERROR 2026-03-12 01:36:49,945 log 627587 127920180813952 Internal Server Error: /
Traceback (most recent call last):
  File "/srv/egarage/venv/lib/python3.12/site-packages/django/core/handlers/exception.py", line 55, in inner
    response = get_response(request)
               ^^^^^^^^^^^^^^^^^^^^^
  File "/srv/egarage/venv/lib/python3.12/site-packages/django/core/handlers/base.py", line 220, in _get_response
    response = response.render()
               ^^^^^^^^^^^^^^^^^
  File "/srv/egarage/venv/lib/python3.12/site-packages/django/template/response.py", line 114, in render
    self.content = self.rendered_content
                   ^^^^^^^^^^^^^^^^^^^^^
  File "/srv/egarage/venv/lib/python3.12/site-packages/django/template/response.py", line 92, in rendered_content
    return template.render(context, self._request)
           ^^^^^^^^^^^^^^^^^^^^^^^^^^^^^^^^^^^^^^^
  File "/srv/egarage/venv/lib/python3.12/site-packages/django/template/backends/django.py", line 61, in render
    return self.template.render(context)
           ^^^^^^^^^^^^^^^^^^^^^^^^^^^^^
  File "/srv/egarage/venv/lib/python3.12/site-packages/django/template/base.py", line 175, in render
    return self._render(context)
           ^^^^^^^^^^^^^^^^^^^^^
  File "/srv/egarage/venv/lib/python3.12/site-packages/django/template/base.py", line 167, in _render
    return self.nodelist.render(context)
           ^^^^^^^^^^^^^^^^^^^^^^^^^^^^^
  File "/srv/egarage/venv/lib/python3.12/site-packages/django/template/base.py", line 1005, in render
    return SafeString("".join([node.render_annotated(context) for node in self]))
                               ^^^^^^^^^^^^^^^^^^^^^^^^^^^^^^
  File "/srv/egarage/venv/lib/python3.12/site-packages/django/template/base.py", line 966, in render_annotated
    return self.render(context)
           ^^^^^^^^^^^^^^^^^^^^
  File "/srv/egarage/venv/lib/python3.12/site-packages/django/templatetags/static.py", line 116, in render
    url = self.url(context)
          ^^^^^^^^^^^^^^^^^
  File "/srv/egarage/venv/lib/python3.12/site-packages/django/templatetags/static.py", line 113, in url
    return self.handle_simple(path)
           ^^^^^^^^^^^^^^^^^^^^^^^^
  File "/srv/egarage/venv/lib/python3.12/site-packages/django/templatetags/static.py", line 129, in handle_simple
    return staticfiles_storage.url(path)
           ^^^^^^^^^^^^^^^^^^^^^^^^^^^^^
  File "/srv/egarage/venv/lib/python3.12/site-packages/django/contrib/staticfiles/storage.py", line 203, in url
    return self._url(self.stored_name, name, force)
           ^^^^^^^^^^^^^^^^^^^^^^^^^^^^^^^^^^^^^^^^
  File "/srv/egarage/venv/lib/python3.12/site-packages/django/contrib/staticfiles/storage.py", line 182, in _url
    hashed_name = hashed_name_func(*args)
                  ^^^^^^^^^^^^^^^^^^^^^^^
  File "/srv/egarage/venv/lib/python3.12/site-packages/django/contrib/staticfiles/storage.py", line 513, in stored_name
    raise ValueError(
ValueError: Missing staticfiles manifest entry for 'img/egarage_logo.png'
ERROR 2026-03-12 01:36:50,016 log 627588 127920180813952 Internal Server Error: /
Traceback (most recent call last):
  File "/srv/egarage/venv/lib/python3.12/site-packages/django/core/handlers/exception.py", line 55, in inner
    response = get_response(request)
               ^^^^^^^^^^^^^^^^^^^^^
  File "/srv/egarage/venv/lib/python3.12/site-packages/django/core/handlers/base.py", line 220, in _get_response
    response = response.render()
               ^^^^^^^^^^^^^^^^^
  File "/srv/egarage/venv/lib/python3.12/site-packages/django/template/response.py", line 114, in render
    self.content = self.rendered_content
                   ^^^^^^^^^^^^^^^^^^^^^
  File "/srv/egarage/venv/lib/python3.12/site-packages/django/template/response.py", line 92, in rendered_content
    return template.render(context, self._request)
           ^^^^^^^^^^^^^^^^^^^^^^^^^^^^^^^^^^^^^^^
  File "/srv/egarage/venv/lib/python3.12/site-packages/django/template/backends/django.py", line 61, in render
    return self.template.render(context)
           ^^^^^^^^^^^^^^^^^^^^^^^^^^^^^
  File "/srv/egarage/venv/lib/python3.12/site-packages/django/template/base.py", line 175, in render
    return self._render(context)
           ^^^^^^^^^^^^^^^^^^^^^
  File "/srv/egarage/venv/lib/python3.12/site-packages/django/template/base.py", line 167, in _render
    return self.nodelist.render(context)
           ^^^^^^^^^^^^^^^^^^^^^^^^^^^^^
  File "/srv/egarage/venv/lib/python3.12/site-packages/django/template/base.py", line 1005, in render
    return SafeString("".join([node.render_annotated(context) for node in self]))
                               ^^^^^^^^^^^^^^^^^^^^^^^^^^^^^^
  File "/srv/egarage/venv/lib/python3.12/site-packages/django/template/base.py", line 966, in render_annotated
    return self.render(context)
           ^^^^^^^^^^^^^^^^^^^^
  File "/srv/egarage/venv/lib/python3.12/site-packages/django/templatetags/static.py", line 116, in render
    url = self.url(context)
          ^^^^^^^^^^^^^^^^^
  File "/srv/egarage/venv/lib/python3.12/site-packages/django/templatetags/static.py", line 113, in url
    return self.handle_simple(path)
           ^^^^^^^^^^^^^^^^^^^^^^^^
  File "/srv/egarage/venv/lib/python3.12/site-packages/django/templatetags/static.py", line 129, in handle_simple
    return staticfiles_storage.url(path)
           ^^^^^^^^^^^^^^^^^^^^^^^^^^^^^
  File "/srv/egarage/venv/lib/python3.12/site-packages/django/contrib/staticfiles/storage.py", line 203, in url
    return self._url(self.stored_name, name, force)
           ^^^^^^^^^^^^^^^^^^^^^^^^^^^^^^^^^^^^^^^^
  File "/srv/egarage/venv/lib/python3.12/site-packages/django/contrib/staticfiles/storage.py", line 182, in _url
    hashed_name = hashed_name_func(*args)
                  ^^^^^^^^^^^^^^^^^^^^^^^
  File "/srv/egarage/venv/lib/python3.12/site-packages/django/contrib/staticfiles/storage.py", line 513, in stored_name
    raise ValueError(
ValueError: Missing staticfiles manifest entry for 'img/egarage_logo.png'
ERROR 2026-03-12 01:38:12,955 log 627588 127920180813952 Internal Server Error: /
Traceback (most recent call last):
  File "/srv/egarage/venv/lib/python3.12/site-packages/django/core/handlers/exception.py", line 55, in inner
    response = get_response(request)
               ^^^^^^^^^^^^^^^^^^^^^
  File "/srv/egarage/venv/lib/python3.12/site-packages/django/core/handlers/base.py", line 220, in _get_response
    response = response.render()
               ^^^^^^^^^^^^^^^^^
  File "/srv/egarage/venv/lib/python3.12/site-packages/django/template/response.py", line 114, in render
    self.content = self.rendered_content
                   ^^^^^^^^^^^^^^^^^^^^^
  File "/srv/egarage/venv/lib/python3.12/site-packages/django/template/response.py", line 92, in rendered_content
    return template.render(context, self._request)
           ^^^^^^^^^^^^^^^^^^^^^^^^^^^^^^^^^^^^^^^
  File "/srv/egarage/venv/lib/python3.12/site-packages/django/template/backends/django.py", line 61, in render
    return self.template.render(context)
           ^^^^^^^^^^^^^^^^^^^^^^^^^^^^^
  File "/srv/egarage/venv/lib/python3.12/site-packages/django/template/base.py", line 175, in render
    return self._render(context)
           ^^^^^^^^^^^^^^^^^^^^^
  File "/srv/egarage/venv/lib/python3.12/site-packages/django/template/base.py", line 167, in _render
    return self.nodelist.render(context)
           ^^^^^^^^^^^^^^^^^^^^^^^^^^^^^
  File "/srv/egarage/venv/lib/python3.12/site-packages/django/template/base.py", line 1005, in render
    return SafeString("".join([node.render_annotated(context) for node in self]))
                               ^^^^^^^^^^^^^^^^^^^^^^^^^^^^^^
  File "/srv/egarage/venv/lib/python3.12/site-packages/django/template/base.py", line 966, in render_annotated
    return self.render(context)
           ^^^^^^^^^^^^^^^^^^^^
  File "/srv/egarage/venv/lib/python3.12/site-packages/django/templatetags/static.py", line 116, in render
    url = self.url(context)
          ^^^^^^^^^^^^^^^^^
  File "/srv/egarage/venv/lib/python3.12/site-packages/django/templatetags/static.py", line 113, in url
    return self.handle_simple(path)
           ^^^^^^^^^^^^^^^^^^^^^^^^
  File "/srv/egarage/venv/lib/python3.12/site-packages/django/templatetags/static.py", line 129, in handle_simple
    return staticfiles_storage.url(path)
           ^^^^^^^^^^^^^^^^^^^^^^^^^^^^^
  File "/srv/egarage/venv/lib/python3.12/site-packages/django/contrib/staticfiles/storage.py", line 203, in url
    return self._url(self.stored_name, name, force)
           ^^^^^^^^^^^^^^^^^^^^^^^^^^^^^^^^^^^^^^^^
  File "/srv/egarage/venv/lib/python3.12/site-packages/django/contrib/staticfiles/storage.py", line 182, in _url
    hashed_name = hashed_name_func(*args)
                  ^^^^^^^^^^^^^^^^^^^^^^^
  File "/srv/egarage/venv/lib/python3.12/site-packages/django/contrib/staticfiles/storage.py", line 513, in stored_name
    raise ValueError(
ValueError: Missing staticfiles manifest entry for 'img/egarage_logo.png'
ERROR 2026-03-12 01:38:16,946 log 627587 127920180813952 Invalid HTTP_HOST header: '159.223.200.106'. You may need to add '159.223.200.106' to ALLOWED_HOSTS.
Traceback (most recent call last):
  File "/srv/egarage/venv/lib/python3.12/site-packages/django/core/handlers/exception.py", line 55, in inner
    response = get_response(request)
               ^^^^^^^^^^^^^^^^^^^^^
  File "/srv/egarage/venv/lib/python3.12/site-packages/django/utils/deprecation.py", line 133, in __call__
    response = self.process_request(request)
               ^^^^^^^^^^^^^^^^^^^^^^^^^^^^^
  File "/srv/egarage/venv/lib/python3.12/site-packages/django/middleware/common.py", line 48, in process_request
    host = request.get_host()
           ^^^^^^^^^^^^^^^^^^
  File "/srv/egarage/venv/lib/python3.12/site-packages/django/http/request.py", line 150, in get_host
    raise DisallowedHost(msg)
django.core.exceptions.DisallowedHost: Invalid HTTP_HOST header: '159.223.200.106'. You may need to add '159.223.200.106' to ALLOWED_HOSTS.
ERROR 2026-03-12 01:38:17,655 log 627588 127920180813952 Invalid HTTP_HOST header: '159.223.200.106'. You may need to add '159.223.200.106' to ALLOWED_HOSTS.
Traceback (most recent call last):
  File "/srv/egarage/venv/lib/python3.12/site-packages/django/core/handlers/exception.py", line 55, in inner
    response = get_response(request)
               ^^^^^^^^^^^^^^^^^^^^^
  File "/srv/egarage/venv/lib/python3.12/site-packages/django/utils/deprecation.py", line 133, in __call__
    response = self.process_request(request)
               ^^^^^^^^^^^^^^^^^^^^^^^^^^^^^
  File "/srv/egarage/venv/lib/python3.12/site-packages/django/middleware/common.py", line 48, in process_request
    host = request.get_host()
           ^^^^^^^^^^^^^^^^^^
  File "/srv/egarage/venv/lib/python3.12/site-packages/django/http/request.py", line 150, in get_host
    raise DisallowedHost(msg)
django.core.exceptions.DisallowedHost: Invalid HTTP_HOST header: '159.223.200.106'. You may need to add '159.223.200.106' to ALLOWED_HOSTS.
ERROR 2026-03-12 01:38:18,341 log 627588 127920180813952 Invalid HTTP_HOST header: '159.223.200.106'. You may need to add '159.223.200.106' to ALLOWED_HOSTS.
Traceback (most recent call last):
  File "/srv/egarage/venv/lib/python3.12/site-packages/django/core/handlers/exception.py", line 55, in inner
    response = get_response(request)
               ^^^^^^^^^^^^^^^^^^^^^
  File "/srv/egarage/venv/lib/python3.12/site-packages/django/utils/deprecation.py", line 133, in __call__
    response = self.process_request(request)
               ^^^^^^^^^^^^^^^^^^^^^^^^^^^^^
  File "/srv/egarage/venv/lib/python3.12/site-packages/django/middleware/common.py", line 48, in process_request
    host = request.get_host()
           ^^^^^^^^^^^^^^^^^^
  File "/srv/egarage/venv/lib/python3.12/site-packages/django/http/request.py", line 150, in get_host
    raise DisallowedHost(msg)
django.core.exceptions.DisallowedHost: Invalid HTTP_HOST header: '159.223.200.106'. You may need to add '159.223.200.106' to ALLOWED_HOSTS.
ERROR 2026-03-12 01:38:19,068 log 627587 127920180813952 Invalid HTTP_HOST header: '159.223.200.106'. You may need to add '159.223.200.106' to ALLOWED_HOSTS.
Traceback (most recent call last):
  File "/srv/egarage/venv/lib/python3.12/site-packages/django/core/handlers/exception.py", line 55, in inner
    response = get_response(request)
               ^^^^^^^^^^^^^^^^^^^^^
  File "/srv/egarage/venv/lib/python3.12/site-packages/django/utils/deprecation.py", line 133, in __call__
    response = self.process_request(request)
               ^^^^^^^^^^^^^^^^^^^^^^^^^^^^^
  File "/srv/egarage/venv/lib/python3.12/site-packages/django/middleware/common.py", line 48, in process_request
    host = request.get_host()
           ^^^^^^^^^^^^^^^^^^
  File "/srv/egarage/venv/lib/python3.12/site-packages/django/http/request.py", line 150, in get_host
    raise DisallowedHost(msg)
django.core.exceptions.DisallowedHost: Invalid HTTP_HOST header: '159.223.200.106'. You may need to add '159.223.200.106' to ALLOWED_HOSTS.
ERROR 2026-03-12 01:38:19,749 log 627587 127920180813952 Invalid HTTP_HOST header: '159.223.200.106'. You may need to add '159.223.200.106' to ALLOWED_HOSTS.
Traceback (most recent call last):
  File "/srv/egarage/venv/lib/python3.12/site-packages/django/core/handlers/exception.py", line 55, in inner
    response = get_response(request)
               ^^^^^^^^^^^^^^^^^^^^^
  File "/srv/egarage/venv/lib/python3.12/site-packages/django/utils/deprecation.py", line 133, in __call__
    response = self.process_request(request)
               ^^^^^^^^^^^^^^^^^^^^^^^^^^^^^
  File "/srv/egarage/venv/lib/python3.12/site-packages/django/middleware/common.py", line 48, in process_request
    host = request.get_host()
           ^^^^^^^^^^^^^^^^^^
  File "/srv/egarage/venv/lib/python3.12/site-packages/django/http/request.py", line 150, in get_host
    raise DisallowedHost(msg)
django.core.exceptions.DisallowedHost: Invalid HTTP_HOST header: '159.223.200.106'. You may need to add '159.223.200.106' to ALLOWED_HOSTS.
ERROR 2026-03-12 01:43:32,090 log 627588 127920180813952 Internal Server Error: /
Traceback (most recent call last):
  File "/srv/egarage/venv/lib/python3.12/site-packages/django/core/handlers/exception.py", line 55, in inner
    response = get_response(request)
               ^^^^^^^^^^^^^^^^^^^^^
  File "/srv/egarage/venv/lib/python3.12/site-packages/django/core/handlers/base.py", line 220, in _get_response
    response = response.render()
               ^^^^^^^^^^^^^^^^^
  File "/srv/egarage/venv/lib/python3.12/site-packages/django/template/response.py", line 114, in render
    self.content = self.rendered_content
                   ^^^^^^^^^^^^^^^^^^^^^
  File "/srv/egarage/venv/lib/python3.12/site-packages/django/template/response.py", line 92, in rendered_content
    return template.render(context, self._request)
           ^^^^^^^^^^^^^^^^^^^^^^^^^^^^^^^^^^^^^^^
  File "/srv/egarage/venv/lib/python3.12/site-packages/django/template/backends/django.py", line 61, in render
    return self.template.render(context)
           ^^^^^^^^^^^^^^^^^^^^^^^^^^^^^
  File "/srv/egarage/venv/lib/python3.12/site-packages/django/template/base.py", line 175, in render
    return self._render(context)
           ^^^^^^^^^^^^^^^^^^^^^
  File "/srv/egarage/venv/lib/python3.12/site-packages/django/template/base.py", line 167, in _render
    return self.nodelist.render(context)
           ^^^^^^^^^^^^^^^^^^^^^^^^^^^^^
  File "/srv/egarage/venv/lib/python3.12/site-packages/django/template/base.py", line 1005, in render
    return SafeString("".join([node.render_annotated(context) for node in self]))
                               ^^^^^^^^^^^^^^^^^^^^^^^^^^^^^^
  File "/srv/egarage/venv/lib/python3.12/site-packages/django/template/base.py", line 966, in render_annotated
    return self.render(context)
           ^^^^^^^^^^^^^^^^^^^^
  File "/srv/egarage/venv/lib/python3.12/site-packages/django/templatetags/static.py", line 116, in render
    url = self.url(context)
          ^^^^^^^^^^^^^^^^^
  File "/srv/egarage/venv/lib/python3.12/site-packages/django/templatetags/static.py", line 113, in url
    return self.handle_simple(path)
           ^^^^^^^^^^^^^^^^^^^^^^^^
  File "/srv/egarage/venv/lib/python3.12/site-packages/django/templatetags/static.py", line 129, in handle_simple
    return staticfiles_storage.url(path)
           ^^^^^^^^^^^^^^^^^^^^^^^^^^^^^
  File "/srv/egarage/venv/lib/python3.12/site-packages/django/contrib/staticfiles/storage.py", line 203, in url
    return self._url(self.stored_name, name, force)
           ^^^^^^^^^^^^^^^^^^^^^^^^^^^^^^^^^^^^^^^^
  File "/srv/egarage/venv/lib/python3.12/site-packages/django/contrib/staticfiles/storage.py", line 182, in _url
    hashed_name = hashed_name_func(*args)
                  ^^^^^^^^^^^^^^^^^^^^^^^
  File "/srv/egarage/venv/lib/python3.12/site-packages/django/contrib/staticfiles/storage.py", line 513, in stored_name
    raise ValueError(
ValueError: Missing staticfiles manifest entry for 'img/egarage_logo.png'
ERROR 2026-03-12 01:43:39,687 log 627587 127920180813952 Internal Server Error: /
Traceback (most recent call last):
  File "/srv/egarage/venv/lib/python3.12/site-packages/django/core/handlers/exception.py", line 55, in inner
    response = get_response(request)
               ^^^^^^^^^^^^^^^^^^^^^
  File "/srv/egarage/venv/lib/python3.12/site-packages/django/core/handlers/base.py", line 220, in _get_response
    response = response.render()
               ^^^^^^^^^^^^^^^^^
  File "/srv/egarage/venv/lib/python3.12/site-packages/django/template/response.py", line 114, in render
    self.content = self.rendered_content
                   ^^^^^^^^^^^^^^^^^^^^^
  File "/srv/egarage/venv/lib/python3.12/site-packages/django/template/response.py", line 92, in rendered_content
    return template.render(context, self._request)
           ^^^^^^^^^^^^^^^^^^^^^^^^^^^^^^^^^^^^^^^
  File "/srv/egarage/venv/lib/python3.12/site-packages/django/template/backends/django.py", line 61, in render
    return self.template.render(context)
           ^^^^^^^^^^^^^^^^^^^^^^^^^^^^^
  File "/srv/egarage/venv/lib/python3.12/site-packages/django/template/base.py", line 175, in render
    return self._render(context)
           ^^^^^^^^^^^^^^^^^^^^^
  File "/srv/egarage/venv/lib/python3.12/site-packages/django/template/base.py", line 167, in _render
    return self.nodelist.render(context)
           ^^^^^^^^^^^^^^^^^^^^^^^^^^^^^
  File "/srv/egarage/venv/lib/python3.12/site-packages/django/template/base.py", line 1005, in render
    return SafeString("".join([node.render_annotated(context) for node in self]))
                               ^^^^^^^^^^^^^^^^^^^^^^^^^^^^^^
  File "/srv/egarage/venv/lib/python3.12/site-packages/django/template/base.py", line 966, in render_annotated
    return self.render(context)
           ^^^^^^^^^^^^^^^^^^^^
  File "/srv/egarage/venv/lib/python3.12/site-packages/django/templatetags/static.py", line 116, in render
    url = self.url(context)
          ^^^^^^^^^^^^^^^^^
  File "/srv/egarage/venv/lib/python3.12/site-packages/django/templatetags/static.py", line 113, in url
    return self.handle_simple(path)
           ^^^^^^^^^^^^^^^^^^^^^^^^
  File "/srv/egarage/venv/lib/python3.12/site-packages/django/templatetags/static.py", line 129, in handle_simple
    return staticfiles_storage.url(path)
           ^^^^^^^^^^^^^^^^^^^^^^^^^^^^^
  File "/srv/egarage/venv/lib/python3.12/site-packages/django/contrib/staticfiles/storage.py", line 203, in url
    return self._url(self.stored_name, name, force)
           ^^^^^^^^^^^^^^^^^^^^^^^^^^^^^^^^^^^^^^^^
  File "/srv/egarage/venv/lib/python3.12/site-packages/django/contrib/staticfiles/storage.py", line 182, in _url
    hashed_name = hashed_name_func(*args)
                  ^^^^^^^^^^^^^^^^^^^^^^^
  File "/srv/egarage/venv/lib/python3.12/site-packages/django/contrib/staticfiles/storage.py", line 513, in stored_name
    raise ValueError(
ValueError: Missing staticfiles manifest entry for 'img/egarage_logo.png'
ERROR 2026-03-12 01:45:33,990 log 627588 127920180813952 Invalid HTTP_HOST header: '159.223.200.106'. You may need to add '159.223.200.106' to ALLOWED_HOSTS.
Traceback (most recent call last):
  File "/srv/egarage/venv/lib/python3.12/site-packages/django/core/handlers/exception.py", line 55, in inner
    response = get_response(request)
               ^^^^^^^^^^^^^^^^^^^^^
  File "/srv/egarage/venv/lib/python3.12/site-packages/django/utils/deprecation.py", line 133, in __call__
    response = self.process_request(request)
               ^^^^^^^^^^^^^^^^^^^^^^^^^^^^^
  File "/srv/egarage/venv/lib/python3.12/site-packages/django/middleware/common.py", line 48, in process_request
    host = request.get_host()
           ^^^^^^^^^^^^^^^^^^
  File "/srv/egarage/venv/lib/python3.12/site-packages/django/http/request.py", line 150, in get_host
    raise DisallowedHost(msg)
django.core.exceptions.DisallowedHost: Invalid HTTP_HOST header: '159.223.200.106'. You may need to add '159.223.200.106' to ALLOWED_HOSTS.
ERROR 2026-03-12 01:45:34,679 log 627587 127920180813952 Invalid HTTP_HOST header: '159.223.200.106'. You may need to add '159.223.200.106' to ALLOWED_HOSTS.
Traceback (most recent call last):
  File "/srv/egarage/venv/lib/python3.12/site-packages/django/core/handlers/exception.py", line 55, in inner
    response = get_response(request)
               ^^^^^^^^^^^^^^^^^^^^^
  File "/srv/egarage/venv/lib/python3.12/site-packages/django/utils/deprecation.py", line 133, in __call__
    response = self.process_request(request)
               ^^^^^^^^^^^^^^^^^^^^^^^^^^^^^
  File "/srv/egarage/venv/lib/python3.12/site-packages/django/middleware/common.py", line 48, in process_request
    host = request.get_host()
           ^^^^^^^^^^^^^^^^^^
  File "/srv/egarage/venv/lib/python3.12/site-packages/django/http/request.py", line 150, in get_host
    raise DisallowedHost(msg)
django.core.exceptions.DisallowedHost: Invalid HTTP_HOST header: '159.223.200.106'. You may need to add '159.223.200.106' to ALLOWED_HOSTS.
ERROR 2026-03-12 01:45:35,362 log 627588 127920180813952 Invalid HTTP_HOST header: '159.223.200.106'. You may need to add '159.223.200.106' to ALLOWED_HOSTS.
Traceback (most recent call last):
  File "/srv/egarage/venv/lib/python3.12/site-packages/django/core/handlers/exception.py", line 55, in inner
    response = get_response(request)
               ^^^^^^^^^^^^^^^^^^^^^
  File "/srv/egarage/venv/lib/python3.12/site-packages/django/utils/deprecation.py", line 133, in __call__
    response = self.process_request(request)
               ^^^^^^^^^^^^^^^^^^^^^^^^^^^^^
  File "/srv/egarage/venv/lib/python3.12/site-packages/django/middleware/common.py", line 48, in process_request
    host = request.get_host()
           ^^^^^^^^^^^^^^^^^^
  File "/srv/egarage/venv/lib/python3.12/site-packages/django/http/request.py", line 150, in get_host
    raise DisallowedHost(msg)
django.core.exceptions.DisallowedHost: Invalid HTTP_HOST header: '159.223.200.106'. You may need to add '159.223.200.106' to ALLOWED_HOSTS.
ERROR 2026-03-12 01:45:36,065 log 627588 127920180813952 Invalid HTTP_HOST header: '159.223.200.106'. You may need to add '159.223.200.106' to ALLOWED_HOSTS.
Traceback (most recent call last):
  File "/srv/egarage/venv/lib/python3.12/site-packages/django/core/handlers/exception.py", line 55, in inner
    response = get_response(request)
               ^^^^^^^^^^^^^^^^^^^^^
  File "/srv/egarage/venv/lib/python3.12/site-packages/django/utils/deprecation.py", line 133, in __call__
    response = self.process_request(request)
               ^^^^^^^^^^^^^^^^^^^^^^^^^^^^^
  File "/srv/egarage/venv/lib/python3.12/site-packages/django/middleware/common.py", line 48, in process_request
    host = request.get_host()
           ^^^^^^^^^^^^^^^^^^
  File "/srv/egarage/venv/lib/python3.12/site-packages/django/http/request.py", line 150, in get_host
    raise DisallowedHost(msg)
django.core.exceptions.DisallowedHost: Invalid HTTP_HOST header: '159.223.200.106'. You may need to add '159.223.200.106' to ALLOWED_HOSTS.
ERROR 2026-03-12 01:45:36,751 log 627587 127920180813952 Invalid HTTP_HOST header: '159.223.200.106'. You may need to add '159.223.200.106' to ALLOWED_HOSTS.
Traceback (most recent call last):
  File "/srv/egarage/venv/lib/python3.12/site-packages/django/core/handlers/exception.py", line 55, in inner
    response = get_response(request)
               ^^^^^^^^^^^^^^^^^^^^^
  File "/srv/egarage/venv/lib/python3.12/site-packages/django/utils/deprecation.py", line 133, in __call__
    response = self.process_request(request)
               ^^^^^^^^^^^^^^^^^^^^^^^^^^^^^
  File "/srv/egarage/venv/lib/python3.12/site-packages/django/middleware/common.py", line 48, in process_request
    host = request.get_host()
           ^^^^^^^^^^^^^^^^^^
  File "/srv/egarage/venv/lib/python3.12/site-packages/django/http/request.py", line 150, in get_host
    raise DisallowedHost(msg)
django.core.exceptions.DisallowedHost: Invalid HTTP_HOST header: '159.223.200.106'. You may need to add '159.223.200.106' to ALLOWED_HOSTS.
ERROR 2026-03-12 01:46:35,460 log 627587 127920180813952 Internal Server Error: /
Traceback (most recent call last):
  File "/srv/egarage/venv/lib/python3.12/site-packages/django/core/handlers/exception.py", line 55, in inner
    response = get_response(request)
               ^^^^^^^^^^^^^^^^^^^^^
  File "/srv/egarage/venv/lib/python3.12/site-packages/django/core/handlers/base.py", line 220, in _get_response
    response = response.render()
               ^^^^^^^^^^^^^^^^^
  File "/srv/egarage/venv/lib/python3.12/site-packages/django/template/response.py", line 114, in render
    self.content = self.rendered_content
                   ^^^^^^^^^^^^^^^^^^^^^
  File "/srv/egarage/venv/lib/python3.12/site-packages/django/template/response.py", line 92, in rendered_content
    return template.render(context, self._request)
           ^^^^^^^^^^^^^^^^^^^^^^^^^^^^^^^^^^^^^^^
  File "/srv/egarage/venv/lib/python3.12/site-packages/django/template/backends/django.py", line 61, in render
    return self.template.render(context)
           ^^^^^^^^^^^^^^^^^^^^^^^^^^^^^
  File "/srv/egarage/venv/lib/python3.12/site-packages/django/template/base.py", line 175, in render
    return self._render(context)
           ^^^^^^^^^^^^^^^^^^^^^
  File "/srv/egarage/venv/lib/python3.12/site-packages/django/template/base.py", line 167, in _render
    return self.nodelist.render(context)
           ^^^^^^^^^^^^^^^^^^^^^^^^^^^^^
  File "/srv/egarage/venv/lib/python3.12/site-packages/django/template/base.py", line 1005, in render
    return SafeString("".join([node.render_annotated(context) for node in self]))
                               ^^^^^^^^^^^^^^^^^^^^^^^^^^^^^^
  File "/srv/egarage/venv/lib/python3.12/site-packages/django/template/base.py", line 966, in render_annotated
    return self.render(context)
           ^^^^^^^^^^^^^^^^^^^^
  File "/srv/egarage/venv/lib/python3.12/site-packages/django/templatetags/static.py", line 116, in render
    url = self.url(context)
          ^^^^^^^^^^^^^^^^^
  File "/srv/egarage/venv/lib/python3.12/site-packages/django/templatetags/static.py", line 113, in url
    return self.handle_simple(path)
           ^^^^^^^^^^^^^^^^^^^^^^^^
  File "/srv/egarage/venv/lib/python3.12/site-packages/django/templatetags/static.py", line 129, in handle_simple
    return staticfiles_storage.url(path)
           ^^^^^^^^^^^^^^^^^^^^^^^^^^^^^
  File "/srv/egarage/venv/lib/python3.12/site-packages/django/contrib/staticfiles/storage.py", line 203, in url
    return self._url(self.stored_name, name, force)
           ^^^^^^^^^^^^^^^^^^^^^^^^^^^^^^^^^^^^^^^^
  File "/srv/egarage/venv/lib/python3.12/site-packages/django/contrib/staticfiles/storage.py", line 182, in _url
    hashed_name = hashed_name_func(*args)
                  ^^^^^^^^^^^^^^^^^^^^^^^
  File "/srv/egarage/venv/lib/python3.12/site-packages/django/contrib/staticfiles/storage.py", line 513, in stored_name
    raise ValueError(
ValueError: Missing staticfiles manifest entry for 'img/egarage_logo.png'
ERROR 2026-03-12 01:46:35,487 log 627588 127920180813952 Internal Server Error: /
Traceback (most recent call last):
  File "/srv/egarage/venv/lib/python3.12/site-packages/django/core/handlers/exception.py", line 55, in inner
    response = get_response(request)
               ^^^^^^^^^^^^^^^^^^^^^
  File "/srv/egarage/venv/lib/python3.12/site-packages/django/core/handlers/base.py", line 220, in _get_response
    response = response.render()
               ^^^^^^^^^^^^^^^^^
  File "/srv/egarage/venv/lib/python3.12/site-packages/django/template/response.py", line 114, in render
    self.content = self.rendered_content
                   ^^^^^^^^^^^^^^^^^^^^^
  File "/srv/egarage/venv/lib/python3.12/site-packages/django/template/response.py", line 92, in rendered_content
    return template.render(context, self._request)
           ^^^^^^^^^^^^^^^^^^^^^^^^^^^^^^^^^^^^^^^
  File "/srv/egarage/venv/lib/python3.12/site-packages/django/template/backends/django.py", line 61, in render
    return self.template.render(context)
           ^^^^^^^^^^^^^^^^^^^^^^^^^^^^^
  File "/srv/egarage/venv/lib/python3.12/site-packages/django/template/base.py", line 175, in render
    return self._render(context)
           ^^^^^^^^^^^^^^^^^^^^^
  File "/srv/egarage/venv/lib/python3.12/site-packages/django/template/base.py", line 167, in _render
    return self.nodelist.render(context)
           ^^^^^^^^^^^^^^^^^^^^^^^^^^^^^
  File "/srv/egarage/venv/lib/python3.12/site-packages/django/template/base.py", line 1005, in render
    return SafeString("".join([node.render_annotated(context) for node in self]))
                               ^^^^^^^^^^^^^^^^^^^^^^^^^^^^^^
  File "/srv/egarage/venv/lib/python3.12/site-packages/django/template/base.py", line 966, in render_annotated
    return self.render(context)
           ^^^^^^^^^^^^^^^^^^^^
  File "/srv/egarage/venv/lib/python3.12/site-packages/django/templatetags/static.py", line 116, in render
    url = self.url(context)
          ^^^^^^^^^^^^^^^^^
  File "/srv/egarage/venv/lib/python3.12/site-packages/django/templatetags/static.py", line 113, in url
    return self.handle_simple(path)
           ^^^^^^^^^^^^^^^^^^^^^^^^
  File "/srv/egarage/venv/lib/python3.12/site-packages/django/templatetags/static.py", line 129, in handle_simple
    return staticfiles_storage.url(path)
           ^^^^^^^^^^^^^^^^^^^^^^^^^^^^^
  File "/srv/egarage/venv/lib/python3.12/site-packages/django/contrib/staticfiles/storage.py", line 203, in url
    return self._url(self.stored_name, name, force)
           ^^^^^^^^^^^^^^^^^^^^^^^^^^^^^^^^^^^^^^^^
  File "/srv/egarage/venv/lib/python3.12/site-packages/django/contrib/staticfiles/storage.py", line 182, in _url
    hashed_name = hashed_name_func(*args)
                  ^^^^^^^^^^^^^^^^^^^^^^^
  File "/srv/egarage/venv/lib/python3.12/site-packages/django/contrib/staticfiles/storage.py", line 513, in stored_name
    raise ValueError(
ValueError: Missing staticfiles manifest entry for 'img/egarage_logo.png'
ERROR 2026-03-12 01:46:45,354 log 627587 127920180813952 Internal Server Error: /
Traceback (most recent call last):
  File "/srv/egarage/venv/lib/python3.12/site-packages/django/core/handlers/exception.py", line 55, in inner
    response = get_response(request)
               ^^^^^^^^^^^^^^^^^^^^^
  File "/srv/egarage/venv/lib/python3.12/site-packages/django/core/handlers/base.py", line 220, in _get_response
    response = response.render()
               ^^^^^^^^^^^^^^^^^
  File "/srv/egarage/venv/lib/python3.12/site-packages/django/template/response.py", line 114, in render
    self.content = self.rendered_content
                   ^^^^^^^^^^^^^^^^^^^^^
  File "/srv/egarage/venv/lib/python3.12/site-packages/django/template/response.py", line 92, in rendered_content
    return template.render(context, self._request)
           ^^^^^^^^^^^^^^^^^^^^^^^^^^^^^^^^^^^^^^^
  File "/srv/egarage/venv/lib/python3.12/site-packages/django/template/backends/django.py", line 61, in render
    return self.template.render(context)
           ^^^^^^^^^^^^^^^^^^^^^^^^^^^^^
  File "/srv/egarage/venv/lib/python3.12/site-packages/django/template/base.py", line 175, in render
    return self._render(context)
           ^^^^^^^^^^^^^^^^^^^^^
  File "/srv/egarage/venv/lib/python3.12/site-packages/django/template/base.py", line 167, in _render
    return self.nodelist.render(context)
           ^^^^^^^^^^^^^^^^^^^^^^^^^^^^^
  File "/srv/egarage/venv/lib/python3.12/site-packages/django/template/base.py", line 1005, in render
    return SafeString("".join([node.render_annotated(context) for node in self]))
                               ^^^^^^^^^^^^^^^^^^^^^^^^^^^^^^
  File "/srv/egarage/venv/lib/python3.12/site-packages/django/template/base.py", line 966, in render_annotated
    return self.render(context)
           ^^^^^^^^^^^^^^^^^^^^
  File "/srv/egarage/venv/lib/python3.12/site-packages/django/templatetags/static.py", line 116, in render
    url = self.url(context)
          ^^^^^^^^^^^^^^^^^
  File "/srv/egarage/venv/lib/python3.12/site-packages/django/templatetags/static.py", line 113, in url
    return self.handle_simple(path)
           ^^^^^^^^^^^^^^^^^^^^^^^^
  File "/srv/egarage/venv/lib/python3.12/site-packages/django/templatetags/static.py", line 129, in handle_simple
    return staticfiles_storage.url(path)
           ^^^^^^^^^^^^^^^^^^^^^^^^^^^^^
  File "/srv/egarage/venv/lib/python3.12/site-packages/django/contrib/staticfiles/storage.py", line 203, in url
    return self._url(self.stored_name, name, force)
           ^^^^^^^^^^^^^^^^^^^^^^^^^^^^^^^^^^^^^^^^
  File "/srv/egarage/venv/lib/python3.12/site-packages/django/contrib/staticfiles/storage.py", line 182, in _url
    hashed_name = hashed_name_func(*args)
                  ^^^^^^^^^^^^^^^^^^^^^^^
  File "/srv/egarage/venv/lib/python3.12/site-packages/django/contrib/staticfiles/storage.py", line 513, in stored_name
    raise ValueError(
ValueError: Missing staticfiles manifest entry for 'img/egarage_logo.png'
ERROR 2026-03-12 01:46:45,381 log 627588 127920180813952 Internal Server Error: /
Traceback (most recent call last):
  File "/srv/egarage/venv/lib/python3.12/site-packages/django/core/handlers/exception.py", line 55, in inner
    response = get_response(request)
               ^^^^^^^^^^^^^^^^^^^^^
  File "/srv/egarage/venv/lib/python3.12/site-packages/django/core/handlers/base.py", line 220, in _get_response
    response = response.render()
               ^^^^^^^^^^^^^^^^^
  File "/srv/egarage/venv/lib/python3.12/site-packages/django/template/response.py", line 114, in render
    self.content = self.rendered_content
                   ^^^^^^^^^^^^^^^^^^^^^
  File "/srv/egarage/venv/lib/python3.12/site-packages/django/template/response.py", line 92, in rendered_content
    return template.render(context, self._request)
           ^^^^^^^^^^^^^^^^^^^^^^^^^^^^^^^^^^^^^^^
  File "/srv/egarage/venv/lib/python3.12/site-packages/django/template/backends/django.py", line 61, in render
    return self.template.render(context)
           ^^^^^^^^^^^^^^^^^^^^^^^^^^^^^
  File "/srv/egarage/venv/lib/python3.12/site-packages/django/template/base.py", line 175, in render
    return self._render(context)
           ^^^^^^^^^^^^^^^^^^^^^
  File "/srv/egarage/venv/lib/python3.12/site-packages/django/template/base.py", line 167, in _render
    return self.nodelist.render(context)
           ^^^^^^^^^^^^^^^^^^^^^^^^^^^^^
  File "/srv/egarage/venv/lib/python3.12/site-packages/django/template/base.py", line 1005, in render
    return SafeString("".join([node.render_annotated(context) for node in self]))
                               ^^^^^^^^^^^^^^^^^^^^^^^^^^^^^^
  File "/srv/egarage/venv/lib/python3.12/site-packages/django/template/base.py", line 966, in render_annotated
    return self.render(context)
           ^^^^^^^^^^^^^^^^^^^^
  File "/srv/egarage/venv/lib/python3.12/site-packages/django/templatetags/static.py", line 116, in render
    url = self.url(context)
          ^^^^^^^^^^^^^^^^^
  File "/srv/egarage/venv/lib/python3.12/site-packages/django/templatetags/static.py", line 113, in url
    return self.handle_simple(path)
           ^^^^^^^^^^^^^^^^^^^^^^^^
  File "/srv/egarage/venv/lib/python3.12/site-packages/django/templatetags/static.py", line 129, in handle_simple
    return staticfiles_storage.url(path)
           ^^^^^^^^^^^^^^^^^^^^^^^^^^^^^
  File "/srv/egarage/venv/lib/python3.12/site-packages/django/contrib/staticfiles/storage.py", line 203, in url
    return self._url(self.stored_name, name, force)
           ^^^^^^^^^^^^^^^^^^^^^^^^^^^^^^^^^^^^^^^^
  File "/srv/egarage/venv/lib/python3.12/site-packages/django/contrib/staticfiles/storage.py", line 182, in _url
    hashed_name = hashed_name_func(*args)
                  ^^^^^^^^^^^^^^^^^^^^^^^
  File "/srv/egarage/venv/lib/python3.12/site-packages/django/contrib/staticfiles/storage.py", line 513, in stored_name
    raise ValueError(
ValueError: Missing staticfiles manifest entry for 'img/egarage_logo.png'
ERROR 2026-03-12 01:51:37,241 log 627587 127920180813952 Internal Server Error: /
Traceback (most recent call last):
  File "/srv/egarage/venv/lib/python3.12/site-packages/django/core/handlers/exception.py", line 55, in inner
    response = get_response(request)
               ^^^^^^^^^^^^^^^^^^^^^
  File "/srv/egarage/venv/lib/python3.12/site-packages/django/core/handlers/base.py", line 220, in _get_response
    response = response.render()
               ^^^^^^^^^^^^^^^^^
  File "/srv/egarage/venv/lib/python3.12/site-packages/django/template/response.py", line 114, in render
    self.content = self.rendered_content
                   ^^^^^^^^^^^^^^^^^^^^^
  File "/srv/egarage/venv/lib/python3.12/site-packages/django/template/response.py", line 92, in rendered_content
    return template.render(context, self._request)
           ^^^^^^^^^^^^^^^^^^^^^^^^^^^^^^^^^^^^^^^
  File "/srv/egarage/venv/lib/python3.12/site-packages/django/template/backends/django.py", line 61, in render
    return self.template.render(context)
           ^^^^^^^^^^^^^^^^^^^^^^^^^^^^^
  File "/srv/egarage/venv/lib/python3.12/site-packages/django/template/base.py", line 175, in render
    return self._render(context)
           ^^^^^^^^^^^^^^^^^^^^^
  File "/srv/egarage/venv/lib/python3.12/site-packages/django/template/base.py", line 167, in _render
    return self.nodelist.render(context)
           ^^^^^^^^^^^^^^^^^^^^^^^^^^^^^
  File "/srv/egarage/venv/lib/python3.12/site-packages/django/template/base.py", line 1005, in render
    return SafeString("".join([node.render_annotated(context) for node in self]))
                               ^^^^^^^^^^^^^^^^^^^^^^^^^^^^^^
  File "/srv/egarage/venv/lib/python3.12/site-packages/django/template/base.py", line 966, in render_annotated
    return self.render(context)
           ^^^^^^^^^^^^^^^^^^^^
  File "/srv/egarage/venv/lib/python3.12/site-packages/django/templatetags/static.py", line 116, in render
    url = self.url(context)
          ^^^^^^^^^^^^^^^^^
  File "/srv/egarage/venv/lib/python3.12/site-packages/django/templatetags/static.py", line 113, in url
    return self.handle_simple(path)
           ^^^^^^^^^^^^^^^^^^^^^^^^
  File "/srv/egarage/venv/lib/python3.12/site-packages/django/templatetags/static.py", line 129, in handle_simple
    return staticfiles_storage.url(path)
           ^^^^^^^^^^^^^^^^^^^^^^^^^^^^^
  File "/srv/egarage/venv/lib/python3.12/site-packages/django/contrib/staticfiles/storage.py", line 203, in url
    return self._url(self.stored_name, name, force)
           ^^^^^^^^^^^^^^^^^^^^^^^^^^^^^^^^^^^^^^^^
  File "/srv/egarage/venv/lib/python3.12/site-packages/django/contrib/staticfiles/storage.py", line 182, in _url
    hashed_name = hashed_name_func(*args)
                  ^^^^^^^^^^^^^^^^^^^^^^^
  File "/srv/egarage/venv/lib/python3.12/site-packages/django/contrib/staticfiles/storage.py", line 513, in stored_name
    raise ValueError(
ValueError: Missing staticfiles manifest entry for 'img/egarage_logo.png'
ERROR 2026-03-12 01:54:16,914 log 627588 127920180813952 Invalid HTTP_HOST header: '159.223.200.106'. You may need to add '159.223.200.106' to ALLOWED_HOSTS.
Traceback (most recent call last):
  File "/srv/egarage/venv/lib/python3.12/site-packages/django/core/handlers/exception.py", line 55, in inner
    response = get_response(request)
               ^^^^^^^^^^^^^^^^^^^^^
  File "/srv/egarage/venv/lib/python3.12/site-packages/django/utils/deprecation.py", line 133, in __call__
    response = self.process_request(request)
               ^^^^^^^^^^^^^^^^^^^^^^^^^^^^^
  File "/srv/egarage/venv/lib/python3.12/site-packages/django/middleware/common.py", line 48, in process_request
    host = request.get_host()
           ^^^^^^^^^^^^^^^^^^
  File "/srv/egarage/venv/lib/python3.12/site-packages/django/http/request.py", line 150, in get_host
    raise DisallowedHost(msg)
django.core.exceptions.DisallowedHost: Invalid HTTP_HOST header: '159.223.200.106'. You may need to add '159.223.200.106' to ALLOWED_HOSTS.
ERROR 2026-03-12 01:54:17,597 log 627587 127920180813952 Invalid HTTP_HOST header: '159.223.200.106'. You may need to add '159.223.200.106' to ALLOWED_HOSTS.
Traceback (most recent call last):
  File "/srv/egarage/venv/lib/python3.12/site-packages/django/core/handlers/exception.py", line 55, in inner
    response = get_response(request)
               ^^^^^^^^^^^^^^^^^^^^^
  File "/srv/egarage/venv/lib/python3.12/site-packages/django/utils/deprecation.py", line 133, in __call__
    response = self.process_request(request)
               ^^^^^^^^^^^^^^^^^^^^^^^^^^^^^
  File "/srv/egarage/venv/lib/python3.12/site-packages/django/middleware/common.py", line 48, in process_request
    host = request.get_host()
           ^^^^^^^^^^^^^^^^^^
  File "/srv/egarage/venv/lib/python3.12/site-packages/django/http/request.py", line 150, in get_host
    raise DisallowedHost(msg)
django.core.exceptions.DisallowedHost: Invalid HTTP_HOST header: '159.223.200.106'. You may need to add '159.223.200.106' to ALLOWED_HOSTS.
ERROR 2026-03-12 01:54:18,304 log 627587 127920180813952 Invalid HTTP_HOST header: '159.223.200.106'. You may need to add '159.223.200.106' to ALLOWED_HOSTS.
Traceback (most recent call last):
  File "/srv/egarage/venv/lib/python3.12/site-packages/django/core/handlers/exception.py", line 55, in inner
    response = get_response(request)
               ^^^^^^^^^^^^^^^^^^^^^
  File "/srv/egarage/venv/lib/python3.12/site-packages/django/utils/deprecation.py", line 133, in __call__
    response = self.process_request(request)
               ^^^^^^^^^^^^^^^^^^^^^^^^^^^^^
  File "/srv/egarage/venv/lib/python3.12/site-packages/django/middleware/common.py", line 48, in process_request
    host = request.get_host()
           ^^^^^^^^^^^^^^^^^^
  File "/srv/egarage/venv/lib/python3.12/site-packages/django/http/request.py", line 150, in get_host
    raise DisallowedHost(msg)
django.core.exceptions.DisallowedHost: Invalid HTTP_HOST header: '159.223.200.106'. You may need to add '159.223.200.106' to ALLOWED_HOSTS.
ERROR 2026-03-12 01:54:18,987 log 627588 127920180813952 Invalid HTTP_HOST header: '159.223.200.106'. You may need to add '159.223.200.106' to ALLOWED_HOSTS.
Traceback (most recent call last):
  File "/srv/egarage/venv/lib/python3.12/site-packages/django/core/handlers/exception.py", line 55, in inner
    response = get_response(request)
               ^^^^^^^^^^^^^^^^^^^^^
  File "/srv/egarage/venv/lib/python3.12/site-packages/django/utils/deprecation.py", line 133, in __call__
    response = self.process_request(request)
               ^^^^^^^^^^^^^^^^^^^^^^^^^^^^^
  File "/srv/egarage/venv/lib/python3.12/site-packages/django/middleware/common.py", line 48, in process_request
    host = request.get_host()
           ^^^^^^^^^^^^^^^^^^
  File "/srv/egarage/venv/lib/python3.12/site-packages/django/http/request.py", line 150, in get_host
    raise DisallowedHost(msg)
django.core.exceptions.DisallowedHost: Invalid HTTP_HOST header: '159.223.200.106'. You may need to add '159.223.200.106' to ALLOWED_HOSTS.
ERROR 2026-03-12 02:04:45,633 log 627587 127920180813952 Internal Server Error: /cl/accounts/login/
Traceback (most recent call last):
  File "/srv/egarage/venv/lib/python3.12/site-packages/django/core/handlers/exception.py", line 55, in inner
    response = get_response(request)
               ^^^^^^^^^^^^^^^^^^^^^
  File "/srv/egarage/venv/lib/python3.12/site-packages/django/core/handlers/base.py", line 220, in _get_response
    response = response.render()
               ^^^^^^^^^^^^^^^^^
  File "/srv/egarage/venv/lib/python3.12/site-packages/django/template/response.py", line 114, in render
    self.content = self.rendered_content
                   ^^^^^^^^^^^^^^^^^^^^^
  File "/srv/egarage/venv/lib/python3.12/site-packages/django/template/response.py", line 92, in rendered_content
    return template.render(context, self._request)
           ^^^^^^^^^^^^^^^^^^^^^^^^^^^^^^^^^^^^^^^
  File "/srv/egarage/venv/lib/python3.12/site-packages/django/template/backends/django.py", line 61, in render
    return self.template.render(context)
           ^^^^^^^^^^^^^^^^^^^^^^^^^^^^^
  File "/srv/egarage/venv/lib/python3.12/site-packages/django/template/base.py", line 175, in render
    return self._render(context)
           ^^^^^^^^^^^^^^^^^^^^^
  File "/srv/egarage/venv/lib/python3.12/site-packages/django/template/base.py", line 167, in _render
    return self.nodelist.render(context)
           ^^^^^^^^^^^^^^^^^^^^^^^^^^^^^
  File "/srv/egarage/venv/lib/python3.12/site-packages/django/template/base.py", line 1005, in render
    return SafeString("".join([node.render_annotated(context) for node in self]))
                               ^^^^^^^^^^^^^^^^^^^^^^^^^^^^^^
  File "/srv/egarage/venv/lib/python3.12/site-packages/django/template/base.py", line 966, in render_annotated
    return self.render(context)
           ^^^^^^^^^^^^^^^^^^^^
  File "/srv/egarage/venv/lib/python3.12/site-packages/django/template/loader_tags.py", line 157, in render
    return compiled_parent._render(context)
           ^^^^^^^^^^^^^^^^^^^^^^^^^^^^^^^^
  File "/srv/egarage/venv/lib/python3.12/site-packages/django/template/base.py", line 167, in _render
    return self.nodelist.render(context)
           ^^^^^^^^^^^^^^^^^^^^^^^^^^^^^
  File "/srv/egarage/venv/lib/python3.12/site-packages/django/template/base.py", line 1005, in render
    return SafeString("".join([node.render_annotated(context) for node in self]))
                               ^^^^^^^^^^^^^^^^^^^^^^^^^^^^^^
  File "/srv/egarage/venv/lib/python3.12/site-packages/django/template/base.py", line 966, in render_annotated
    return self.render(context)
           ^^^^^^^^^^^^^^^^^^^^
  File "/srv/egarage/venv/lib/python3.12/site-packages/django/templatetags/static.py", line 116, in render
    url = self.url(context)
          ^^^^^^^^^^^^^^^^^
  File "/srv/egarage/venv/lib/python3.12/site-packages/django/templatetags/static.py", line 113, in url
    return self.handle_simple(path)
           ^^^^^^^^^^^^^^^^^^^^^^^^
  File "/srv/egarage/venv/lib/python3.12/site-packages/django/templatetags/static.py", line 129, in handle_simple
    return staticfiles_storage.url(path)
           ^^^^^^^^^^^^^^^^^^^^^^^^^^^^^
  File "/srv/egarage/venv/lib/python3.12/site-packages/django/contrib/staticfiles/storage.py", line 203, in url
    return self._url(self.stored_name, name, force)
           ^^^^^^^^^^^^^^^^^^^^^^^^^^^^^^^^^^^^^^^^
  File "/srv/egarage/venv/lib/python3.12/site-packages/django/contrib/staticfiles/storage.py", line 182, in _url
    hashed_name = hashed_name_func(*args)
                  ^^^^^^^^^^^^^^^^^^^^^^^
  File "/srv/egarage/venv/lib/python3.12/site-packages/django/contrib/staticfiles/storage.py", line 513, in stored_name
    raise ValueError(
ValueError: Missing staticfiles manifest entry for 'css/output.css'
ERROR 2026-03-12 02:05:05,246 log 627588 127920180813952 Invalid HTTP_HOST header: '159.223.200.106'. You may need to add '159.223.200.106' to ALLOWED_HOSTS.
Traceback (most recent call last):
  File "/srv/egarage/venv/lib/python3.12/site-packages/django/core/handlers/exception.py", line 55, in inner
    response = get_response(request)
               ^^^^^^^^^^^^^^^^^^^^^
  File "/srv/egarage/venv/lib/python3.12/site-packages/django/utils/deprecation.py", line 133, in __call__
    response = self.process_request(request)
               ^^^^^^^^^^^^^^^^^^^^^^^^^^^^^
  File "/srv/egarage/venv/lib/python3.12/site-packages/django/middleware/common.py", line 48, in process_request
    host = request.get_host()
           ^^^^^^^^^^^^^^^^^^
  File "/srv/egarage/venv/lib/python3.12/site-packages/django/http/request.py", line 150, in get_host
    raise DisallowedHost(msg)
django.core.exceptions.DisallowedHost: Invalid HTTP_HOST header: '159.223.200.106'. You may need to add '159.223.200.106' to ALLOWED_HOSTS.
ERROR 2026-03-12 02:09:43,292 log 627588 127920180813952 Internal Server Error: /
Traceback (most recent call last):
  File "/srv/egarage/venv/lib/python3.12/site-packages/django/core/handlers/exception.py", line 55, in inner
    response = get_response(request)
               ^^^^^^^^^^^^^^^^^^^^^
  File "/srv/egarage/venv/lib/python3.12/site-packages/django/core/handlers/base.py", line 220, in _get_response
    response = response.render()
               ^^^^^^^^^^^^^^^^^
  File "/srv/egarage/venv/lib/python3.12/site-packages/django/template/response.py", line 114, in render
    self.content = self.rendered_content
                   ^^^^^^^^^^^^^^^^^^^^^
  File "/srv/egarage/venv/lib/python3.12/site-packages/django/template/response.py", line 92, in rendered_content
    return template.render(context, self._request)
           ^^^^^^^^^^^^^^^^^^^^^^^^^^^^^^^^^^^^^^^
  File "/srv/egarage/venv/lib/python3.12/site-packages/django/template/backends/django.py", line 61, in render
    return self.template.render(context)
           ^^^^^^^^^^^^^^^^^^^^^^^^^^^^^
  File "/srv/egarage/venv/lib/python3.12/site-packages/django/template/base.py", line 175, in render
    return self._render(context)
           ^^^^^^^^^^^^^^^^^^^^^
  File "/srv/egarage/venv/lib/python3.12/site-packages/django/template/base.py", line 167, in _render
    return self.nodelist.render(context)
           ^^^^^^^^^^^^^^^^^^^^^^^^^^^^^
  File "/srv/egarage/venv/lib/python3.12/site-packages/django/template/base.py", line 1005, in render
    return SafeString("".join([node.render_annotated(context) for node in self]))
                               ^^^^^^^^^^^^^^^^^^^^^^^^^^^^^^
  File "/srv/egarage/venv/lib/python3.12/site-packages/django/template/base.py", line 966, in render_annotated
    return self.render(context)
           ^^^^^^^^^^^^^^^^^^^^
  File "/srv/egarage/venv/lib/python3.12/site-packages/django/templatetags/static.py", line 116, in render
    url = self.url(context)
          ^^^^^^^^^^^^^^^^^
  File "/srv/egarage/venv/lib/python3.12/site-packages/django/templatetags/static.py", line 113, in url
    return self.handle_simple(path)
           ^^^^^^^^^^^^^^^^^^^^^^^^
  File "/srv/egarage/venv/lib/python3.12/site-packages/django/templatetags/static.py", line 129, in handle_simple
    return staticfiles_storage.url(path)
           ^^^^^^^^^^^^^^^^^^^^^^^^^^^^^
  File "/srv/egarage/venv/lib/python3.12/site-packages/django/contrib/staticfiles/storage.py", line 203, in url
    return self._url(self.stored_name, name, force)
           ^^^^^^^^^^^^^^^^^^^^^^^^^^^^^^^^^^^^^^^^
  File "/srv/egarage/venv/lib/python3.12/site-packages/django/contrib/staticfiles/storage.py", line 182, in _url
    hashed_name = hashed_name_func(*args)
                  ^^^^^^^^^^^^^^^^^^^^^^^
  File "/srv/egarage/venv/lib/python3.12/site-packages/django/contrib/staticfiles/storage.py", line 513, in stored_name
    raise ValueError(
ValueError: Missing staticfiles manifest entry for 'img/egarage_logo.png'
ERROR 2026-03-12 02:09:44,237 log 627588 127920180813952 Internal Server Error: /
Traceback (most recent call last):
  File "/srv/egarage/venv/lib/python3.12/site-packages/django/core/handlers/exception.py", line 55, in inner
    response = get_response(request)
               ^^^^^^^^^^^^^^^^^^^^^
  File "/srv/egarage/venv/lib/python3.12/site-packages/django/core/handlers/base.py", line 220, in _get_response
    response = response.render()
               ^^^^^^^^^^^^^^^^^
  File "/srv/egarage/venv/lib/python3.12/site-packages/django/template/response.py", line 114, in render
    self.content = self.rendered_content
                   ^^^^^^^^^^^^^^^^^^^^^
  File "/srv/egarage/venv/lib/python3.12/site-packages/django/template/response.py", line 92, in rendered_content
    return template.render(context, self._request)
           ^^^^^^^^^^^^^^^^^^^^^^^^^^^^^^^^^^^^^^^
  File "/srv/egarage/venv/lib/python3.12/site-packages/django/template/backends/django.py", line 61, in render
    return self.template.render(context)
           ^^^^^^^^^^^^^^^^^^^^^^^^^^^^^
  File "/srv/egarage/venv/lib/python3.12/site-packages/django/template/base.py", line 175, in render
    return self._render(context)
           ^^^^^^^^^^^^^^^^^^^^^
  File "/srv/egarage/venv/lib/python3.12/site-packages/django/template/base.py", line 167, in _render
    return self.nodelist.render(context)
           ^^^^^^^^^^^^^^^^^^^^^^^^^^^^^
  File "/srv/egarage/venv/lib/python3.12/site-packages/django/template/base.py", line 1005, in render
    return SafeString("".join([node.render_annotated(context) for node in self]))
                               ^^^^^^^^^^^^^^^^^^^^^^^^^^^^^^
  File "/srv/egarage/venv/lib/python3.12/site-packages/django/template/base.py", line 966, in render_annotated
    return self.render(context)
           ^^^^^^^^^^^^^^^^^^^^
  File "/srv/egarage/venv/lib/python3.12/site-packages/django/templatetags/static.py", line 116, in render
    url = self.url(context)
          ^^^^^^^^^^^^^^^^^
  File "/srv/egarage/venv/lib/python3.12/site-packages/django/templatetags/static.py", line 113, in url
    return self.handle_simple(path)
           ^^^^^^^^^^^^^^^^^^^^^^^^
  File "/srv/egarage/venv/lib/python3.12/site-packages/django/templatetags/static.py", line 129, in handle_simple
    return staticfiles_storage.url(path)
           ^^^^^^^^^^^^^^^^^^^^^^^^^^^^^
  File "/srv/egarage/venv/lib/python3.12/site-packages/django/contrib/staticfiles/storage.py", line 203, in url
    return self._url(self.stored_name, name, force)
           ^^^^^^^^^^^^^^^^^^^^^^^^^^^^^^^^^^^^^^^^
  File "/srv/egarage/venv/lib/python3.12/site-packages/django/contrib/staticfiles/storage.py", line 182, in _url
    hashed_name = hashed_name_func(*args)
                  ^^^^^^^^^^^^^^^^^^^^^^^
  File "/srv/egarage/venv/lib/python3.12/site-packages/django/contrib/staticfiles/storage.py", line 513, in stored_name
    raise ValueError(
ValueError: Missing staticfiles manifest entry for 'img/egarage_logo.png'
ERROR 2026-03-12 02:09:44,601 log 627587 127920180813952 Internal Server Error: /
Traceback (most recent call last):
  File "/srv/egarage/venv/lib/python3.12/site-packages/django/core/handlers/exception.py", line 55, in inner
    response = get_response(request)
               ^^^^^^^^^^^^^^^^^^^^^
  File "/srv/egarage/venv/lib/python3.12/site-packages/django/core/handlers/base.py", line 220, in _get_response
    response = response.render()
               ^^^^^^^^^^^^^^^^^
  File "/srv/egarage/venv/lib/python3.12/site-packages/django/template/response.py", line 114, in render
    self.content = self.rendered_content
                   ^^^^^^^^^^^^^^^^^^^^^
  File "/srv/egarage/venv/lib/python3.12/site-packages/django/template/response.py", line 92, in rendered_content
    return template.render(context, self._request)
           ^^^^^^^^^^^^^^^^^^^^^^^^^^^^^^^^^^^^^^^
  File "/srv/egarage/venv/lib/python3.12/site-packages/django/template/backends/django.py", line 61, in render
    return self.template.render(context)
           ^^^^^^^^^^^^^^^^^^^^^^^^^^^^^
  File "/srv/egarage/venv/lib/python3.12/site-packages/django/template/base.py", line 175, in render
    return self._render(context)
           ^^^^^^^^^^^^^^^^^^^^^
  File "/srv/egarage/venv/lib/python3.12/site-packages/django/template/base.py", line 167, in _render
    return self.nodelist.render(context)
           ^^^^^^^^^^^^^^^^^^^^^^^^^^^^^
  File "/srv/egarage/venv/lib/python3.12/site-packages/django/template/base.py", line 1005, in render
    return SafeString("".join([node.render_annotated(context) for node in self]))
                               ^^^^^^^^^^^^^^^^^^^^^^^^^^^^^^
  File "/srv/egarage/venv/lib/python3.12/site-packages/django/template/base.py", line 966, in render_annotated
    return self.render(context)
           ^^^^^^^^^^^^^^^^^^^^
  File "/srv/egarage/venv/lib/python3.12/site-packages/django/templatetags/static.py", line 116, in render
    url = self.url(context)
          ^^^^^^^^^^^^^^^^^
  File "/srv/egarage/venv/lib/python3.12/site-packages/django/templatetags/static.py", line 113, in url
    return self.handle_simple(path)
           ^^^^^^^^^^^^^^^^^^^^^^^^
  File "/srv/egarage/venv/lib/python3.12/site-packages/django/templatetags/static.py", line 129, in handle_simple
    return staticfiles_storage.url(path)
           ^^^^^^^^^^^^^^^^^^^^^^^^^^^^^
  File "/srv/egarage/venv/lib/python3.12/site-packages/django/contrib/staticfiles/storage.py", line 203, in url
    return self._url(self.stored_name, name, force)
           ^^^^^^^^^^^^^^^^^^^^^^^^^^^^^^^^^^^^^^^^
  File "/srv/egarage/venv/lib/python3.12/site-packages/django/contrib/staticfiles/storage.py", line 182, in _url
    hashed_name = hashed_name_func(*args)
                  ^^^^^^^^^^^^^^^^^^^^^^^
  File "/srv/egarage/venv/lib/python3.12/site-packages/django/contrib/staticfiles/storage.py", line 513, in stored_name
    raise ValueError(
ValueError: Missing staticfiles manifest entry for 'img/egarage_logo.png'
ERROR 2026-03-12 02:10:21,202 log 627587 127920180813952 Invalid HTTP_HOST header: '159.223.200.106'. You may need to add '159.223.200.106' to ALLOWED_HOSTS.
Traceback (most recent call last):
  File "/srv/egarage/venv/lib/python3.12/site-packages/django/core/handlers/exception.py", line 55, in inner
    response = get_response(request)
               ^^^^^^^^^^^^^^^^^^^^^
  File "/srv/egarage/venv/lib/python3.12/site-packages/django/utils/deprecation.py", line 133, in __call__
    response = self.process_request(request)
               ^^^^^^^^^^^^^^^^^^^^^^^^^^^^^
  File "/srv/egarage/venv/lib/python3.12/site-packages/django/middleware/common.py", line 48, in process_request
    host = request.get_host()
           ^^^^^^^^^^^^^^^^^^
  File "/srv/egarage/venv/lib/python3.12/site-packages/django/http/request.py", line 150, in get_host
    raise DisallowedHost(msg)
django.core.exceptions.DisallowedHost: Invalid HTTP_HOST header: '159.223.200.106'. You may need to add '159.223.200.106' to ALLOWED_HOSTS.
ERROR 2026-03-12 02:10:26,654 log 627587 127920180813952 Internal Server Error: /cl/es/accounts/login/
Traceback (most recent call last):
  File "/srv/egarage/venv/lib/python3.12/site-packages/django/core/handlers/exception.py", line 55, in inner
    response = get_response(request)
               ^^^^^^^^^^^^^^^^^^^^^
  File "/srv/egarage/venv/lib/python3.12/site-packages/django/core/handlers/base.py", line 220, in _get_response
    response = response.render()
               ^^^^^^^^^^^^^^^^^
  File "/srv/egarage/venv/lib/python3.12/site-packages/django/template/response.py", line 114, in render
    self.content = self.rendered_content
                   ^^^^^^^^^^^^^^^^^^^^^
  File "/srv/egarage/venv/lib/python3.12/site-packages/django/template/response.py", line 92, in rendered_content
    return template.render(context, self._request)
           ^^^^^^^^^^^^^^^^^^^^^^^^^^^^^^^^^^^^^^^
  File "/srv/egarage/venv/lib/python3.12/site-packages/django/template/backends/django.py", line 61, in render
    return self.template.render(context)
           ^^^^^^^^^^^^^^^^^^^^^^^^^^^^^
  File "/srv/egarage/venv/lib/python3.12/site-packages/django/template/base.py", line 175, in render
    return self._render(context)
           ^^^^^^^^^^^^^^^^^^^^^
  File "/srv/egarage/venv/lib/python3.12/site-packages/django/template/base.py", line 167, in _render
    return self.nodelist.render(context)
           ^^^^^^^^^^^^^^^^^^^^^^^^^^^^^
  File "/srv/egarage/venv/lib/python3.12/site-packages/django/template/base.py", line 1005, in render
    return SafeString("".join([node.render_annotated(context) for node in self]))
                               ^^^^^^^^^^^^^^^^^^^^^^^^^^^^^^
  File "/srv/egarage/venv/lib/python3.12/site-packages/django/template/base.py", line 966, in render_annotated
    return self.render(context)
           ^^^^^^^^^^^^^^^^^^^^
  File "/srv/egarage/venv/lib/python3.12/site-packages/django/template/loader_tags.py", line 157, in render
    return compiled_parent._render(context)
           ^^^^^^^^^^^^^^^^^^^^^^^^^^^^^^^^
  File "/srv/egarage/venv/lib/python3.12/site-packages/django/template/base.py", line 167, in _render
    return self.nodelist.render(context)
           ^^^^^^^^^^^^^^^^^^^^^^^^^^^^^
  File "/srv/egarage/venv/lib/python3.12/site-packages/django/template/base.py", line 1005, in render
    return SafeString("".join([node.render_annotated(context) for node in self]))
                               ^^^^^^^^^^^^^^^^^^^^^^^^^^^^^^
  File "/srv/egarage/venv/lib/python3.12/site-packages/django/template/base.py", line 966, in render_annotated
    return self.render(context)
           ^^^^^^^^^^^^^^^^^^^^
  File "/srv/egarage/venv/lib/python3.12/site-packages/django/templatetags/static.py", line 116, in render
    url = self.url(context)
          ^^^^^^^^^^^^^^^^^
  File "/srv/egarage/venv/lib/python3.12/site-packages/django/templatetags/static.py", line 113, in url
    return self.handle_simple(path)
           ^^^^^^^^^^^^^^^^^^^^^^^^
  File "/srv/egarage/venv/lib/python3.12/site-packages/django/templatetags/static.py", line 129, in handle_simple
    return staticfiles_storage.url(path)
           ^^^^^^^^^^^^^^^^^^^^^^^^^^^^^
  File "/srv/egarage/venv/lib/python3.12/site-packages/django/contrib/staticfiles/storage.py", line 203, in url
    return self._url(self.stored_name, name, force)
           ^^^^^^^^^^^^^^^^^^^^^^^^^^^^^^^^^^^^^^^^
  File "/srv/egarage/venv/lib/python3.12/site-packages/django/contrib/staticfiles/storage.py", line 182, in _url
    hashed_name = hashed_name_func(*args)
                  ^^^^^^^^^^^^^^^^^^^^^^^
  File "/srv/egarage/venv/lib/python3.12/site-packages/django/contrib/staticfiles/storage.py", line 513, in stored_name
    raise ValueError(
ValueError: Missing staticfiles manifest entry for 'css/output.css'
ERROR 2026-03-12 02:11:39,894 log 627587 127920180813952 Invalid HTTP_HOST header: '159.223.200.106'. You may need to add '159.223.200.106' to ALLOWED_HOSTS.
Traceback (most recent call last):
  File "/srv/egarage/venv/lib/python3.12/site-packages/django/core/handlers/exception.py", line 55, in inner
    response = get_response(request)
               ^^^^^^^^^^^^^^^^^^^^^
  File "/srv/egarage/venv/lib/python3.12/site-packages/django/utils/deprecation.py", line 133, in __call__
    response = self.process_request(request)
               ^^^^^^^^^^^^^^^^^^^^^^^^^^^^^
  File "/srv/egarage/venv/lib/python3.12/site-packages/django/middleware/common.py", line 48, in process_request
    host = request.get_host()
           ^^^^^^^^^^^^^^^^^^
  File "/srv/egarage/venv/lib/python3.12/site-packages/django/http/request.py", line 150, in get_host
    raise DisallowedHost(msg)
django.core.exceptions.DisallowedHost: Invalid HTTP_HOST header: '159.223.200.106'. You may need to add '159.223.200.106' to ALLOWED_HOSTS.
ERROR 2026-03-12 02:11:40,664 log 627588 127920180813952 Invalid HTTP_HOST header: '159.223.200.106'. You may need to add '159.223.200.106' to ALLOWED_HOSTS.
Traceback (most recent call last):
  File "/srv/egarage/venv/lib/python3.12/site-packages/django/core/handlers/exception.py", line 55, in inner
    response = get_response(request)
               ^^^^^^^^^^^^^^^^^^^^^
  File "/srv/egarage/venv/lib/python3.12/site-packages/django/utils/deprecation.py", line 133, in __call__
    response = self.process_request(request)
               ^^^^^^^^^^^^^^^^^^^^^^^^^^^^^
  File "/srv/egarage/venv/lib/python3.12/site-packages/django/middleware/common.py", line 48, in process_request
    host = request.get_host()
           ^^^^^^^^^^^^^^^^^^
  File "/srv/egarage/venv/lib/python3.12/site-packages/django/http/request.py", line 150, in get_host
    raise DisallowedHost(msg)
django.core.exceptions.DisallowedHost: Invalid HTTP_HOST header: '159.223.200.106'. You may need to add '159.223.200.106' to ALLOWED_HOSTS.
ERROR 2026-03-12 02:11:41,384 log 627587 127920180813952 Invalid HTTP_HOST header: '159.223.200.106'. You may need to add '159.223.200.106' to ALLOWED_HOSTS.
Traceback (most recent call last):
  File "/srv/egarage/venv/lib/python3.12/site-packages/django/core/handlers/exception.py", line 55, in inner
    response = get_response(request)
               ^^^^^^^^^^^^^^^^^^^^^
  File "/srv/egarage/venv/lib/python3.12/site-packages/django/utils/deprecation.py", line 133, in __call__
    response = self.process_request(request)
               ^^^^^^^^^^^^^^^^^^^^^^^^^^^^^
  File "/srv/egarage/venv/lib/python3.12/site-packages/django/middleware/common.py", line 48, in process_request
    host = request.get_host()
           ^^^^^^^^^^^^^^^^^^
  File "/srv/egarage/venv/lib/python3.12/site-packages/django/http/request.py", line 150, in get_host
    raise DisallowedHost(msg)
django.core.exceptions.DisallowedHost: Invalid HTTP_HOST header: '159.223.200.106'. You may need to add '159.223.200.106' to ALLOWED_HOSTS.
ERROR 2026-03-12 02:11:42,092 log 627587 127920180813952 Invalid HTTP_HOST header: '159.223.200.106'. You may need to add '159.223.200.106' to ALLOWED_HOSTS.
Traceback (most recent call last):
  File "/srv/egarage/venv/lib/python3.12/site-packages/django/core/handlers/exception.py", line 55, in inner
    response = get_response(request)
               ^^^^^^^^^^^^^^^^^^^^^
  File "/srv/egarage/venv/lib/python3.12/site-packages/django/utils/deprecation.py", line 133, in __call__
    response = self.process_request(request)
               ^^^^^^^^^^^^^^^^^^^^^^^^^^^^^
  File "/srv/egarage/venv/lib/python3.12/site-packages/django/middleware/common.py", line 48, in process_request
    host = request.get_host()
           ^^^^^^^^^^^^^^^^^^
  File "/srv/egarage/venv/lib/python3.12/site-packages/django/http/request.py", line 150, in get_host
    raise DisallowedHost(msg)
django.core.exceptions.DisallowedHost: Invalid HTTP_HOST header: '159.223.200.106'. You may need to add '159.223.200.106' to ALLOWED_HOSTS.
ERROR 2026-03-12 02:11:42,816 log 627588 127920180813952 Invalid HTTP_HOST header: '159.223.200.106'. You may need to add '159.223.200.106' to ALLOWED_HOSTS.
Traceback (most recent call last):
  File "/srv/egarage/venv/lib/python3.12/site-packages/django/core/handlers/exception.py", line 55, in inner
    response = get_response(request)
               ^^^^^^^^^^^^^^^^^^^^^
  File "/srv/egarage/venv/lib/python3.12/site-packages/django/utils/deprecation.py", line 133, in __call__
    response = self.process_request(request)
               ^^^^^^^^^^^^^^^^^^^^^^^^^^^^^
  File "/srv/egarage/venv/lib/python3.12/site-packages/django/middleware/common.py", line 48, in process_request
    host = request.get_host()
           ^^^^^^^^^^^^^^^^^^
  File "/srv/egarage/venv/lib/python3.12/site-packages/django/http/request.py", line 150, in get_host
    raise DisallowedHost(msg)
django.core.exceptions.DisallowedHost: Invalid HTTP_HOST header: '159.223.200.106'. You may need to add '159.223.200.106' to ALLOWED_HOSTS.
ERROR 2026-03-12 02:16:36,486 log 627588 127920180813952 Internal Server Error: /cl/accounts/login/
Traceback (most recent call last):
  File "/srv/egarage/venv/lib/python3.12/site-packages/django/core/handlers/exception.py", line 55, in inner
    response = get_response(request)
               ^^^^^^^^^^^^^^^^^^^^^
  File "/srv/egarage/venv/lib/python3.12/site-packages/django/core/handlers/base.py", line 220, in _get_response
    response = response.render()
               ^^^^^^^^^^^^^^^^^
  File "/srv/egarage/venv/lib/python3.12/site-packages/django/template/response.py", line 114, in render
    self.content = self.rendered_content
                   ^^^^^^^^^^^^^^^^^^^^^
  File "/srv/egarage/venv/lib/python3.12/site-packages/django/template/response.py", line 92, in rendered_content
    return template.render(context, self._request)
           ^^^^^^^^^^^^^^^^^^^^^^^^^^^^^^^^^^^^^^^
  File "/srv/egarage/venv/lib/python3.12/site-packages/django/template/backends/django.py", line 61, in render
    return self.template.render(context)
           ^^^^^^^^^^^^^^^^^^^^^^^^^^^^^
  File "/srv/egarage/venv/lib/python3.12/site-packages/django/template/base.py", line 175, in render
    return self._render(context)
           ^^^^^^^^^^^^^^^^^^^^^
  File "/srv/egarage/venv/lib/python3.12/site-packages/django/template/base.py", line 167, in _render
    return self.nodelist.render(context)
           ^^^^^^^^^^^^^^^^^^^^^^^^^^^^^
  File "/srv/egarage/venv/lib/python3.12/site-packages/django/template/base.py", line 1005, in render
    return SafeString("".join([node.render_annotated(context) for node in self]))
                               ^^^^^^^^^^^^^^^^^^^^^^^^^^^^^^
  File "/srv/egarage/venv/lib/python3.12/site-packages/django/template/base.py", line 966, in render_annotated
    return self.render(context)
           ^^^^^^^^^^^^^^^^^^^^
  File "/srv/egarage/venv/lib/python3.12/site-packages/django/template/loader_tags.py", line 157, in render
    return compiled_parent._render(context)
           ^^^^^^^^^^^^^^^^^^^^^^^^^^^^^^^^
  File "/srv/egarage/venv/lib/python3.12/site-packages/django/template/base.py", line 167, in _render
    return self.nodelist.render(context)
           ^^^^^^^^^^^^^^^^^^^^^^^^^^^^^
  File "/srv/egarage/venv/lib/python3.12/site-packages/django/template/base.py", line 1005, in render
    return SafeString("".join([node.render_annotated(context) for node in self]))
                               ^^^^^^^^^^^^^^^^^^^^^^^^^^^^^^
  File "/srv/egarage/venv/lib/python3.12/site-packages/django/template/base.py", line 966, in render_annotated
    return self.render(context)
           ^^^^^^^^^^^^^^^^^^^^
  File "/srv/egarage/venv/lib/python3.12/site-packages/django/templatetags/static.py", line 116, in render
    url = self.url(context)
          ^^^^^^^^^^^^^^^^^
  File "/srv/egarage/venv/lib/python3.12/site-packages/django/templatetags/static.py", line 113, in url
    return self.handle_simple(path)
           ^^^^^^^^^^^^^^^^^^^^^^^^
  File "/srv/egarage/venv/lib/python3.12/site-packages/django/templatetags/static.py", line 129, in handle_simple
    return staticfiles_storage.url(path)
           ^^^^^^^^^^^^^^^^^^^^^^^^^^^^^
  File "/srv/egarage/venv/lib/python3.12/site-packages/django/contrib/staticfiles/storage.py", line 203, in url
    return self._url(self.stored_name, name, force)
           ^^^^^^^^^^^^^^^^^^^^^^^^^^^^^^^^^^^^^^^^
  File "/srv/egarage/venv/lib/python3.12/site-packages/django/contrib/staticfiles/storage.py", line 182, in _url
    hashed_name = hashed_name_func(*args)
                  ^^^^^^^^^^^^^^^^^^^^^^^
  File "/srv/egarage/venv/lib/python3.12/site-packages/django/contrib/staticfiles/storage.py", line 513, in stored_name
    raise ValueError(
ValueError: Missing staticfiles manifest entry for 'css/output.css'
ERROR 2026-03-12 02:21:52,795 log 627587 127920180813952 Invalid HTTP_HOST header: '159.223.200.106'. You may need to add '159.223.200.106' to ALLOWED_HOSTS.
Traceback (most recent call last):
  File "/srv/egarage/venv/lib/python3.12/site-packages/django/core/handlers/exception.py", line 55, in inner
    response = get_response(request)
               ^^^^^^^^^^^^^^^^^^^^^
  File "/srv/egarage/venv/lib/python3.12/site-packages/django/utils/deprecation.py", line 133, in __call__
    response = self.process_request(request)
               ^^^^^^^^^^^^^^^^^^^^^^^^^^^^^
  File "/srv/egarage/venv/lib/python3.12/site-packages/django/middleware/common.py", line 48, in process_request
    host = request.get_host()
           ^^^^^^^^^^^^^^^^^^
  File "/srv/egarage/venv/lib/python3.12/site-packages/django/http/request.py", line 150, in get_host
    raise DisallowedHost(msg)
django.core.exceptions.DisallowedHost: Invalid HTTP_HOST header: '159.223.200.106'. You may need to add '159.223.200.106' to ALLOWED_HOSTS.
ERROR 2026-03-12 02:23:50,477 log 627588 127920180813952 Invalid HTTP_HOST header: '159.223.200.106'. You may need to add '159.223.200.106' to ALLOWED_HOSTS.
Traceback (most recent call last):
  File "/srv/egarage/venv/lib/python3.12/site-packages/django/core/handlers/exception.py", line 55, in inner
    response = get_response(request)
               ^^^^^^^^^^^^^^^^^^^^^
  File "/srv/egarage/venv/lib/python3.12/site-packages/django/utils/deprecation.py", line 133, in __call__
    response = self.process_request(request)
               ^^^^^^^^^^^^^^^^^^^^^^^^^^^^^
  File "/srv/egarage/venv/lib/python3.12/site-packages/django/middleware/common.py", line 48, in process_request
    host = request.get_host()
           ^^^^^^^^^^^^^^^^^^
  File "/srv/egarage/venv/lib/python3.12/site-packages/django/http/request.py", line 150, in get_host
    raise DisallowedHost(msg)
django.core.exceptions.DisallowedHost: Invalid HTTP_HOST header: '159.223.200.106'. You may need to add '159.223.200.106' to ALLOWED_HOSTS.
ERROR 2026-03-12 02:34:48,805 log 627588 127920180813952 Internal Server Error: /ec/accounts/login/
Traceback (most recent call last):
  File "/srv/egarage/venv/lib/python3.12/site-packages/django/core/handlers/exception.py", line 55, in inner
    response = get_response(request)
               ^^^^^^^^^^^^^^^^^^^^^
  File "/srv/egarage/venv/lib/python3.12/site-packages/django/core/handlers/base.py", line 220, in _get_response
    response = response.render()
               ^^^^^^^^^^^^^^^^^
  File "/srv/egarage/venv/lib/python3.12/site-packages/django/template/response.py", line 114, in render
    self.content = self.rendered_content
                   ^^^^^^^^^^^^^^^^^^^^^
  File "/srv/egarage/venv/lib/python3.12/site-packages/django/template/response.py", line 92, in rendered_content
    return template.render(context, self._request)
           ^^^^^^^^^^^^^^^^^^^^^^^^^^^^^^^^^^^^^^^
  File "/srv/egarage/venv/lib/python3.12/site-packages/django/template/backends/django.py", line 61, in render
    return self.template.render(context)
           ^^^^^^^^^^^^^^^^^^^^^^^^^^^^^
  File "/srv/egarage/venv/lib/python3.12/site-packages/django/template/base.py", line 175, in render
    return self._render(context)
           ^^^^^^^^^^^^^^^^^^^^^
  File "/srv/egarage/venv/lib/python3.12/site-packages/django/template/base.py", line 167, in _render
    return self.nodelist.render(context)
           ^^^^^^^^^^^^^^^^^^^^^^^^^^^^^
  File "/srv/egarage/venv/lib/python3.12/site-packages/django/template/base.py", line 1005, in render
    return SafeString("".join([node.render_annotated(context) for node in self]))
                               ^^^^^^^^^^^^^^^^^^^^^^^^^^^^^^
  File "/srv/egarage/venv/lib/python3.12/site-packages/django/template/base.py", line 966, in render_annotated
    return self.render(context)
           ^^^^^^^^^^^^^^^^^^^^
  File "/srv/egarage/venv/lib/python3.12/site-packages/django/template/loader_tags.py", line 157, in render
    return compiled_parent._render(context)
           ^^^^^^^^^^^^^^^^^^^^^^^^^^^^^^^^
  File "/srv/egarage/venv/lib/python3.12/site-packages/django/template/base.py", line 167, in _render
    return self.nodelist.render(context)
           ^^^^^^^^^^^^^^^^^^^^^^^^^^^^^
  File "/srv/egarage/venv/lib/python3.12/site-packages/django/template/base.py", line 1005, in render
    return SafeString("".join([node.render_annotated(context) for node in self]))
                               ^^^^^^^^^^^^^^^^^^^^^^^^^^^^^^
  File "/srv/egarage/venv/lib/python3.12/site-packages/django/template/base.py", line 966, in render_annotated
    return self.render(context)
           ^^^^^^^^^^^^^^^^^^^^
  File "/srv/egarage/venv/lib/python3.12/site-packages/django/templatetags/static.py", line 116, in render
    url = self.url(context)
          ^^^^^^^^^^^^^^^^^
  File "/srv/egarage/venv/lib/python3.12/site-packages/django/templatetags/static.py", line 113, in url
    return self.handle_simple(path)
           ^^^^^^^^^^^^^^^^^^^^^^^^
  File "/srv/egarage/venv/lib/python3.12/site-packages/django/templatetags/static.py", line 129, in handle_simple
    return staticfiles_storage.url(path)
           ^^^^^^^^^^^^^^^^^^^^^^^^^^^^^
  File "/srv/egarage/venv/lib/python3.12/site-packages/django/contrib/staticfiles/storage.py", line 203, in url
    return self._url(self.stored_name, name, force)
           ^^^^^^^^^^^^^^^^^^^^^^^^^^^^^^^^^^^^^^^^
  File "/srv/egarage/venv/lib/python3.12/site-packages/django/contrib/staticfiles/storage.py", line 182, in _url
    hashed_name = hashed_name_func(*args)
                  ^^^^^^^^^^^^^^^^^^^^^^^
  File "/srv/egarage/venv/lib/python3.12/site-packages/django/contrib/staticfiles/storage.py", line 513, in stored_name
    raise ValueError(
ValueError: Missing staticfiles manifest entry for 'css/output.css'
ERROR 2026-03-12 02:40:26,446 log 627587 127920180813952 Internal Server Error: /cl/accounts/login/
Traceback (most recent call last):
  File "/srv/egarage/venv/lib/python3.12/site-packages/django/core/handlers/exception.py", line 55, in inner
    response = get_response(request)
               ^^^^^^^^^^^^^^^^^^^^^
  File "/srv/egarage/venv/lib/python3.12/site-packages/django/core/handlers/base.py", line 220, in _get_response
    response = response.render()
               ^^^^^^^^^^^^^^^^^
  File "/srv/egarage/venv/lib/python3.12/site-packages/django/template/response.py", line 114, in render
    self.content = self.rendered_content
                   ^^^^^^^^^^^^^^^^^^^^^
  File "/srv/egarage/venv/lib/python3.12/site-packages/django/template/response.py", line 92, in rendered_content
    return template.render(context, self._request)
           ^^^^^^^^^^^^^^^^^^^^^^^^^^^^^^^^^^^^^^^
  File "/srv/egarage/venv/lib/python3.12/site-packages/django/template/backends/django.py", line 61, in render
    return self.template.render(context)
           ^^^^^^^^^^^^^^^^^^^^^^^^^^^^^
  File "/srv/egarage/venv/lib/python3.12/site-packages/django/template/base.py", line 175, in render
    return self._render(context)
           ^^^^^^^^^^^^^^^^^^^^^
  File "/srv/egarage/venv/lib/python3.12/site-packages/django/template/base.py", line 167, in _render
    return self.nodelist.render(context)
           ^^^^^^^^^^^^^^^^^^^^^^^^^^^^^
  File "/srv/egarage/venv/lib/python3.12/site-packages/django/template/base.py", line 1005, in render
    return SafeString("".join([node.render_annotated(context) for node in self]))
                               ^^^^^^^^^^^^^^^^^^^^^^^^^^^^^^
  File "/srv/egarage/venv/lib/python3.12/site-packages/django/template/base.py", line 966, in render_annotated
    return self.render(context)
           ^^^^^^^^^^^^^^^^^^^^
  File "/srv/egarage/venv/lib/python3.12/site-packages/django/template/loader_tags.py", line 157, in render
    return compiled_parent._render(context)
           ^^^^^^^^^^^^^^^^^^^^^^^^^^^^^^^^
  File "/srv/egarage/venv/lib/python3.12/site-packages/django/template/base.py", line 167, in _render
    return self.nodelist.render(context)
           ^^^^^^^^^^^^^^^^^^^^^^^^^^^^^
  File "/srv/egarage/venv/lib/python3.12/site-packages/django/template/base.py", line 1005, in render
    return SafeString("".join([node.render_annotated(context) for node in self]))
                               ^^^^^^^^^^^^^^^^^^^^^^^^^^^^^^
  File "/srv/egarage/venv/lib/python3.12/site-packages/django/template/base.py", line 966, in render_annotated
    return self.render(context)
           ^^^^^^^^^^^^^^^^^^^^
  File "/srv/egarage/venv/lib/python3.12/site-packages/django/templatetags/static.py", line 116, in render
    url = self.url(context)
          ^^^^^^^^^^^^^^^^^
  File "/srv/egarage/venv/lib/python3.12/site-packages/django/templatetags/static.py", line 113, in url
    return self.handle_simple(path)
           ^^^^^^^^^^^^^^^^^^^^^^^^
  File "/srv/egarage/venv/lib/python3.12/site-packages/django/templatetags/static.py", line 129, in handle_simple
    return staticfiles_storage.url(path)
           ^^^^^^^^^^^^^^^^^^^^^^^^^^^^^
  File "/srv/egarage/venv/lib/python3.12/site-packages/django/contrib/staticfiles/storage.py", line 203, in url
    return self._url(self.stored_name, name, force)
           ^^^^^^^^^^^^^^^^^^^^^^^^^^^^^^^^^^^^^^^^
  File "/srv/egarage/venv/lib/python3.12/site-packages/django/contrib/staticfiles/storage.py", line 182, in _url
    hashed_name = hashed_name_func(*args)
                  ^^^^^^^^^^^^^^^^^^^^^^^
  File "/srv/egarage/venv/lib/python3.12/site-packages/django/contrib/staticfiles/storage.py", line 513, in stored_name
    raise ValueError(
ValueError: Missing staticfiles manifest entry for 'css/output.css'
ERROR 2026-03-12 02:52:39,659 log 627588 127920180813952 Invalid HTTP_HOST header: '159.223.200.106'. You may need to add '159.223.200.106' to ALLOWED_HOSTS.
Traceback (most recent call last):
  File "/srv/egarage/venv/lib/python3.12/site-packages/django/core/handlers/exception.py", line 55, in inner
    response = get_response(request)
               ^^^^^^^^^^^^^^^^^^^^^
  File "/srv/egarage/venv/lib/python3.12/site-packages/django/utils/deprecation.py", line 133, in __call__
    response = self.process_request(request)
               ^^^^^^^^^^^^^^^^^^^^^^^^^^^^^
  File "/srv/egarage/venv/lib/python3.12/site-packages/django/middleware/common.py", line 48, in process_request
    host = request.get_host()
           ^^^^^^^^^^^^^^^^^^
  File "/srv/egarage/venv/lib/python3.12/site-packages/django/http/request.py", line 150, in get_host
    raise DisallowedHost(msg)
django.core.exceptions.DisallowedHost: Invalid HTTP_HOST header: '159.223.200.106'. You may need to add '159.223.200.106' to ALLOWED_HOSTS.
ERROR 2026-03-12 02:52:40,960 log 627587 127920180813952 Invalid HTTP_HOST header: '159.223.200.106'. You may need to add '159.223.200.106' to ALLOWED_HOSTS.
Traceback (most recent call last):
  File "/srv/egarage/venv/lib/python3.12/site-packages/django/core/handlers/exception.py", line 55, in inner
    response = get_response(request)
               ^^^^^^^^^^^^^^^^^^^^^
  File "/srv/egarage/venv/lib/python3.12/site-packages/django/utils/deprecation.py", line 133, in __call__
    response = self.process_request(request)
               ^^^^^^^^^^^^^^^^^^^^^^^^^^^^^
  File "/srv/egarage/venv/lib/python3.12/site-packages/django/middleware/common.py", line 48, in process_request
    host = request.get_host()
           ^^^^^^^^^^^^^^^^^^
  File "/srv/egarage/venv/lib/python3.12/site-packages/django/http/request.py", line 150, in get_host
    raise DisallowedHost(msg)
django.core.exceptions.DisallowedHost: Invalid HTTP_HOST header: '159.223.200.106'. You may need to add '159.223.200.106' to ALLOWED_HOSTS.
ERROR 2026-03-12 02:52:41,416 log 627588 127920180813952 Invalid HTTP_HOST header: '159.223.200.106'. You may need to add '159.223.200.106' to ALLOWED_HOSTS.
Traceback (most recent call last):
  File "/srv/egarage/venv/lib/python3.12/site-packages/django/core/handlers/exception.py", line 55, in inner
    response = get_response(request)
               ^^^^^^^^^^^^^^^^^^^^^
  File "/srv/egarage/venv/lib/python3.12/site-packages/django/utils/deprecation.py", line 133, in __call__
    response = self.process_request(request)
               ^^^^^^^^^^^^^^^^^^^^^^^^^^^^^
  File "/srv/egarage/venv/lib/python3.12/site-packages/django/middleware/common.py", line 48, in process_request
    host = request.get_host()
           ^^^^^^^^^^^^^^^^^^
  File "/srv/egarage/venv/lib/python3.12/site-packages/django/http/request.py", line 150, in get_host
    raise DisallowedHost(msg)
django.core.exceptions.DisallowedHost: Invalid HTTP_HOST header: '159.223.200.106'. You may need to add '159.223.200.106' to ALLOWED_HOSTS.
ERROR 2026-03-12 02:52:41,944 log 627587 127920180813952 Invalid HTTP_HOST header: '159.223.200.106'. You may need to add '159.223.200.106' to ALLOWED_HOSTS.
Traceback (most recent call last):
  File "/srv/egarage/venv/lib/python3.12/site-packages/django/core/handlers/exception.py", line 55, in inner
    response = get_response(request)
               ^^^^^^^^^^^^^^^^^^^^^
  File "/srv/egarage/venv/lib/python3.12/site-packages/django/utils/deprecation.py", line 133, in __call__
    response = self.process_request(request)
               ^^^^^^^^^^^^^^^^^^^^^^^^^^^^^
  File "/srv/egarage/venv/lib/python3.12/site-packages/django/middleware/common.py", line 48, in process_request
    host = request.get_host()
           ^^^^^^^^^^^^^^^^^^
  File "/srv/egarage/venv/lib/python3.12/site-packages/django/http/request.py", line 150, in get_host
    raise DisallowedHost(msg)
django.core.exceptions.DisallowedHost: Invalid HTTP_HOST header: '159.223.200.106'. You may need to add '159.223.200.106' to ALLOWED_HOSTS.
ERROR 2026-03-12 02:52:42,348 log 627587 127920180813952 Invalid HTTP_HOST header: '159.223.200.106'. You may need to add '159.223.200.106' to ALLOWED_HOSTS.
Traceback (most recent call last):
  File "/srv/egarage/venv/lib/python3.12/site-packages/django/core/handlers/exception.py", line 55, in inner
    response = get_response(request)
               ^^^^^^^^^^^^^^^^^^^^^
  File "/srv/egarage/venv/lib/python3.12/site-packages/django/utils/deprecation.py", line 133, in __call__
    response = self.process_request(request)
               ^^^^^^^^^^^^^^^^^^^^^^^^^^^^^
  File "/srv/egarage/venv/lib/python3.12/site-packages/django/middleware/common.py", line 48, in process_request
    host = request.get_host()
           ^^^^^^^^^^^^^^^^^^
  File "/srv/egarage/venv/lib/python3.12/site-packages/django/http/request.py", line 150, in get_host
    raise DisallowedHost(msg)
django.core.exceptions.DisallowedHost: Invalid HTTP_HOST header: '159.223.200.106'. You may need to add '159.223.200.106' to ALLOWED_HOSTS.
ERROR 2026-03-12 02:52:43,416 log 627588 127920180813952 Invalid HTTP_HOST header: '159.223.200.106'. You may need to add '159.223.200.106' to ALLOWED_HOSTS.
Traceback (most recent call last):
  File "/srv/egarage/venv/lib/python3.12/site-packages/django/core/handlers/exception.py", line 55, in inner
    response = get_response(request)
               ^^^^^^^^^^^^^^^^^^^^^
  File "/srv/egarage/venv/lib/python3.12/site-packages/django/utils/deprecation.py", line 133, in __call__
    response = self.process_request(request)
               ^^^^^^^^^^^^^^^^^^^^^^^^^^^^^
  File "/srv/egarage/venv/lib/python3.12/site-packages/django/middleware/common.py", line 48, in process_request
    host = request.get_host()
           ^^^^^^^^^^^^^^^^^^
  File "/srv/egarage/venv/lib/python3.12/site-packages/django/http/request.py", line 150, in get_host
    raise DisallowedHost(msg)
django.core.exceptions.DisallowedHost: Invalid HTTP_HOST header: '159.223.200.106'. You may need to add '159.223.200.106' to ALLOWED_HOSTS.
ERROR 2026-03-12 02:52:44,564 log 627587 127920180813952 Invalid HTTP_HOST header: '159.223.200.106'. You may need to add '159.223.200.106' to ALLOWED_HOSTS.
Traceback (most recent call last):
  File "/srv/egarage/venv/lib/python3.12/site-packages/django/core/handlers/exception.py", line 55, in inner
    response = get_response(request)
               ^^^^^^^^^^^^^^^^^^^^^
  File "/srv/egarage/venv/lib/python3.12/site-packages/django/utils/deprecation.py", line 133, in __call__
    response = self.process_request(request)
               ^^^^^^^^^^^^^^^^^^^^^^^^^^^^^
  File "/srv/egarage/venv/lib/python3.12/site-packages/django/middleware/common.py", line 48, in process_request
    host = request.get_host()
           ^^^^^^^^^^^^^^^^^^
  File "/srv/egarage/venv/lib/python3.12/site-packages/django/http/request.py", line 150, in get_host
    raise DisallowedHost(msg)
django.core.exceptions.DisallowedHost: Invalid HTTP_HOST header: '159.223.200.106'. You may need to add '159.223.200.106' to ALLOWED_HOSTS.
ERROR 2026-03-12 02:52:45,047 log 627587 127920180813952 Invalid HTTP_HOST header: '159.223.200.106'. You may need to add '159.223.200.106' to ALLOWED_HOSTS.
Traceback (most recent call last):
  File "/srv/egarage/venv/lib/python3.12/site-packages/django/core/handlers/exception.py", line 55, in inner
    response = get_response(request)
               ^^^^^^^^^^^^^^^^^^^^^
  File "/srv/egarage/venv/lib/python3.12/site-packages/django/utils/deprecation.py", line 133, in __call__
    response = self.process_request(request)
               ^^^^^^^^^^^^^^^^^^^^^^^^^^^^^
  File "/srv/egarage/venv/lib/python3.12/site-packages/django/middleware/common.py", line 48, in process_request
    host = request.get_host()
           ^^^^^^^^^^^^^^^^^^
  File "/srv/egarage/venv/lib/python3.12/site-packages/django/http/request.py", line 150, in get_host
    raise DisallowedHost(msg)
django.core.exceptions.DisallowedHost: Invalid HTTP_HOST header: '159.223.200.106'. You may need to add '159.223.200.106' to ALLOWED_HOSTS.
ERROR 2026-03-12 02:52:45,983 log 627588 127920180813952 Invalid HTTP_HOST header: '159.223.200.106'. You may need to add '159.223.200.106' to ALLOWED_HOSTS.
Traceback (most recent call last):
  File "/srv/egarage/venv/lib/python3.12/site-packages/django/core/handlers/exception.py", line 55, in inner
    response = get_response(request)
               ^^^^^^^^^^^^^^^^^^^^^
  File "/srv/egarage/venv/lib/python3.12/site-packages/django/utils/deprecation.py", line 133, in __call__
    response = self.process_request(request)
               ^^^^^^^^^^^^^^^^^^^^^^^^^^^^^
  File "/srv/egarage/venv/lib/python3.12/site-packages/django/middleware/common.py", line 48, in process_request
    host = request.get_host()
           ^^^^^^^^^^^^^^^^^^
  File "/srv/egarage/venv/lib/python3.12/site-packages/django/http/request.py", line 150, in get_host
    raise DisallowedHost(msg)
django.core.exceptions.DisallowedHost: Invalid HTTP_HOST header: '159.223.200.106'. You may need to add '159.223.200.106' to ALLOWED_HOSTS.
ERROR 2026-03-12 02:52:46,414 log 627588 127920180813952 Invalid HTTP_HOST header: '159.223.200.106'. You may need to add '159.223.200.106' to ALLOWED_HOSTS.
Traceback (most recent call last):
  File "/srv/egarage/venv/lib/python3.12/site-packages/django/core/handlers/exception.py", line 55, in inner
    response = get_response(request)
               ^^^^^^^^^^^^^^^^^^^^^
  File "/srv/egarage/venv/lib/python3.12/site-packages/django/utils/deprecation.py", line 133, in __call__
    response = self.process_request(request)
               ^^^^^^^^^^^^^^^^^^^^^^^^^^^^^
  File "/srv/egarage/venv/lib/python3.12/site-packages/django/middleware/common.py", line 48, in process_request
    host = request.get_host()
           ^^^^^^^^^^^^^^^^^^
  File "/srv/egarage/venv/lib/python3.12/site-packages/django/http/request.py", line 150, in get_host
    raise DisallowedHost(msg)
django.core.exceptions.DisallowedHost: Invalid HTTP_HOST header: '159.223.200.106'. You may need to add '159.223.200.106' to ALLOWED_HOSTS.
ERROR 2026-03-12 02:52:47,441 log 627587 127920180813952 Invalid HTTP_HOST header: '159.223.200.106'. You may need to add '159.223.200.106' to ALLOWED_HOSTS.
Traceback (most recent call last):
  File "/srv/egarage/venv/lib/python3.12/site-packages/django/core/handlers/exception.py", line 55, in inner
    response = get_response(request)
               ^^^^^^^^^^^^^^^^^^^^^
  File "/srv/egarage/venv/lib/python3.12/site-packages/django/utils/deprecation.py", line 133, in __call__
    response = self.process_request(request)
               ^^^^^^^^^^^^^^^^^^^^^^^^^^^^^
  File "/srv/egarage/venv/lib/python3.12/site-packages/django/middleware/common.py", line 48, in process_request
    host = request.get_host()
           ^^^^^^^^^^^^^^^^^^
  File "/srv/egarage/venv/lib/python3.12/site-packages/django/http/request.py", line 150, in get_host
    raise DisallowedHost(msg)
django.core.exceptions.DisallowedHost: Invalid HTTP_HOST header: '159.223.200.106'. You may need to add '159.223.200.106' to ALLOWED_HOSTS.
ERROR 2026-03-12 02:52:48,481 log 627587 127920180813952 Invalid HTTP_HOST header: '159.223.200.106'. You may need to add '159.223.200.106' to ALLOWED_HOSTS.
Traceback (most recent call last):
  File "/srv/egarage/venv/lib/python3.12/site-packages/django/core/handlers/exception.py", line 55, in inner
    response = get_response(request)
               ^^^^^^^^^^^^^^^^^^^^^
  File "/srv/egarage/venv/lib/python3.12/site-packages/django/utils/deprecation.py", line 133, in __call__
    response = self.process_request(request)
               ^^^^^^^^^^^^^^^^^^^^^^^^^^^^^
  File "/srv/egarage/venv/lib/python3.12/site-packages/django/middleware/common.py", line 48, in process_request
    host = request.get_host()
           ^^^^^^^^^^^^^^^^^^
  File "/srv/egarage/venv/lib/python3.12/site-packages/django/http/request.py", line 150, in get_host
    raise DisallowedHost(msg)
django.core.exceptions.DisallowedHost: Invalid HTTP_HOST header: '159.223.200.106'. You may need to add '159.223.200.106' to ALLOWED_HOSTS.
ERROR 2026-03-12 02:52:48,894 log 627588 127920180813952 Invalid HTTP_HOST header: '159.223.200.106'. You may need to add '159.223.200.106' to ALLOWED_HOSTS.
Traceback (most recent call last):
  File "/srv/egarage/venv/lib/python3.12/site-packages/django/core/handlers/exception.py", line 55, in inner
    response = get_response(request)
               ^^^^^^^^^^^^^^^^^^^^^
  File "/srv/egarage/venv/lib/python3.12/site-packages/django/utils/deprecation.py", line 133, in __call__
    response = self.process_request(request)
               ^^^^^^^^^^^^^^^^^^^^^^^^^^^^^
  File "/srv/egarage/venv/lib/python3.12/site-packages/django/middleware/common.py", line 48, in process_request
    host = request.get_host()
           ^^^^^^^^^^^^^^^^^^
  File "/srv/egarage/venv/lib/python3.12/site-packages/django/http/request.py", line 150, in get_host
    raise DisallowedHost(msg)
django.core.exceptions.DisallowedHost: Invalid HTTP_HOST header: '159.223.200.106'. You may need to add '159.223.200.106' to ALLOWED_HOSTS.
ERROR 2026-03-12 02:52:49,221 log 627588 127920180813952 Invalid HTTP_HOST header: '159.223.200.106'. You may need to add '159.223.200.106' to ALLOWED_HOSTS.
Traceback (most recent call last):
  File "/srv/egarage/venv/lib/python3.12/site-packages/django/core/handlers/exception.py", line 55, in inner
    response = get_response(request)
               ^^^^^^^^^^^^^^^^^^^^^
  File "/srv/egarage/venv/lib/python3.12/site-packages/django/utils/deprecation.py", line 133, in __call__
    response = self.process_request(request)
               ^^^^^^^^^^^^^^^^^^^^^^^^^^^^^
  File "/srv/egarage/venv/lib/python3.12/site-packages/django/middleware/common.py", line 48, in process_request
    host = request.get_host()
           ^^^^^^^^^^^^^^^^^^
  File "/srv/egarage/venv/lib/python3.12/site-packages/django/http/request.py", line 150, in get_host
    raise DisallowedHost(msg)
django.core.exceptions.DisallowedHost: Invalid HTTP_HOST header: '159.223.200.106'. You may need to add '159.223.200.106' to ALLOWED_HOSTS.
ERROR 2026-03-12 02:52:49,721 log 627587 127920180813952 Invalid HTTP_HOST header: '159.223.200.106'. You may need to add '159.223.200.106' to ALLOWED_HOSTS.
Traceback (most recent call last):
  File "/srv/egarage/venv/lib/python3.12/site-packages/django/core/handlers/exception.py", line 55, in inner
    response = get_response(request)
               ^^^^^^^^^^^^^^^^^^^^^
  File "/srv/egarage/venv/lib/python3.12/site-packages/django/utils/deprecation.py", line 133, in __call__
    response = self.process_request(request)
               ^^^^^^^^^^^^^^^^^^^^^^^^^^^^^
  File "/srv/egarage/venv/lib/python3.12/site-packages/django/middleware/common.py", line 48, in process_request
    host = request.get_host()
           ^^^^^^^^^^^^^^^^^^
  File "/srv/egarage/venv/lib/python3.12/site-packages/django/http/request.py", line 150, in get_host
    raise DisallowedHost(msg)
django.core.exceptions.DisallowedHost: Invalid HTTP_HOST header: '159.223.200.106'. You may need to add '159.223.200.106' to ALLOWED_HOSTS.
ERROR 2026-03-12 02:52:50,330 log 627587 127920180813952 Invalid HTTP_HOST header: '159.223.200.106'. You may need to add '159.223.200.106' to ALLOWED_HOSTS.
Traceback (most recent call last):
  File "/srv/egarage/venv/lib/python3.12/site-packages/django/core/handlers/exception.py", line 55, in inner
    response = get_response(request)
               ^^^^^^^^^^^^^^^^^^^^^
  File "/srv/egarage/venv/lib/python3.12/site-packages/django/utils/deprecation.py", line 133, in __call__
    response = self.process_request(request)
               ^^^^^^^^^^^^^^^^^^^^^^^^^^^^^
  File "/srv/egarage/venv/lib/python3.12/site-packages/django/middleware/common.py", line 48, in process_request
    host = request.get_host()
           ^^^^^^^^^^^^^^^^^^
  File "/srv/egarage/venv/lib/python3.12/site-packages/django/http/request.py", line 150, in get_host
    raise DisallowedHost(msg)
django.core.exceptions.DisallowedHost: Invalid HTTP_HOST header: '159.223.200.106'. You may need to add '159.223.200.106' to ALLOWED_HOSTS.
ERROR 2026-03-12 02:52:50,765 log 627588 127920180813952 Invalid HTTP_HOST header: '159.223.200.106'. You may need to add '159.223.200.106' to ALLOWED_HOSTS.
Traceback (most recent call last):
  File "/srv/egarage/venv/lib/python3.12/site-packages/django/core/handlers/exception.py", line 55, in inner
    response = get_response(request)
               ^^^^^^^^^^^^^^^^^^^^^
  File "/srv/egarage/venv/lib/python3.12/site-packages/django/utils/deprecation.py", line 133, in __call__
    response = self.process_request(request)
               ^^^^^^^^^^^^^^^^^^^^^^^^^^^^^
  File "/srv/egarage/venv/lib/python3.12/site-packages/django/middleware/common.py", line 48, in process_request
    host = request.get_host()
           ^^^^^^^^^^^^^^^^^^
  File "/srv/egarage/venv/lib/python3.12/site-packages/django/http/request.py", line 150, in get_host
    raise DisallowedHost(msg)
django.core.exceptions.DisallowedHost: Invalid HTTP_HOST header: '159.223.200.106'. You may need to add '159.223.200.106' to ALLOWED_HOSTS.
ERROR 2026-03-12 02:52:52,263 log 627588 127920180813952 Invalid HTTP_HOST header: '159.223.200.106'. You may need to add '159.223.200.106' to ALLOWED_HOSTS.
Traceback (most recent call last):
  File "/srv/egarage/venv/lib/python3.12/site-packages/django/core/handlers/exception.py", line 55, in inner
    response = get_response(request)
               ^^^^^^^^^^^^^^^^^^^^^
  File "/srv/egarage/venv/lib/python3.12/site-packages/django/utils/deprecation.py", line 133, in __call__
    response = self.process_request(request)
               ^^^^^^^^^^^^^^^^^^^^^^^^^^^^^
  File "/srv/egarage/venv/lib/python3.12/site-packages/django/middleware/common.py", line 48, in process_request
    host = request.get_host()
           ^^^^^^^^^^^^^^^^^^
  File "/srv/egarage/venv/lib/python3.12/site-packages/django/http/request.py", line 150, in get_host
    raise DisallowedHost(msg)
django.core.exceptions.DisallowedHost: Invalid HTTP_HOST header: '159.223.200.106'. You may need to add '159.223.200.106' to ALLOWED_HOSTS.
ERROR 2026-03-12 02:52:52,643 log 627587 127920180813952 Invalid HTTP_HOST header: '159.223.200.106'. You may need to add '159.223.200.106' to ALLOWED_HOSTS.
Traceback (most recent call last):
  File "/srv/egarage/venv/lib/python3.12/site-packages/django/core/handlers/exception.py", line 55, in inner
    response = get_response(request)
               ^^^^^^^^^^^^^^^^^^^^^
  File "/srv/egarage/venv/lib/python3.12/site-packages/django/utils/deprecation.py", line 133, in __call__
    response = self.process_request(request)
               ^^^^^^^^^^^^^^^^^^^^^^^^^^^^^
  File "/srv/egarage/venv/lib/python3.12/site-packages/django/middleware/common.py", line 48, in process_request
    host = request.get_host()
           ^^^^^^^^^^^^^^^^^^
  File "/srv/egarage/venv/lib/python3.12/site-packages/django/http/request.py", line 150, in get_host
    raise DisallowedHost(msg)
django.core.exceptions.DisallowedHost: Invalid HTTP_HOST header: '159.223.200.106'. You may need to add '159.223.200.106' to ALLOWED_HOSTS.
ERROR 2026-03-12 02:52:53,248 log 627588 127920180813952 Invalid HTTP_HOST header: '159.223.200.106'. You may need to add '159.223.200.106' to ALLOWED_HOSTS.
Traceback (most recent call last):
  File "/srv/egarage/venv/lib/python3.12/site-packages/django/core/handlers/exception.py", line 55, in inner
    response = get_response(request)
               ^^^^^^^^^^^^^^^^^^^^^
  File "/srv/egarage/venv/lib/python3.12/site-packages/django/utils/deprecation.py", line 133, in __call__
    response = self.process_request(request)
               ^^^^^^^^^^^^^^^^^^^^^^^^^^^^^
  File "/srv/egarage/venv/lib/python3.12/site-packages/django/middleware/common.py", line 48, in process_request
    host = request.get_host()
           ^^^^^^^^^^^^^^^^^^
  File "/srv/egarage/venv/lib/python3.12/site-packages/django/http/request.py", line 150, in get_host
    raise DisallowedHost(msg)
django.core.exceptions.DisallowedHost: Invalid HTTP_HOST header: '159.223.200.106'. You may need to add '159.223.200.106' to ALLOWED_HOSTS.
ERROR 2026-03-12 02:52:53,748 log 627588 127920180813952 Invalid HTTP_HOST header: '159.223.200.106'. You may need to add '159.223.200.106' to ALLOWED_HOSTS.
Traceback (most recent call last):
  File "/srv/egarage/venv/lib/python3.12/site-packages/django/core/handlers/exception.py", line 55, in inner
    response = get_response(request)
               ^^^^^^^^^^^^^^^^^^^^^
  File "/srv/egarage/venv/lib/python3.12/site-packages/django/utils/deprecation.py", line 133, in __call__
    response = self.process_request(request)
               ^^^^^^^^^^^^^^^^^^^^^^^^^^^^^
  File "/srv/egarage/venv/lib/python3.12/site-packages/django/middleware/common.py", line 48, in process_request
    host = request.get_host()
           ^^^^^^^^^^^^^^^^^^
  File "/srv/egarage/venv/lib/python3.12/site-packages/django/http/request.py", line 150, in get_host
    raise DisallowedHost(msg)
django.core.exceptions.DisallowedHost: Invalid HTTP_HOST header: '159.223.200.106'. You may need to add '159.223.200.106' to ALLOWED_HOSTS.
ERROR 2026-03-12 02:52:54,174 log 627587 127920180813952 Invalid HTTP_HOST header: '159.223.200.106'. You may need to add '159.223.200.106' to ALLOWED_HOSTS.
Traceback (most recent call last):
  File "/srv/egarage/venv/lib/python3.12/site-packages/django/core/handlers/exception.py", line 55, in inner
    response = get_response(request)
               ^^^^^^^^^^^^^^^^^^^^^
  File "/srv/egarage/venv/lib/python3.12/site-packages/django/utils/deprecation.py", line 133, in __call__
    response = self.process_request(request)
               ^^^^^^^^^^^^^^^^^^^^^^^^^^^^^
  File "/srv/egarage/venv/lib/python3.12/site-packages/django/middleware/common.py", line 48, in process_request
    host = request.get_host()
           ^^^^^^^^^^^^^^^^^^
  File "/srv/egarage/venv/lib/python3.12/site-packages/django/http/request.py", line 150, in get_host
    raise DisallowedHost(msg)
django.core.exceptions.DisallowedHost: Invalid HTTP_HOST header: '159.223.200.106'. You may need to add '159.223.200.106' to ALLOWED_HOSTS.
ERROR 2026-03-12 02:52:54,552 log 627588 127920180813952 Invalid HTTP_HOST header: '159.223.200.106'. You may need to add '159.223.200.106' to ALLOWED_HOSTS.
Traceback (most recent call last):
  File "/srv/egarage/venv/lib/python3.12/site-packages/django/core/handlers/exception.py", line 55, in inner
    response = get_response(request)
               ^^^^^^^^^^^^^^^^^^^^^
  File "/srv/egarage/venv/lib/python3.12/site-packages/django/utils/deprecation.py", line 133, in __call__
    response = self.process_request(request)
               ^^^^^^^^^^^^^^^^^^^^^^^^^^^^^
  File "/srv/egarage/venv/lib/python3.12/site-packages/django/middleware/common.py", line 48, in process_request
    host = request.get_host()
           ^^^^^^^^^^^^^^^^^^
  File "/srv/egarage/venv/lib/python3.12/site-packages/django/http/request.py", line 150, in get_host
    raise DisallowedHost(msg)
django.core.exceptions.DisallowedHost: Invalid HTTP_HOST header: '159.223.200.106'. You may need to add '159.223.200.106' to ALLOWED_HOSTS.
ERROR 2026-03-12 02:52:55,076 log 627587 127920180813952 Invalid HTTP_HOST header: '159.223.200.106'. You may need to add '159.223.200.106' to ALLOWED_HOSTS.
Traceback (most recent call last):
  File "/srv/egarage/venv/lib/python3.12/site-packages/django/core/handlers/exception.py", line 55, in inner
    response = get_response(request)
               ^^^^^^^^^^^^^^^^^^^^^
  File "/srv/egarage/venv/lib/python3.12/site-packages/django/utils/deprecation.py", line 133, in __call__
    response = self.process_request(request)
               ^^^^^^^^^^^^^^^^^^^^^^^^^^^^^
  File "/srv/egarage/venv/lib/python3.12/site-packages/django/middleware/common.py", line 48, in process_request
    host = request.get_host()
           ^^^^^^^^^^^^^^^^^^
  File "/srv/egarage/venv/lib/python3.12/site-packages/django/http/request.py", line 150, in get_host
    raise DisallowedHost(msg)
django.core.exceptions.DisallowedHost: Invalid HTTP_HOST header: '159.223.200.106'. You may need to add '159.223.200.106' to ALLOWED_HOSTS.
ERROR 2026-03-12 02:52:55,803 log 627587 127920180813952 Invalid HTTP_HOST header: '159.223.200.106'. You may need to add '159.223.200.106' to ALLOWED_HOSTS.
Traceback (most recent call last):
  File "/srv/egarage/venv/lib/python3.12/site-packages/django/core/handlers/exception.py", line 55, in inner
    response = get_response(request)
               ^^^^^^^^^^^^^^^^^^^^^
  File "/srv/egarage/venv/lib/python3.12/site-packages/django/utils/deprecation.py", line 133, in __call__
    response = self.process_request(request)
               ^^^^^^^^^^^^^^^^^^^^^^^^^^^^^
  File "/srv/egarage/venv/lib/python3.12/site-packages/django/middleware/common.py", line 48, in process_request
    host = request.get_host()
           ^^^^^^^^^^^^^^^^^^
  File "/srv/egarage/venv/lib/python3.12/site-packages/django/http/request.py", line 150, in get_host
    raise DisallowedHost(msg)
django.core.exceptions.DisallowedHost: Invalid HTTP_HOST header: '159.223.200.106'. You may need to add '159.223.200.106' to ALLOWED_HOSTS.
ERROR 2026-03-12 02:52:56,284 log 627588 127920180813952 Invalid HTTP_HOST header: '159.223.200.106'. You may need to add '159.223.200.106' to ALLOWED_HOSTS.
Traceback (most recent call last):
  File "/srv/egarage/venv/lib/python3.12/site-packages/django/core/handlers/exception.py", line 55, in inner
    response = get_response(request)
               ^^^^^^^^^^^^^^^^^^^^^
  File "/srv/egarage/venv/lib/python3.12/site-packages/django/utils/deprecation.py", line 133, in __call__
    response = self.process_request(request)
               ^^^^^^^^^^^^^^^^^^^^^^^^^^^^^
  File "/srv/egarage/venv/lib/python3.12/site-packages/django/middleware/common.py", line 48, in process_request
    host = request.get_host()
           ^^^^^^^^^^^^^^^^^^
  File "/srv/egarage/venv/lib/python3.12/site-packages/django/http/request.py", line 150, in get_host
    raise DisallowedHost(msg)
django.core.exceptions.DisallowedHost: Invalid HTTP_HOST header: '159.223.200.106'. You may need to add '159.223.200.106' to ALLOWED_HOSTS.
ERROR 2026-03-12 02:52:57,078 log 627587 127920180813952 Invalid HTTP_HOST header: '159.223.200.106'. You may need to add '159.223.200.106' to ALLOWED_HOSTS.
Traceback (most recent call last):
  File "/srv/egarage/venv/lib/python3.12/site-packages/django/core/handlers/exception.py", line 55, in inner
    response = get_response(request)
               ^^^^^^^^^^^^^^^^^^^^^
  File "/srv/egarage/venv/lib/python3.12/site-packages/django/utils/deprecation.py", line 133, in __call__
    response = self.process_request(request)
               ^^^^^^^^^^^^^^^^^^^^^^^^^^^^^
  File "/srv/egarage/venv/lib/python3.12/site-packages/django/middleware/common.py", line 48, in process_request
    host = request.get_host()
           ^^^^^^^^^^^^^^^^^^
  File "/srv/egarage/venv/lib/python3.12/site-packages/django/http/request.py", line 150, in get_host
    raise DisallowedHost(msg)
django.core.exceptions.DisallowedHost: Invalid HTTP_HOST header: '159.223.200.106'. You may need to add '159.223.200.106' to ALLOWED_HOSTS.
ERROR 2026-03-12 02:52:57,652 log 627587 127920180813952 Invalid HTTP_HOST header: '159.223.200.106'. You may need to add '159.223.200.106' to ALLOWED_HOSTS.
Traceback (most recent call last):
  File "/srv/egarage/venv/lib/python3.12/site-packages/django/core/handlers/exception.py", line 55, in inner
    response = get_response(request)
               ^^^^^^^^^^^^^^^^^^^^^
  File "/srv/egarage/venv/lib/python3.12/site-packages/django/utils/deprecation.py", line 133, in __call__
    response = self.process_request(request)
               ^^^^^^^^^^^^^^^^^^^^^^^^^^^^^
  File "/srv/egarage/venv/lib/python3.12/site-packages/django/middleware/common.py", line 48, in process_request
    host = request.get_host()
           ^^^^^^^^^^^^^^^^^^
  File "/srv/egarage/venv/lib/python3.12/site-packages/django/http/request.py", line 150, in get_host
    raise DisallowedHost(msg)
django.core.exceptions.DisallowedHost: Invalid HTTP_HOST header: '159.223.200.106'. You may need to add '159.223.200.106' to ALLOWED_HOSTS.
ERROR 2026-03-12 02:52:58,182 log 627588 127920180813952 Invalid HTTP_HOST header: '159.223.200.106'. You may need to add '159.223.200.106' to ALLOWED_HOSTS.
Traceback (most recent call last):
  File "/srv/egarage/venv/lib/python3.12/site-packages/django/core/handlers/exception.py", line 55, in inner
    response = get_response(request)
               ^^^^^^^^^^^^^^^^^^^^^
  File "/srv/egarage/venv/lib/python3.12/site-packages/django/utils/deprecation.py", line 133, in __call__
    response = self.process_request(request)
               ^^^^^^^^^^^^^^^^^^^^^^^^^^^^^
  File "/srv/egarage/venv/lib/python3.12/site-packages/django/middleware/common.py", line 48, in process_request
    host = request.get_host()
           ^^^^^^^^^^^^^^^^^^
  File "/srv/egarage/venv/lib/python3.12/site-packages/django/http/request.py", line 150, in get_host
    raise DisallowedHost(msg)
django.core.exceptions.DisallowedHost: Invalid HTTP_HOST header: '159.223.200.106'. You may need to add '159.223.200.106' to ALLOWED_HOSTS.
ERROR 2026-03-12 02:52:58,576 log 627588 127920180813952 Invalid HTTP_HOST header: '159.223.200.106'. You may need to add '159.223.200.106' to ALLOWED_HOSTS.
Traceback (most recent call last):
  File "/srv/egarage/venv/lib/python3.12/site-packages/django/core/handlers/exception.py", line 55, in inner
    response = get_response(request)
               ^^^^^^^^^^^^^^^^^^^^^
  File "/srv/egarage/venv/lib/python3.12/site-packages/django/utils/deprecation.py", line 133, in __call__
    response = self.process_request(request)
               ^^^^^^^^^^^^^^^^^^^^^^^^^^^^^
  File "/srv/egarage/venv/lib/python3.12/site-packages/django/middleware/common.py", line 48, in process_request
    host = request.get_host()
           ^^^^^^^^^^^^^^^^^^
  File "/srv/egarage/venv/lib/python3.12/site-packages/django/http/request.py", line 150, in get_host
    raise DisallowedHost(msg)
django.core.exceptions.DisallowedHost: Invalid HTTP_HOST header: '159.223.200.106'. You may need to add '159.223.200.106' to ALLOWED_HOSTS.
ERROR 2026-03-12 02:52:59,031 log 627587 127920180813952 Invalid HTTP_HOST header: '159.223.200.106'. You may need to add '159.223.200.106' to ALLOWED_HOSTS.
Traceback (most recent call last):
  File "/srv/egarage/venv/lib/python3.12/site-packages/django/core/handlers/exception.py", line 55, in inner
    response = get_response(request)
               ^^^^^^^^^^^^^^^^^^^^^
  File "/srv/egarage/venv/lib/python3.12/site-packages/django/utils/deprecation.py", line 133, in __call__
    response = self.process_request(request)
               ^^^^^^^^^^^^^^^^^^^^^^^^^^^^^
  File "/srv/egarage/venv/lib/python3.12/site-packages/django/middleware/common.py", line 48, in process_request
    host = request.get_host()
           ^^^^^^^^^^^^^^^^^^
  File "/srv/egarage/venv/lib/python3.12/site-packages/django/http/request.py", line 150, in get_host
    raise DisallowedHost(msg)
django.core.exceptions.DisallowedHost: Invalid HTTP_HOST header: '159.223.200.106'. You may need to add '159.223.200.106' to ALLOWED_HOSTS.
ERROR 2026-03-12 02:52:59,629 log 627587 127920180813952 Invalid HTTP_HOST header: '159.223.200.106'. You may need to add '159.223.200.106' to ALLOWED_HOSTS.
Traceback (most recent call last):
  File "/srv/egarage/venv/lib/python3.12/site-packages/django/core/handlers/exception.py", line 55, in inner
    response = get_response(request)
               ^^^^^^^^^^^^^^^^^^^^^
  File "/srv/egarage/venv/lib/python3.12/site-packages/django/utils/deprecation.py", line 133, in __call__
    response = self.process_request(request)
               ^^^^^^^^^^^^^^^^^^^^^^^^^^^^^
  File "/srv/egarage/venv/lib/python3.12/site-packages/django/middleware/common.py", line 48, in process_request
    host = request.get_host()
           ^^^^^^^^^^^^^^^^^^
  File "/srv/egarage/venv/lib/python3.12/site-packages/django/http/request.py", line 150, in get_host
    raise DisallowedHost(msg)
django.core.exceptions.DisallowedHost: Invalid HTTP_HOST header: '159.223.200.106'. You may need to add '159.223.200.106' to ALLOWED_HOSTS.
ERROR 2026-03-12 02:53:00,648 log 627588 127920180813952 Invalid HTTP_HOST header: '159.223.200.106'. You may need to add '159.223.200.106' to ALLOWED_HOSTS.
Traceback (most recent call last):
  File "/srv/egarage/venv/lib/python3.12/site-packages/django/core/handlers/exception.py", line 55, in inner
    response = get_response(request)
               ^^^^^^^^^^^^^^^^^^^^^
  File "/srv/egarage/venv/lib/python3.12/site-packages/django/utils/deprecation.py", line 133, in __call__
    response = self.process_request(request)
               ^^^^^^^^^^^^^^^^^^^^^^^^^^^^^
  File "/srv/egarage/venv/lib/python3.12/site-packages/django/middleware/common.py", line 48, in process_request
    host = request.get_host()
           ^^^^^^^^^^^^^^^^^^
  File "/srv/egarage/venv/lib/python3.12/site-packages/django/http/request.py", line 150, in get_host
    raise DisallowedHost(msg)
django.core.exceptions.DisallowedHost: Invalid HTTP_HOST header: '159.223.200.106'. You may need to add '159.223.200.106' to ALLOWED_HOSTS.
ERROR 2026-03-12 02:53:01,060 log 627588 127920180813952 Invalid HTTP_HOST header: '159.223.200.106'. You may need to add '159.223.200.106' to ALLOWED_HOSTS.
Traceback (most recent call last):
  File "/srv/egarage/venv/lib/python3.12/site-packages/django/core/handlers/exception.py", line 55, in inner
    response = get_response(request)
               ^^^^^^^^^^^^^^^^^^^^^
  File "/srv/egarage/venv/lib/python3.12/site-packages/django/utils/deprecation.py", line 133, in __call__
    response = self.process_request(request)
               ^^^^^^^^^^^^^^^^^^^^^^^^^^^^^
  File "/srv/egarage/venv/lib/python3.12/site-packages/django/middleware/common.py", line 48, in process_request
    host = request.get_host()
           ^^^^^^^^^^^^^^^^^^
  File "/srv/egarage/venv/lib/python3.12/site-packages/django/http/request.py", line 150, in get_host
    raise DisallowedHost(msg)
django.core.exceptions.DisallowedHost: Invalid HTTP_HOST header: '159.223.200.106'. You may need to add '159.223.200.106' to ALLOWED_HOSTS.
ERROR 2026-03-12 02:53:01,438 log 627587 127920180813952 Invalid HTTP_HOST header: '159.223.200.106'. You may need to add '159.223.200.106' to ALLOWED_HOSTS.
Traceback (most recent call last):
  File "/srv/egarage/venv/lib/python3.12/site-packages/django/core/handlers/exception.py", line 55, in inner
    response = get_response(request)
               ^^^^^^^^^^^^^^^^^^^^^
  File "/srv/egarage/venv/lib/python3.12/site-packages/django/utils/deprecation.py", line 133, in __call__
    response = self.process_request(request)
               ^^^^^^^^^^^^^^^^^^^^^^^^^^^^^
  File "/srv/egarage/venv/lib/python3.12/site-packages/django/middleware/common.py", line 48, in process_request
    host = request.get_host()
           ^^^^^^^^^^^^^^^^^^
  File "/srv/egarage/venv/lib/python3.12/site-packages/django/http/request.py", line 150, in get_host
    raise DisallowedHost(msg)
django.core.exceptions.DisallowedHost: Invalid HTTP_HOST header: '159.223.200.106'. You may need to add '159.223.200.106' to ALLOWED_HOSTS.
ERROR 2026-03-12 02:53:02,008 log 627587 127920180813952 Invalid HTTP_HOST header: '159.223.200.106'. You may need to add '159.223.200.106' to ALLOWED_HOSTS.
Traceback (most recent call last):
  File "/srv/egarage/venv/lib/python3.12/site-packages/django/core/handlers/exception.py", line 55, in inner
    response = get_response(request)
               ^^^^^^^^^^^^^^^^^^^^^
  File "/srv/egarage/venv/lib/python3.12/site-packages/django/utils/deprecation.py", line 133, in __call__
    response = self.process_request(request)
               ^^^^^^^^^^^^^^^^^^^^^^^^^^^^^
  File "/srv/egarage/venv/lib/python3.12/site-packages/django/middleware/common.py", line 48, in process_request
    host = request.get_host()
           ^^^^^^^^^^^^^^^^^^
  File "/srv/egarage/venv/lib/python3.12/site-packages/django/http/request.py", line 150, in get_host
    raise DisallowedHost(msg)
django.core.exceptions.DisallowedHost: Invalid HTTP_HOST header: '159.223.200.106'. You may need to add '159.223.200.106' to ALLOWED_HOSTS.
ERROR 2026-03-12 02:53:02,429 log 627588 127920180813952 Invalid HTTP_HOST header: '159.223.200.106'. You may need to add '159.223.200.106' to ALLOWED_HOSTS.
Traceback (most recent call last):
  File "/srv/egarage/venv/lib/python3.12/site-packages/django/core/handlers/exception.py", line 55, in inner
    response = get_response(request)
               ^^^^^^^^^^^^^^^^^^^^^
  File "/srv/egarage/venv/lib/python3.12/site-packages/django/utils/deprecation.py", line 133, in __call__
    response = self.process_request(request)
               ^^^^^^^^^^^^^^^^^^^^^^^^^^^^^
  File "/srv/egarage/venv/lib/python3.12/site-packages/django/middleware/common.py", line 48, in process_request
    host = request.get_host()
           ^^^^^^^^^^^^^^^^^^
  File "/srv/egarage/venv/lib/python3.12/site-packages/django/http/request.py", line 150, in get_host
    raise DisallowedHost(msg)
django.core.exceptions.DisallowedHost: Invalid HTTP_HOST header: '159.223.200.106'. You may need to add '159.223.200.106' to ALLOWED_HOSTS.
ERROR 2026-03-12 02:53:02,950 log 627587 127920180813952 Invalid HTTP_HOST header: '159.223.200.106'. You may need to add '159.223.200.106' to ALLOWED_HOSTS.
Traceback (most recent call last):
  File "/srv/egarage/venv/lib/python3.12/site-packages/django/core/handlers/exception.py", line 55, in inner
    response = get_response(request)
               ^^^^^^^^^^^^^^^^^^^^^
  File "/srv/egarage/venv/lib/python3.12/site-packages/django/utils/deprecation.py", line 133, in __call__
    response = self.process_request(request)
               ^^^^^^^^^^^^^^^^^^^^^^^^^^^^^
  File "/srv/egarage/venv/lib/python3.12/site-packages/django/middleware/common.py", line 48, in process_request
    host = request.get_host()
           ^^^^^^^^^^^^^^^^^^
  File "/srv/egarage/venv/lib/python3.12/site-packages/django/http/request.py", line 150, in get_host
    raise DisallowedHost(msg)
django.core.exceptions.DisallowedHost: Invalid HTTP_HOST header: '159.223.200.106'. You may need to add '159.223.200.106' to ALLOWED_HOSTS.
ERROR 2026-03-12 02:53:04,375 log 627588 127920180813952 Invalid HTTP_HOST header: '159.223.200.106'. You may need to add '159.223.200.106' to ALLOWED_HOSTS.
Traceback (most recent call last):
  File "/srv/egarage/venv/lib/python3.12/site-packages/django/core/handlers/exception.py", line 55, in inner
    response = get_response(request)
               ^^^^^^^^^^^^^^^^^^^^^
  File "/srv/egarage/venv/lib/python3.12/site-packages/django/utils/deprecation.py", line 133, in __call__
    response = self.process_request(request)
               ^^^^^^^^^^^^^^^^^^^^^^^^^^^^^
  File "/srv/egarage/venv/lib/python3.12/site-packages/django/middleware/common.py", line 48, in process_request
    host = request.get_host()
           ^^^^^^^^^^^^^^^^^^
  File "/srv/egarage/venv/lib/python3.12/site-packages/django/http/request.py", line 150, in get_host
    raise DisallowedHost(msg)
django.core.exceptions.DisallowedHost: Invalid HTTP_HOST header: '159.223.200.106'. You may need to add '159.223.200.106' to ALLOWED_HOSTS.
ERROR 2026-03-12 02:53:04,744 log 627588 127920180813952 Invalid HTTP_HOST header: '159.223.200.106'. You may need to add '159.223.200.106' to ALLOWED_HOSTS.
Traceback (most recent call last):
  File "/srv/egarage/venv/lib/python3.12/site-packages/django/core/handlers/exception.py", line 55, in inner
    response = get_response(request)
               ^^^^^^^^^^^^^^^^^^^^^
  File "/srv/egarage/venv/lib/python3.12/site-packages/django/utils/deprecation.py", line 133, in __call__
    response = self.process_request(request)
               ^^^^^^^^^^^^^^^^^^^^^^^^^^^^^
  File "/srv/egarage/venv/lib/python3.12/site-packages/django/middleware/common.py", line 48, in process_request
    host = request.get_host()
           ^^^^^^^^^^^^^^^^^^
  File "/srv/egarage/venv/lib/python3.12/site-packages/django/http/request.py", line 150, in get_host
    raise DisallowedHost(msg)
django.core.exceptions.DisallowedHost: Invalid HTTP_HOST header: '159.223.200.106'. You may need to add '159.223.200.106' to ALLOWED_HOSTS.
ERROR 2026-03-12 02:53:05,233 log 627587 127920180813952 Invalid HTTP_HOST header: '159.223.200.106'. You may need to add '159.223.200.106' to ALLOWED_HOSTS.
Traceback (most recent call last):
  File "/srv/egarage/venv/lib/python3.12/site-packages/django/core/handlers/exception.py", line 55, in inner
    response = get_response(request)
               ^^^^^^^^^^^^^^^^^^^^^
  File "/srv/egarage/venv/lib/python3.12/site-packages/django/utils/deprecation.py", line 133, in __call__
    response = self.process_request(request)
               ^^^^^^^^^^^^^^^^^^^^^^^^^^^^^
  File "/srv/egarage/venv/lib/python3.12/site-packages/django/middleware/common.py", line 48, in process_request
    host = request.get_host()
           ^^^^^^^^^^^^^^^^^^
  File "/srv/egarage/venv/lib/python3.12/site-packages/django/http/request.py", line 150, in get_host
    raise DisallowedHost(msg)
django.core.exceptions.DisallowedHost: Invalid HTTP_HOST header: '159.223.200.106'. You may need to add '159.223.200.106' to ALLOWED_HOSTS.
ERROR 2026-03-12 02:53:05,838 log 627587 127920180813952 Invalid HTTP_HOST header: '159.223.200.106'. You may need to add '159.223.200.106' to ALLOWED_HOSTS.
Traceback (most recent call last):
  File "/srv/egarage/venv/lib/python3.12/site-packages/django/core/handlers/exception.py", line 55, in inner
    response = get_response(request)
               ^^^^^^^^^^^^^^^^^^^^^
  File "/srv/egarage/venv/lib/python3.12/site-packages/django/utils/deprecation.py", line 133, in __call__
    response = self.process_request(request)
               ^^^^^^^^^^^^^^^^^^^^^^^^^^^^^
  File "/srv/egarage/venv/lib/python3.12/site-packages/django/middleware/common.py", line 48, in process_request
    host = request.get_host()
           ^^^^^^^^^^^^^^^^^^
  File "/srv/egarage/venv/lib/python3.12/site-packages/django/http/request.py", line 150, in get_host
    raise DisallowedHost(msg)
django.core.exceptions.DisallowedHost: Invalid HTTP_HOST header: '159.223.200.106'. You may need to add '159.223.200.106' to ALLOWED_HOSTS.
ERROR 2026-03-12 02:53:07,090 log 627588 127920180813952 Invalid HTTP_HOST header: '159.223.200.106'. You may need to add '159.223.200.106' to ALLOWED_HOSTS.
Traceback (most recent call last):
  File "/srv/egarage/venv/lib/python3.12/site-packages/django/core/handlers/exception.py", line 55, in inner
    response = get_response(request)
               ^^^^^^^^^^^^^^^^^^^^^
  File "/srv/egarage/venv/lib/python3.12/site-packages/django/utils/deprecation.py", line 133, in __call__
    response = self.process_request(request)
               ^^^^^^^^^^^^^^^^^^^^^^^^^^^^^
  File "/srv/egarage/venv/lib/python3.12/site-packages/django/middleware/common.py", line 48, in process_request
    host = request.get_host()
           ^^^^^^^^^^^^^^^^^^
  File "/srv/egarage/venv/lib/python3.12/site-packages/django/http/request.py", line 150, in get_host
    raise DisallowedHost(msg)
django.core.exceptions.DisallowedHost: Invalid HTTP_HOST header: '159.223.200.106'. You may need to add '159.223.200.106' to ALLOWED_HOSTS.
ERROR 2026-03-12 02:53:07,486 log 627588 127920180813952 Invalid HTTP_HOST header: '159.223.200.106'. You may need to add '159.223.200.106' to ALLOWED_HOSTS.
Traceback (most recent call last):
  File "/srv/egarage/venv/lib/python3.12/site-packages/django/core/handlers/exception.py", line 55, in inner
    response = get_response(request)
               ^^^^^^^^^^^^^^^^^^^^^
  File "/srv/egarage/venv/lib/python3.12/site-packages/django/utils/deprecation.py", line 133, in __call__
    response = self.process_request(request)
               ^^^^^^^^^^^^^^^^^^^^^^^^^^^^^
  File "/srv/egarage/venv/lib/python3.12/site-packages/django/middleware/common.py", line 48, in process_request
    host = request.get_host()
           ^^^^^^^^^^^^^^^^^^
  File "/srv/egarage/venv/lib/python3.12/site-packages/django/http/request.py", line 150, in get_host
    raise DisallowedHost(msg)
django.core.exceptions.DisallowedHost: Invalid HTTP_HOST header: '159.223.200.106'. You may need to add '159.223.200.106' to ALLOWED_HOSTS.
ERROR 2026-03-12 02:56:10,189 log 627588 127920180813952 Invalid HTTP_HOST header: '159.223.200.106'. You may need to add '159.223.200.106' to ALLOWED_HOSTS.
Traceback (most recent call last):
  File "/srv/egarage/venv/lib/python3.12/site-packages/django/core/handlers/exception.py", line 55, in inner
    response = get_response(request)
               ^^^^^^^^^^^^^^^^^^^^^
  File "/srv/egarage/venv/lib/python3.12/site-packages/django/utils/deprecation.py", line 133, in __call__
    response = self.process_request(request)
               ^^^^^^^^^^^^^^^^^^^^^^^^^^^^^
  File "/srv/egarage/venv/lib/python3.12/site-packages/django/middleware/common.py", line 48, in process_request
    host = request.get_host()
           ^^^^^^^^^^^^^^^^^^
  File "/srv/egarage/venv/lib/python3.12/site-packages/django/http/request.py", line 150, in get_host
    raise DisallowedHost(msg)
django.core.exceptions.DisallowedHost: Invalid HTTP_HOST header: '159.223.200.106'. You may need to add '159.223.200.106' to ALLOWED_HOSTS.
ERROR 2026-03-12 03:10:34,534 log 627588 127920180813952 Internal Server Error: /
Traceback (most recent call last):
  File "/srv/egarage/venv/lib/python3.12/site-packages/django/core/handlers/exception.py", line 55, in inner
    response = get_response(request)
               ^^^^^^^^^^^^^^^^^^^^^
  File "/srv/egarage/venv/lib/python3.12/site-packages/django/core/handlers/base.py", line 220, in _get_response
    response = response.render()
               ^^^^^^^^^^^^^^^^^
  File "/srv/egarage/venv/lib/python3.12/site-packages/django/template/response.py", line 114, in render
    self.content = self.rendered_content
                   ^^^^^^^^^^^^^^^^^^^^^
  File "/srv/egarage/venv/lib/python3.12/site-packages/django/template/response.py", line 92, in rendered_content
    return template.render(context, self._request)
           ^^^^^^^^^^^^^^^^^^^^^^^^^^^^^^^^^^^^^^^
  File "/srv/egarage/venv/lib/python3.12/site-packages/django/template/backends/django.py", line 61, in render
    return self.template.render(context)
           ^^^^^^^^^^^^^^^^^^^^^^^^^^^^^
  File "/srv/egarage/venv/lib/python3.12/site-packages/django/template/base.py", line 175, in render
    return self._render(context)
           ^^^^^^^^^^^^^^^^^^^^^
  File "/srv/egarage/venv/lib/python3.12/site-packages/django/template/base.py", line 167, in _render
    return self.nodelist.render(context)
           ^^^^^^^^^^^^^^^^^^^^^^^^^^^^^
  File "/srv/egarage/venv/lib/python3.12/site-packages/django/template/base.py", line 1005, in render
    return SafeString("".join([node.render_annotated(context) for node in self]))
                               ^^^^^^^^^^^^^^^^^^^^^^^^^^^^^^
  File "/srv/egarage/venv/lib/python3.12/site-packages/django/template/base.py", line 966, in render_annotated
    return self.render(context)
           ^^^^^^^^^^^^^^^^^^^^
  File "/srv/egarage/venv/lib/python3.12/site-packages/django/templatetags/static.py", line 116, in render
    url = self.url(context)
          ^^^^^^^^^^^^^^^^^
  File "/srv/egarage/venv/lib/python3.12/site-packages/django/templatetags/static.py", line 113, in url
    return self.handle_simple(path)
           ^^^^^^^^^^^^^^^^^^^^^^^^
  File "/srv/egarage/venv/lib/python3.12/site-packages/django/templatetags/static.py", line 129, in handle_simple
    return staticfiles_storage.url(path)
           ^^^^^^^^^^^^^^^^^^^^^^^^^^^^^
  File "/srv/egarage/venv/lib/python3.12/site-packages/django/contrib/staticfiles/storage.py", line 203, in url
    return self._url(self.stored_name, name, force)
           ^^^^^^^^^^^^^^^^^^^^^^^^^^^^^^^^^^^^^^^^
  File "/srv/egarage/venv/lib/python3.12/site-packages/django/contrib/staticfiles/storage.py", line 182, in _url
    hashed_name = hashed_name_func(*args)
                  ^^^^^^^^^^^^^^^^^^^^^^^
  File "/srv/egarage/venv/lib/python3.12/site-packages/django/contrib/staticfiles/storage.py", line 513, in stored_name
    raise ValueError(
ValueError: Missing staticfiles manifest entry for 'img/egarage_logo.png'
ERROR 2026-03-12 03:27:53,754 log 627588 127920180813952 Internal Server Error: /cl/accounts/login/
Traceback (most recent call last):
  File "/srv/egarage/venv/lib/python3.12/site-packages/django/core/handlers/exception.py", line 55, in inner
    response = get_response(request)
               ^^^^^^^^^^^^^^^^^^^^^
  File "/srv/egarage/venv/lib/python3.12/site-packages/django/core/handlers/base.py", line 220, in _get_response
    response = response.render()
               ^^^^^^^^^^^^^^^^^
  File "/srv/egarage/venv/lib/python3.12/site-packages/django/template/response.py", line 114, in render
    self.content = self.rendered_content
                   ^^^^^^^^^^^^^^^^^^^^^
  File "/srv/egarage/venv/lib/python3.12/site-packages/django/template/response.py", line 92, in rendered_content
    return template.render(context, self._request)
           ^^^^^^^^^^^^^^^^^^^^^^^^^^^^^^^^^^^^^^^
  File "/srv/egarage/venv/lib/python3.12/site-packages/django/template/backends/django.py", line 61, in render
    return self.template.render(context)
           ^^^^^^^^^^^^^^^^^^^^^^^^^^^^^
  File "/srv/egarage/venv/lib/python3.12/site-packages/django/template/base.py", line 175, in render
    return self._render(context)
           ^^^^^^^^^^^^^^^^^^^^^
  File "/srv/egarage/venv/lib/python3.12/site-packages/django/template/base.py", line 167, in _render
    return self.nodelist.render(context)
           ^^^^^^^^^^^^^^^^^^^^^^^^^^^^^
  File "/srv/egarage/venv/lib/python3.12/site-packages/django/template/base.py", line 1005, in render
    return SafeString("".join([node.render_annotated(context) for node in self]))
                               ^^^^^^^^^^^^^^^^^^^^^^^^^^^^^^
  File "/srv/egarage/venv/lib/python3.12/site-packages/django/template/base.py", line 966, in render_annotated
    return self.render(context)
           ^^^^^^^^^^^^^^^^^^^^
  File "/srv/egarage/venv/lib/python3.12/site-packages/django/template/loader_tags.py", line 157, in render
    return compiled_parent._render(context)
           ^^^^^^^^^^^^^^^^^^^^^^^^^^^^^^^^
  File "/srv/egarage/venv/lib/python3.12/site-packages/django/template/base.py", line 167, in _render
    return self.nodelist.render(context)
           ^^^^^^^^^^^^^^^^^^^^^^^^^^^^^
  File "/srv/egarage/venv/lib/python3.12/site-packages/django/template/base.py", line 1005, in render
    return SafeString("".join([node.render_annotated(context) for node in self]))
                               ^^^^^^^^^^^^^^^^^^^^^^^^^^^^^^
  File "/srv/egarage/venv/lib/python3.12/site-packages/django/template/base.py", line 966, in render_annotated
    return self.render(context)
           ^^^^^^^^^^^^^^^^^^^^
  File "/srv/egarage/venv/lib/python3.12/site-packages/django/templatetags/static.py", line 116, in render
    url = self.url(context)
          ^^^^^^^^^^^^^^^^^
  File "/srv/egarage/venv/lib/python3.12/site-packages/django/templatetags/static.py", line 113, in url
    return self.handle_simple(path)
           ^^^^^^^^^^^^^^^^^^^^^^^^
  File "/srv/egarage/venv/lib/python3.12/site-packages/django/templatetags/static.py", line 129, in handle_simple
    return staticfiles_storage.url(path)
           ^^^^^^^^^^^^^^^^^^^^^^^^^^^^^
  File "/srv/egarage/venv/lib/python3.12/site-packages/django/contrib/staticfiles/storage.py", line 203, in url
    return self._url(self.stored_name, name, force)
           ^^^^^^^^^^^^^^^^^^^^^^^^^^^^^^^^^^^^^^^^
  File "/srv/egarage/venv/lib/python3.12/site-packages/django/contrib/staticfiles/storage.py", line 182, in _url
    hashed_name = hashed_name_func(*args)
                  ^^^^^^^^^^^^^^^^^^^^^^^
  File "/srv/egarage/venv/lib/python3.12/site-packages/django/contrib/staticfiles/storage.py", line 513, in stored_name
    raise ValueError(
ValueError: Missing staticfiles manifest entry for 'css/output.css'
ERROR 2026-03-12 03:29:32,660 log 627588 127920180813952 Invalid HTTP_HOST header: '159.223.200.106'. You may need to add '159.223.200.106' to ALLOWED_HOSTS.
Traceback (most recent call last):
  File "/srv/egarage/venv/lib/python3.12/site-packages/django/core/handlers/exception.py", line 55, in inner
    response = get_response(request)
               ^^^^^^^^^^^^^^^^^^^^^
  File "/srv/egarage/venv/lib/python3.12/site-packages/django/utils/deprecation.py", line 133, in __call__
    response = self.process_request(request)
               ^^^^^^^^^^^^^^^^^^^^^^^^^^^^^
  File "/srv/egarage/venv/lib/python3.12/site-packages/django/middleware/common.py", line 48, in process_request
    host = request.get_host()
           ^^^^^^^^^^^^^^^^^^
  File "/srv/egarage/venv/lib/python3.12/site-packages/django/http/request.py", line 150, in get_host
    raise DisallowedHost(msg)
django.core.exceptions.DisallowedHost: Invalid HTTP_HOST header: '159.223.200.106'. You may need to add '159.223.200.106' to ALLOWED_HOSTS.
ERROR 2026-03-12 03:41:15,094 log 627587 127920180813952 Internal Server Error: /cl/es/accounts/login/
Traceback (most recent call last):
  File "/srv/egarage/venv/lib/python3.12/site-packages/django/core/handlers/exception.py", line 55, in inner
    response = get_response(request)
               ^^^^^^^^^^^^^^^^^^^^^
  File "/srv/egarage/venv/lib/python3.12/site-packages/django/core/handlers/base.py", line 220, in _get_response
    response = response.render()
               ^^^^^^^^^^^^^^^^^
  File "/srv/egarage/venv/lib/python3.12/site-packages/django/template/response.py", line 114, in render
    self.content = self.rendered_content
                   ^^^^^^^^^^^^^^^^^^^^^
  File "/srv/egarage/venv/lib/python3.12/site-packages/django/template/response.py", line 92, in rendered_content
    return template.render(context, self._request)
           ^^^^^^^^^^^^^^^^^^^^^^^^^^^^^^^^^^^^^^^
  File "/srv/egarage/venv/lib/python3.12/site-packages/django/template/backends/django.py", line 61, in render
    return self.template.render(context)
           ^^^^^^^^^^^^^^^^^^^^^^^^^^^^^
  File "/srv/egarage/venv/lib/python3.12/site-packages/django/template/base.py", line 175, in render
    return self._render(context)
           ^^^^^^^^^^^^^^^^^^^^^
  File "/srv/egarage/venv/lib/python3.12/site-packages/django/template/base.py", line 167, in _render
    return self.nodelist.render(context)
           ^^^^^^^^^^^^^^^^^^^^^^^^^^^^^
  File "/srv/egarage/venv/lib/python3.12/site-packages/django/template/base.py", line 1005, in render
    return SafeString("".join([node.render_annotated(context) for node in self]))
                               ^^^^^^^^^^^^^^^^^^^^^^^^^^^^^^
  File "/srv/egarage/venv/lib/python3.12/site-packages/django/template/base.py", line 966, in render_annotated
    return self.render(context)
           ^^^^^^^^^^^^^^^^^^^^
  File "/srv/egarage/venv/lib/python3.12/site-packages/django/template/loader_tags.py", line 157, in render
    return compiled_parent._render(context)
           ^^^^^^^^^^^^^^^^^^^^^^^^^^^^^^^^
  File "/srv/egarage/venv/lib/python3.12/site-packages/django/template/base.py", line 167, in _render
    return self.nodelist.render(context)
           ^^^^^^^^^^^^^^^^^^^^^^^^^^^^^
  File "/srv/egarage/venv/lib/python3.12/site-packages/django/template/base.py", line 1005, in render
    return SafeString("".join([node.render_annotated(context) for node in self]))
                               ^^^^^^^^^^^^^^^^^^^^^^^^^^^^^^
  File "/srv/egarage/venv/lib/python3.12/site-packages/django/template/base.py", line 966, in render_annotated
    return self.render(context)
           ^^^^^^^^^^^^^^^^^^^^
  File "/srv/egarage/venv/lib/python3.12/site-packages/django/templatetags/static.py", line 116, in render
    url = self.url(context)
          ^^^^^^^^^^^^^^^^^
  File "/srv/egarage/venv/lib/python3.12/site-packages/django/templatetags/static.py", line 113, in url
    return self.handle_simple(path)
           ^^^^^^^^^^^^^^^^^^^^^^^^
  File "/srv/egarage/venv/lib/python3.12/site-packages/django/templatetags/static.py", line 129, in handle_simple
    return staticfiles_storage.url(path)
           ^^^^^^^^^^^^^^^^^^^^^^^^^^^^^
  File "/srv/egarage/venv/lib/python3.12/site-packages/django/contrib/staticfiles/storage.py", line 203, in url
    return self._url(self.stored_name, name, force)
           ^^^^^^^^^^^^^^^^^^^^^^^^^^^^^^^^^^^^^^^^
  File "/srv/egarage/venv/lib/python3.12/site-packages/django/contrib/staticfiles/storage.py", line 182, in _url
    hashed_name = hashed_name_func(*args)
                  ^^^^^^^^^^^^^^^^^^^^^^^
  File "/srv/egarage/venv/lib/python3.12/site-packages/django/contrib/staticfiles/storage.py", line 513, in stored_name
    raise ValueError(
ValueError: Missing staticfiles manifest entry for 'css/output.css'
ERROR 2026-03-12 03:44:40,616 log 627587 127920180813952 Invalid HTTP_HOST header: '159.223.200.106'. You may need to add '159.223.200.106' to ALLOWED_HOSTS.
Traceback (most recent call last):
  File "/srv/egarage/venv/lib/python3.12/site-packages/django/core/handlers/exception.py", line 55, in inner
    response = get_response(request)
               ^^^^^^^^^^^^^^^^^^^^^
  File "/srv/egarage/venv/lib/python3.12/site-packages/django/utils/deprecation.py", line 133, in __call__
    response = self.process_request(request)
               ^^^^^^^^^^^^^^^^^^^^^^^^^^^^^
  File "/srv/egarage/venv/lib/python3.12/site-packages/django/middleware/common.py", line 48, in process_request
    host = request.get_host()
           ^^^^^^^^^^^^^^^^^^
  File "/srv/egarage/venv/lib/python3.12/site-packages/django/http/request.py", line 150, in get_host
    raise DisallowedHost(msg)
django.core.exceptions.DisallowedHost: Invalid HTTP_HOST header: '159.223.200.106'. You may need to add '159.223.200.106' to ALLOWED_HOSTS.
ERROR 2026-03-12 03:44:40,764 log 627588 127920180813952 Invalid HTTP_HOST header: '159.223.200.106'. You may need to add '159.223.200.106' to ALLOWED_HOSTS.
Traceback (most recent call last):
  File "/srv/egarage/venv/lib/python3.12/site-packages/django/core/handlers/exception.py", line 55, in inner
    response = get_response(request)
               ^^^^^^^^^^^^^^^^^^^^^
  File "/srv/egarage/venv/lib/python3.12/site-packages/django/utils/deprecation.py", line 133, in __call__
    response = self.process_request(request)
               ^^^^^^^^^^^^^^^^^^^^^^^^^^^^^
  File "/srv/egarage/venv/lib/python3.12/site-packages/django/middleware/common.py", line 48, in process_request
    host = request.get_host()
           ^^^^^^^^^^^^^^^^^^
  File "/srv/egarage/venv/lib/python3.12/site-packages/django/http/request.py", line 150, in get_host
    raise DisallowedHost(msg)
django.core.exceptions.DisallowedHost: Invalid HTTP_HOST header: '159.223.200.106'. You may need to add '159.223.200.106' to ALLOWED_HOSTS.
ERROR 2026-03-12 03:56:15,806 log 627588 127920180813952 Internal Server Error: /
Traceback (most recent call last):
  File "/srv/egarage/venv/lib/python3.12/site-packages/django/core/handlers/exception.py", line 55, in inner
    response = get_response(request)
               ^^^^^^^^^^^^^^^^^^^^^
  File "/srv/egarage/venv/lib/python3.12/site-packages/django/core/handlers/base.py", line 220, in _get_response
    response = response.render()
               ^^^^^^^^^^^^^^^^^
  File "/srv/egarage/venv/lib/python3.12/site-packages/django/template/response.py", line 114, in render
    self.content = self.rendered_content
                   ^^^^^^^^^^^^^^^^^^^^^
  File "/srv/egarage/venv/lib/python3.12/site-packages/django/template/response.py", line 92, in rendered_content
    return template.render(context, self._request)
           ^^^^^^^^^^^^^^^^^^^^^^^^^^^^^^^^^^^^^^^
  File "/srv/egarage/venv/lib/python3.12/site-packages/django/template/backends/django.py", line 61, in render
    return self.template.render(context)
           ^^^^^^^^^^^^^^^^^^^^^^^^^^^^^
  File "/srv/egarage/venv/lib/python3.12/site-packages/django/template/base.py", line 175, in render
    return self._render(context)
           ^^^^^^^^^^^^^^^^^^^^^
  File "/srv/egarage/venv/lib/python3.12/site-packages/django/template/base.py", line 167, in _render
    return self.nodelist.render(context)
           ^^^^^^^^^^^^^^^^^^^^^^^^^^^^^
  File "/srv/egarage/venv/lib/python3.12/site-packages/django/template/base.py", line 1005, in render
    return SafeString("".join([node.render_annotated(context) for node in self]))
                               ^^^^^^^^^^^^^^^^^^^^^^^^^^^^^^
  File "/srv/egarage/venv/lib/python3.12/site-packages/django/template/base.py", line 966, in render_annotated
    return self.render(context)
           ^^^^^^^^^^^^^^^^^^^^
  File "/srv/egarage/venv/lib/python3.12/site-packages/django/templatetags/static.py", line 116, in render
    url = self.url(context)
          ^^^^^^^^^^^^^^^^^
  File "/srv/egarage/venv/lib/python3.12/site-packages/django/templatetags/static.py", line 113, in url
    return self.handle_simple(path)
           ^^^^^^^^^^^^^^^^^^^^^^^^
  File "/srv/egarage/venv/lib/python3.12/site-packages/django/templatetags/static.py", line 129, in handle_simple
    return staticfiles_storage.url(path)
           ^^^^^^^^^^^^^^^^^^^^^^^^^^^^^
  File "/srv/egarage/venv/lib/python3.12/site-packages/django/contrib/staticfiles/storage.py", line 203, in url
    return self._url(self.stored_name, name, force)
           ^^^^^^^^^^^^^^^^^^^^^^^^^^^^^^^^^^^^^^^^
  File "/srv/egarage/venv/lib/python3.12/site-packages/django/contrib/staticfiles/storage.py", line 182, in _url
    hashed_name = hashed_name_func(*args)
                  ^^^^^^^^^^^^^^^^^^^^^^^
  File "/srv/egarage/venv/lib/python3.12/site-packages/django/contrib/staticfiles/storage.py", line 513, in stored_name
    raise ValueError(
ValueError: Missing staticfiles manifest entry for 'img/egarage_logo.png'
ERROR 2026-03-12 04:06:36,602 log 627588 127920180813952 Invalid HTTP_HOST header: '159.223.200.106'. You may need to add '159.223.200.106' to ALLOWED_HOSTS.
Traceback (most recent call last):
  File "/srv/egarage/venv/lib/python3.12/site-packages/django/core/handlers/exception.py", line 55, in inner
    response = get_response(request)
               ^^^^^^^^^^^^^^^^^^^^^
  File "/srv/egarage/venv/lib/python3.12/site-packages/django/utils/deprecation.py", line 133, in __call__
    response = self.process_request(request)
               ^^^^^^^^^^^^^^^^^^^^^^^^^^^^^
  File "/srv/egarage/venv/lib/python3.12/site-packages/django/middleware/common.py", line 48, in process_request
    host = request.get_host()
           ^^^^^^^^^^^^^^^^^^
  File "/srv/egarage/venv/lib/python3.12/site-packages/django/http/request.py", line 150, in get_host
    raise DisallowedHost(msg)
django.core.exceptions.DisallowedHost: Invalid HTTP_HOST header: '159.223.200.106'. You may need to add '159.223.200.106' to ALLOWED_HOSTS.
ERROR 2026-03-12 04:15:53,665 log 627587 127920180813952 Invalid HTTP_HOST header: '159.223.200.106'. You may need to add '159.223.200.106' to ALLOWED_HOSTS.
Traceback (most recent call last):
  File "/srv/egarage/venv/lib/python3.12/site-packages/django/core/handlers/exception.py", line 55, in inner
    response = get_response(request)
               ^^^^^^^^^^^^^^^^^^^^^
  File "/srv/egarage/venv/lib/python3.12/site-packages/django/utils/deprecation.py", line 133, in __call__
    response = self.process_request(request)
               ^^^^^^^^^^^^^^^^^^^^^^^^^^^^^
  File "/srv/egarage/venv/lib/python3.12/site-packages/django/middleware/common.py", line 48, in process_request
    host = request.get_host()
           ^^^^^^^^^^^^^^^^^^
  File "/srv/egarage/venv/lib/python3.12/site-packages/django/http/request.py", line 150, in get_host
    raise DisallowedHost(msg)
django.core.exceptions.DisallowedHost: Invalid HTTP_HOST header: '159.223.200.106'. You may need to add '159.223.200.106' to ALLOWED_HOSTS.
ERROR 2026-03-12 04:27:49,353 log 627588 127920180813952 Internal Server Error: /cl/accounts/login/
Traceback (most recent call last):
  File "/srv/egarage/venv/lib/python3.12/site-packages/django/core/handlers/exception.py", line 55, in inner
    response = get_response(request)
               ^^^^^^^^^^^^^^^^^^^^^
  File "/srv/egarage/venv/lib/python3.12/site-packages/django/core/handlers/base.py", line 220, in _get_response
    response = response.render()
               ^^^^^^^^^^^^^^^^^
  File "/srv/egarage/venv/lib/python3.12/site-packages/django/template/response.py", line 114, in render
    self.content = self.rendered_content
                   ^^^^^^^^^^^^^^^^^^^^^
  File "/srv/egarage/venv/lib/python3.12/site-packages/django/template/response.py", line 92, in rendered_content
    return template.render(context, self._request)
           ^^^^^^^^^^^^^^^^^^^^^^^^^^^^^^^^^^^^^^^
  File "/srv/egarage/venv/lib/python3.12/site-packages/django/template/backends/django.py", line 61, in render
    return self.template.render(context)
           ^^^^^^^^^^^^^^^^^^^^^^^^^^^^^
  File "/srv/egarage/venv/lib/python3.12/site-packages/django/template/base.py", line 175, in render
    return self._render(context)
           ^^^^^^^^^^^^^^^^^^^^^
  File "/srv/egarage/venv/lib/python3.12/site-packages/django/template/base.py", line 167, in _render
    return self.nodelist.render(context)
           ^^^^^^^^^^^^^^^^^^^^^^^^^^^^^
  File "/srv/egarage/venv/lib/python3.12/site-packages/django/template/base.py", line 1005, in render
    return SafeString("".join([node.render_annotated(context) for node in self]))
                               ^^^^^^^^^^^^^^^^^^^^^^^^^^^^^^
  File "/srv/egarage/venv/lib/python3.12/site-packages/django/template/base.py", line 966, in render_annotated
    return self.render(context)
           ^^^^^^^^^^^^^^^^^^^^
  File "/srv/egarage/venv/lib/python3.12/site-packages/django/template/loader_tags.py", line 157, in render
    return compiled_parent._render(context)
           ^^^^^^^^^^^^^^^^^^^^^^^^^^^^^^^^
  File "/srv/egarage/venv/lib/python3.12/site-packages/django/template/base.py", line 167, in _render
    return self.nodelist.render(context)
           ^^^^^^^^^^^^^^^^^^^^^^^^^^^^^
  File "/srv/egarage/venv/lib/python3.12/site-packages/django/template/base.py", line 1005, in render
    return SafeString("".join([node.render_annotated(context) for node in self]))
                               ^^^^^^^^^^^^^^^^^^^^^^^^^^^^^^
  File "/srv/egarage/venv/lib/python3.12/site-packages/django/template/base.py", line 966, in render_annotated
    return self.render(context)
           ^^^^^^^^^^^^^^^^^^^^
  File "/srv/egarage/venv/lib/python3.12/site-packages/django/templatetags/static.py", line 116, in render
    url = self.url(context)
          ^^^^^^^^^^^^^^^^^
  File "/srv/egarage/venv/lib/python3.12/site-packages/django/templatetags/static.py", line 113, in url
    return self.handle_simple(path)
           ^^^^^^^^^^^^^^^^^^^^^^^^
  File "/srv/egarage/venv/lib/python3.12/site-packages/django/templatetags/static.py", line 129, in handle_simple
    return staticfiles_storage.url(path)
           ^^^^^^^^^^^^^^^^^^^^^^^^^^^^^
  File "/srv/egarage/venv/lib/python3.12/site-packages/django/contrib/staticfiles/storage.py", line 203, in url
    return self._url(self.stored_name, name, force)
           ^^^^^^^^^^^^^^^^^^^^^^^^^^^^^^^^^^^^^^^^
  File "/srv/egarage/venv/lib/python3.12/site-packages/django/contrib/staticfiles/storage.py", line 182, in _url
    hashed_name = hashed_name_func(*args)
                  ^^^^^^^^^^^^^^^^^^^^^^^
  File "/srv/egarage/venv/lib/python3.12/site-packages/django/contrib/staticfiles/storage.py", line 513, in stored_name
    raise ValueError(
ValueError: Missing staticfiles manifest entry for 'css/output.css'
ERROR 2026-03-12 04:30:19,676 log 627588 127920180813952 Internal Server Error: /cl/es/accounts/login/
Traceback (most recent call last):
  File "/srv/egarage/venv/lib/python3.12/site-packages/django/core/handlers/exception.py", line 55, in inner
    response = get_response(request)
               ^^^^^^^^^^^^^^^^^^^^^
  File "/srv/egarage/venv/lib/python3.12/site-packages/django/core/handlers/base.py", line 220, in _get_response
    response = response.render()
               ^^^^^^^^^^^^^^^^^
  File "/srv/egarage/venv/lib/python3.12/site-packages/django/template/response.py", line 114, in render
    self.content = self.rendered_content
                   ^^^^^^^^^^^^^^^^^^^^^
  File "/srv/egarage/venv/lib/python3.12/site-packages/django/template/response.py", line 92, in rendered_content
    return template.render(context, self._request)
           ^^^^^^^^^^^^^^^^^^^^^^^^^^^^^^^^^^^^^^^
  File "/srv/egarage/venv/lib/python3.12/site-packages/django/template/backends/django.py", line 61, in render
    return self.template.render(context)
           ^^^^^^^^^^^^^^^^^^^^^^^^^^^^^
  File "/srv/egarage/venv/lib/python3.12/site-packages/django/template/base.py", line 175, in render
    return self._render(context)
           ^^^^^^^^^^^^^^^^^^^^^
  File "/srv/egarage/venv/lib/python3.12/site-packages/django/template/base.py", line 167, in _render
    return self.nodelist.render(context)
           ^^^^^^^^^^^^^^^^^^^^^^^^^^^^^
  File "/srv/egarage/venv/lib/python3.12/site-packages/django/template/base.py", line 1005, in render
    return SafeString("".join([node.render_annotated(context) for node in self]))
                               ^^^^^^^^^^^^^^^^^^^^^^^^^^^^^^
  File "/srv/egarage/venv/lib/python3.12/site-packages/django/template/base.py", line 966, in render_annotated
    return self.render(context)
           ^^^^^^^^^^^^^^^^^^^^
  File "/srv/egarage/venv/lib/python3.12/site-packages/django/template/loader_tags.py", line 157, in render
    return compiled_parent._render(context)
           ^^^^^^^^^^^^^^^^^^^^^^^^^^^^^^^^
  File "/srv/egarage/venv/lib/python3.12/site-packages/django/template/base.py", line 167, in _render
    return self.nodelist.render(context)
           ^^^^^^^^^^^^^^^^^^^^^^^^^^^^^
  File "/srv/egarage/venv/lib/python3.12/site-packages/django/template/base.py", line 1005, in render
    return SafeString("".join([node.render_annotated(context) for node in self]))
                               ^^^^^^^^^^^^^^^^^^^^^^^^^^^^^^
  File "/srv/egarage/venv/lib/python3.12/site-packages/django/template/base.py", line 966, in render_annotated
    return self.render(context)
           ^^^^^^^^^^^^^^^^^^^^
  File "/srv/egarage/venv/lib/python3.12/site-packages/django/templatetags/static.py", line 116, in render
    url = self.url(context)
          ^^^^^^^^^^^^^^^^^
  File "/srv/egarage/venv/lib/python3.12/site-packages/django/templatetags/static.py", line 113, in url
    return self.handle_simple(path)
           ^^^^^^^^^^^^^^^^^^^^^^^^
  File "/srv/egarage/venv/lib/python3.12/site-packages/django/templatetags/static.py", line 129, in handle_simple
    return staticfiles_storage.url(path)
           ^^^^^^^^^^^^^^^^^^^^^^^^^^^^^
  File "/srv/egarage/venv/lib/python3.12/site-packages/django/contrib/staticfiles/storage.py", line 203, in url
    return self._url(self.stored_name, name, force)
           ^^^^^^^^^^^^^^^^^^^^^^^^^^^^^^^^^^^^^^^^
  File "/srv/egarage/venv/lib/python3.12/site-packages/django/contrib/staticfiles/storage.py", line 182, in _url
    hashed_name = hashed_name_func(*args)
                  ^^^^^^^^^^^^^^^^^^^^^^^
  File "/srv/egarage/venv/lib/python3.12/site-packages/django/contrib/staticfiles/storage.py", line 513, in stored_name
    raise ValueError(
ValueError: Missing staticfiles manifest entry for 'css/output.css'
ERROR 2026-03-12 05:40:31,100 log 627587 127920180813952 Invalid HTTP_HOST header: '159.223.200.106'. You may need to add '159.223.200.106' to ALLOWED_HOSTS.
Traceback (most recent call last):
  File "/srv/egarage/venv/lib/python3.12/site-packages/django/core/handlers/exception.py", line 55, in inner
    response = get_response(request)
               ^^^^^^^^^^^^^^^^^^^^^
  File "/srv/egarage/venv/lib/python3.12/site-packages/django/utils/deprecation.py", line 133, in __call__
    response = self.process_request(request)
               ^^^^^^^^^^^^^^^^^^^^^^^^^^^^^
  File "/srv/egarage/venv/lib/python3.12/site-packages/django/middleware/common.py", line 48, in process_request
    host = request.get_host()
           ^^^^^^^^^^^^^^^^^^
  File "/srv/egarage/venv/lib/python3.12/site-packages/django/http/request.py", line 150, in get_host
    raise DisallowedHost(msg)
django.core.exceptions.DisallowedHost: Invalid HTTP_HOST header: '159.223.200.106'. You may need to add '159.223.200.106' to ALLOWED_HOSTS.
ERROR 2026-03-12 05:40:33,363 log 627588 127920180813952 Invalid HTTP_HOST header: '159.223.200.106'. You may need to add '159.223.200.106' to ALLOWED_HOSTS.
Traceback (most recent call last):
  File "/srv/egarage/venv/lib/python3.12/site-packages/django/core/handlers/exception.py", line 55, in inner
    response = get_response(request)
               ^^^^^^^^^^^^^^^^^^^^^
  File "/srv/egarage/venv/lib/python3.12/site-packages/django/utils/deprecation.py", line 133, in __call__
    response = self.process_request(request)
               ^^^^^^^^^^^^^^^^^^^^^^^^^^^^^
  File "/srv/egarage/venv/lib/python3.12/site-packages/django/middleware/common.py", line 48, in process_request
    host = request.get_host()
           ^^^^^^^^^^^^^^^^^^
  File "/srv/egarage/venv/lib/python3.12/site-packages/django/http/request.py", line 150, in get_host
    raise DisallowedHost(msg)
django.core.exceptions.DisallowedHost: Invalid HTTP_HOST header: '159.223.200.106'. You may need to add '159.223.200.106' to ALLOWED_HOSTS.
ERROR 2026-03-12 05:58:20,301 log 627588 127920180813952 Invalid HTTP_HOST header: '159.223.200.106'. You may need to add '159.223.200.106' to ALLOWED_HOSTS.
Traceback (most recent call last):
  File "/srv/egarage/venv/lib/python3.12/site-packages/django/core/handlers/exception.py", line 55, in inner
    response = get_response(request)
               ^^^^^^^^^^^^^^^^^^^^^
  File "/srv/egarage/venv/lib/python3.12/site-packages/django/utils/deprecation.py", line 133, in __call__
    response = self.process_request(request)
               ^^^^^^^^^^^^^^^^^^^^^^^^^^^^^
  File "/srv/egarage/venv/lib/python3.12/site-packages/django/middleware/common.py", line 48, in process_request
    host = request.get_host()
           ^^^^^^^^^^^^^^^^^^
  File "/srv/egarage/venv/lib/python3.12/site-packages/django/http/request.py", line 150, in get_host
    raise DisallowedHost(msg)
django.core.exceptions.DisallowedHost: Invalid HTTP_HOST header: '159.223.200.106'. You may need to add '159.223.200.106' to ALLOWED_HOSTS.
ERROR 2026-03-12 06:04:21,905 log 627588 127920180813952 Invalid HTTP_HOST header: '159.223.200.106'. You may need to add '159.223.200.106' to ALLOWED_HOSTS.
Traceback (most recent call last):
  File "/srv/egarage/venv/lib/python3.12/site-packages/django/core/handlers/exception.py", line 55, in inner
    response = get_response(request)
               ^^^^^^^^^^^^^^^^^^^^^
  File "/srv/egarage/venv/lib/python3.12/site-packages/django/utils/deprecation.py", line 133, in __call__
    response = self.process_request(request)
               ^^^^^^^^^^^^^^^^^^^^^^^^^^^^^
  File "/srv/egarage/venv/lib/python3.12/site-packages/django/middleware/common.py", line 48, in process_request
    host = request.get_host()
           ^^^^^^^^^^^^^^^^^^
  File "/srv/egarage/venv/lib/python3.12/site-packages/django/http/request.py", line 150, in get_host
    raise DisallowedHost(msg)
django.core.exceptions.DisallowedHost: Invalid HTTP_HOST header: '159.223.200.106'. You may need to add '159.223.200.106' to ALLOWED_HOSTS.
ERROR 2026-03-12 06:04:23,688 log 627587 127920180813952 Invalid HTTP_HOST header: '159.223.200.106'. You may need to add '159.223.200.106' to ALLOWED_HOSTS.
Traceback (most recent call last):
  File "/srv/egarage/venv/lib/python3.12/site-packages/django/core/handlers/exception.py", line 55, in inner
    response = get_response(request)
               ^^^^^^^^^^^^^^^^^^^^^
  File "/srv/egarage/venv/lib/python3.12/site-packages/django/utils/deprecation.py", line 133, in __call__
    response = self.process_request(request)
               ^^^^^^^^^^^^^^^^^^^^^^^^^^^^^
  File "/srv/egarage/venv/lib/python3.12/site-packages/django/middleware/common.py", line 48, in process_request
    host = request.get_host()
           ^^^^^^^^^^^^^^^^^^
  File "/srv/egarage/venv/lib/python3.12/site-packages/django/http/request.py", line 150, in get_host
    raise DisallowedHost(msg)
django.core.exceptions.DisallowedHost: Invalid HTTP_HOST header: '159.223.200.106'. You may need to add '159.223.200.106' to ALLOWED_HOSTS.
ERROR 2026-03-12 06:05:16,820 log 627587 127920180813952 Invalid HTTP_HOST header: '159.223.200.106'. You may need to add '159.223.200.106' to ALLOWED_HOSTS.
Traceback (most recent call last):
  File "/srv/egarage/venv/lib/python3.12/site-packages/django/core/handlers/exception.py", line 55, in inner
    response = get_response(request)
               ^^^^^^^^^^^^^^^^^^^^^
  File "/srv/egarage/venv/lib/python3.12/site-packages/django/utils/deprecation.py", line 133, in __call__
    response = self.process_request(request)
               ^^^^^^^^^^^^^^^^^^^^^^^^^^^^^
  File "/srv/egarage/venv/lib/python3.12/site-packages/django/middleware/common.py", line 48, in process_request
    host = request.get_host()
           ^^^^^^^^^^^^^^^^^^
  File "/srv/egarage/venv/lib/python3.12/site-packages/django/http/request.py", line 150, in get_host
    raise DisallowedHost(msg)
django.core.exceptions.DisallowedHost: Invalid HTTP_HOST header: '159.223.200.106'. You may need to add '159.223.200.106' to ALLOWED_HOSTS.
ERROR 2026-03-12 06:05:17,175 log 627588 127920180813952 Invalid HTTP_HOST header: '159.223.200.106'. You may need to add '159.223.200.106' to ALLOWED_HOSTS.
Traceback (most recent call last):
  File "/srv/egarage/venv/lib/python3.12/site-packages/django/core/handlers/exception.py", line 55, in inner
    response = get_response(request)
               ^^^^^^^^^^^^^^^^^^^^^
  File "/srv/egarage/venv/lib/python3.12/site-packages/django/utils/deprecation.py", line 133, in __call__
    response = self.process_request(request)
               ^^^^^^^^^^^^^^^^^^^^^^^^^^^^^
  File "/srv/egarage/venv/lib/python3.12/site-packages/django/middleware/common.py", line 48, in process_request
    host = request.get_host()
           ^^^^^^^^^^^^^^^^^^
  File "/srv/egarage/venv/lib/python3.12/site-packages/django/http/request.py", line 150, in get_host
    raise DisallowedHost(msg)
django.core.exceptions.DisallowedHost: Invalid HTTP_HOST header: '159.223.200.106'. You may need to add '159.223.200.106' to ALLOWED_HOSTS.
ERROR 2026-03-12 06:05:17,590 log 627587 127920180813952 Invalid HTTP_HOST header: '159.223.200.106'. You may need to add '159.223.200.106' to ALLOWED_HOSTS.
Traceback (most recent call last):
  File "/srv/egarage/venv/lib/python3.12/site-packages/django/core/handlers/exception.py", line 55, in inner
    response = get_response(request)
               ^^^^^^^^^^^^^^^^^^^^^
  File "/srv/egarage/venv/lib/python3.12/site-packages/django/utils/deprecation.py", line 133, in __call__
    response = self.process_request(request)
               ^^^^^^^^^^^^^^^^^^^^^^^^^^^^^
  File "/srv/egarage/venv/lib/python3.12/site-packages/django/middleware/common.py", line 48, in process_request
    host = request.get_host()
           ^^^^^^^^^^^^^^^^^^
  File "/srv/egarage/venv/lib/python3.12/site-packages/django/http/request.py", line 150, in get_host
    raise DisallowedHost(msg)
django.core.exceptions.DisallowedHost: Invalid HTTP_HOST header: '159.223.200.106'. You may need to add '159.223.200.106' to ALLOWED_HOSTS.
ERROR 2026-03-12 06:05:18,000 log 627588 127920180813952 Invalid HTTP_HOST header: '159.223.200.106'. You may need to add '159.223.200.106' to ALLOWED_HOSTS.
Traceback (most recent call last):
  File "/srv/egarage/venv/lib/python3.12/site-packages/django/core/handlers/exception.py", line 55, in inner
    response = get_response(request)
               ^^^^^^^^^^^^^^^^^^^^^
  File "/srv/egarage/venv/lib/python3.12/site-packages/django/utils/deprecation.py", line 133, in __call__
    response = self.process_request(request)
               ^^^^^^^^^^^^^^^^^^^^^^^^^^^^^
  File "/srv/egarage/venv/lib/python3.12/site-packages/django/middleware/common.py", line 48, in process_request
    host = request.get_host()
           ^^^^^^^^^^^^^^^^^^
  File "/srv/egarage/venv/lib/python3.12/site-packages/django/http/request.py", line 150, in get_host
    raise DisallowedHost(msg)
django.core.exceptions.DisallowedHost: Invalid HTTP_HOST header: '159.223.200.106'. You may need to add '159.223.200.106' to ALLOWED_HOSTS.
ERROR 2026-03-12 06:05:18,458 log 627588 127920180813952 Invalid HTTP_HOST header: '159.223.200.106'. You may need to add '159.223.200.106' to ALLOWED_HOSTS.
Traceback (most recent call last):
  File "/srv/egarage/venv/lib/python3.12/site-packages/django/core/handlers/exception.py", line 55, in inner
    response = get_response(request)
               ^^^^^^^^^^^^^^^^^^^^^
  File "/srv/egarage/venv/lib/python3.12/site-packages/django/utils/deprecation.py", line 133, in __call__
    response = self.process_request(request)
               ^^^^^^^^^^^^^^^^^^^^^^^^^^^^^
  File "/srv/egarage/venv/lib/python3.12/site-packages/django/middleware/common.py", line 48, in process_request
    host = request.get_host()
           ^^^^^^^^^^^^^^^^^^
  File "/srv/egarage/venv/lib/python3.12/site-packages/django/http/request.py", line 150, in get_host
    raise DisallowedHost(msg)
django.core.exceptions.DisallowedHost: Invalid HTTP_HOST header: '159.223.200.106'. You may need to add '159.223.200.106' to ALLOWED_HOSTS.
ERROR 2026-03-12 06:05:18,862 log 627587 127920180813952 Invalid HTTP_HOST header: '159.223.200.106'. You may need to add '159.223.200.106' to ALLOWED_HOSTS.
Traceback (most recent call last):
  File "/srv/egarage/venv/lib/python3.12/site-packages/django/core/handlers/exception.py", line 55, in inner
    response = get_response(request)
               ^^^^^^^^^^^^^^^^^^^^^
  File "/srv/egarage/venv/lib/python3.12/site-packages/django/utils/deprecation.py", line 133, in __call__
    response = self.process_request(request)
               ^^^^^^^^^^^^^^^^^^^^^^^^^^^^^
  File "/srv/egarage/venv/lib/python3.12/site-packages/django/middleware/common.py", line 48, in process_request
    host = request.get_host()
           ^^^^^^^^^^^^^^^^^^
  File "/srv/egarage/venv/lib/python3.12/site-packages/django/http/request.py", line 150, in get_host
    raise DisallowedHost(msg)
django.core.exceptions.DisallowedHost: Invalid HTTP_HOST header: '159.223.200.106'. You may need to add '159.223.200.106' to ALLOWED_HOSTS.
ERROR 2026-03-12 06:05:19,294 log 627588 127920180813952 Invalid HTTP_HOST header: '159.223.200.106'. You may need to add '159.223.200.106' to ALLOWED_HOSTS.
Traceback (most recent call last):
  File "/srv/egarage/venv/lib/python3.12/site-packages/django/core/handlers/exception.py", line 55, in inner
    response = get_response(request)
               ^^^^^^^^^^^^^^^^^^^^^
  File "/srv/egarage/venv/lib/python3.12/site-packages/django/utils/deprecation.py", line 133, in __call__
    response = self.process_request(request)
               ^^^^^^^^^^^^^^^^^^^^^^^^^^^^^
  File "/srv/egarage/venv/lib/python3.12/site-packages/django/middleware/common.py", line 48, in process_request
    host = request.get_host()
           ^^^^^^^^^^^^^^^^^^
  File "/srv/egarage/venv/lib/python3.12/site-packages/django/http/request.py", line 150, in get_host
    raise DisallowedHost(msg)
django.core.exceptions.DisallowedHost: Invalid HTTP_HOST header: '159.223.200.106'. You may need to add '159.223.200.106' to ALLOWED_HOSTS.
ERROR 2026-03-12 06:05:19,695 log 627588 127920180813952 Invalid HTTP_HOST header: '159.223.200.106'. You may need to add '159.223.200.106' to ALLOWED_HOSTS.
Traceback (most recent call last):
  File "/srv/egarage/venv/lib/python3.12/site-packages/django/core/handlers/exception.py", line 55, in inner
    response = get_response(request)
               ^^^^^^^^^^^^^^^^^^^^^
  File "/srv/egarage/venv/lib/python3.12/site-packages/django/utils/deprecation.py", line 133, in __call__
    response = self.process_request(request)
               ^^^^^^^^^^^^^^^^^^^^^^^^^^^^^
  File "/srv/egarage/venv/lib/python3.12/site-packages/django/middleware/common.py", line 48, in process_request
    host = request.get_host()
           ^^^^^^^^^^^^^^^^^^
  File "/srv/egarage/venv/lib/python3.12/site-packages/django/http/request.py", line 150, in get_host
    raise DisallowedHost(msg)
django.core.exceptions.DisallowedHost: Invalid HTTP_HOST header: '159.223.200.106'. You may need to add '159.223.200.106' to ALLOWED_HOSTS.
ERROR 2026-03-12 06:05:20,093 log 627587 127920180813952 Invalid HTTP_HOST header: '159.223.200.106'. You may need to add '159.223.200.106' to ALLOWED_HOSTS.
Traceback (most recent call last):
  File "/srv/egarage/venv/lib/python3.12/site-packages/django/core/handlers/exception.py", line 55, in inner
    response = get_response(request)
               ^^^^^^^^^^^^^^^^^^^^^
  File "/srv/egarage/venv/lib/python3.12/site-packages/django/utils/deprecation.py", line 133, in __call__
    response = self.process_request(request)
               ^^^^^^^^^^^^^^^^^^^^^^^^^^^^^
  File "/srv/egarage/venv/lib/python3.12/site-packages/django/middleware/common.py", line 48, in process_request
    host = request.get_host()
           ^^^^^^^^^^^^^^^^^^
  File "/srv/egarage/venv/lib/python3.12/site-packages/django/http/request.py", line 150, in get_host
    raise DisallowedHost(msg)
django.core.exceptions.DisallowedHost: Invalid HTTP_HOST header: '159.223.200.106'. You may need to add '159.223.200.106' to ALLOWED_HOSTS.
ERROR 2026-03-12 06:05:20,485 log 627587 127920180813952 Invalid HTTP_HOST header: '159.223.200.106'. You may need to add '159.223.200.106' to ALLOWED_HOSTS.
Traceback (most recent call last):
  File "/srv/egarage/venv/lib/python3.12/site-packages/django/core/handlers/exception.py", line 55, in inner
    response = get_response(request)
               ^^^^^^^^^^^^^^^^^^^^^
  File "/srv/egarage/venv/lib/python3.12/site-packages/django/utils/deprecation.py", line 133, in __call__
    response = self.process_request(request)
               ^^^^^^^^^^^^^^^^^^^^^^^^^^^^^
  File "/srv/egarage/venv/lib/python3.12/site-packages/django/middleware/common.py", line 48, in process_request
    host = request.get_host()
           ^^^^^^^^^^^^^^^^^^
  File "/srv/egarage/venv/lib/python3.12/site-packages/django/http/request.py", line 150, in get_host
    raise DisallowedHost(msg)
django.core.exceptions.DisallowedHost: Invalid HTTP_HOST header: '159.223.200.106'. You may need to add '159.223.200.106' to ALLOWED_HOSTS.
ERROR 2026-03-12 06:05:20,896 log 627588 127920180813952 Invalid HTTP_HOST header: '159.223.200.106'. You may need to add '159.223.200.106' to ALLOWED_HOSTS.
Traceback (most recent call last):
  File "/srv/egarage/venv/lib/python3.12/site-packages/django/core/handlers/exception.py", line 55, in inner
    response = get_response(request)
               ^^^^^^^^^^^^^^^^^^^^^
  File "/srv/egarage/venv/lib/python3.12/site-packages/django/utils/deprecation.py", line 133, in __call__
    response = self.process_request(request)
               ^^^^^^^^^^^^^^^^^^^^^^^^^^^^^
  File "/srv/egarage/venv/lib/python3.12/site-packages/django/middleware/common.py", line 48, in process_request
    host = request.get_host()
           ^^^^^^^^^^^^^^^^^^
  File "/srv/egarage/venv/lib/python3.12/site-packages/django/http/request.py", line 150, in get_host
    raise DisallowedHost(msg)
django.core.exceptions.DisallowedHost: Invalid HTTP_HOST header: '159.223.200.106'. You may need to add '159.223.200.106' to ALLOWED_HOSTS.
ERROR 2026-03-12 06:05:21,282 log 627588 127920180813952 Invalid HTTP_HOST header: '159.223.200.106'. You may need to add '159.223.200.106' to ALLOWED_HOSTS.
Traceback (most recent call last):
  File "/srv/egarage/venv/lib/python3.12/site-packages/django/core/handlers/exception.py", line 55, in inner
    response = get_response(request)
               ^^^^^^^^^^^^^^^^^^^^^
  File "/srv/egarage/venv/lib/python3.12/site-packages/django/utils/deprecation.py", line 133, in __call__
    response = self.process_request(request)
               ^^^^^^^^^^^^^^^^^^^^^^^^^^^^^
  File "/srv/egarage/venv/lib/python3.12/site-packages/django/middleware/common.py", line 48, in process_request
    host = request.get_host()
           ^^^^^^^^^^^^^^^^^^
  File "/srv/egarage/venv/lib/python3.12/site-packages/django/http/request.py", line 150, in get_host
    raise DisallowedHost(msg)
django.core.exceptions.DisallowedHost: Invalid HTTP_HOST header: '159.223.200.106'. You may need to add '159.223.200.106' to ALLOWED_HOSTS.
ERROR 2026-03-12 06:05:21,714 log 627587 127920180813952 Invalid HTTP_HOST header: '159.223.200.106'. You may need to add '159.223.200.106' to ALLOWED_HOSTS.
Traceback (most recent call last):
  File "/srv/egarage/venv/lib/python3.12/site-packages/django/core/handlers/exception.py", line 55, in inner
    response = get_response(request)
               ^^^^^^^^^^^^^^^^^^^^^
  File "/srv/egarage/venv/lib/python3.12/site-packages/django/utils/deprecation.py", line 133, in __call__
    response = self.process_request(request)
               ^^^^^^^^^^^^^^^^^^^^^^^^^^^^^
  File "/srv/egarage/venv/lib/python3.12/site-packages/django/middleware/common.py", line 48, in process_request
    host = request.get_host()
           ^^^^^^^^^^^^^^^^^^
  File "/srv/egarage/venv/lib/python3.12/site-packages/django/http/request.py", line 150, in get_host
    raise DisallowedHost(msg)
django.core.exceptions.DisallowedHost: Invalid HTTP_HOST header: '159.223.200.106'. You may need to add '159.223.200.106' to ALLOWED_HOSTS.
ERROR 2026-03-12 06:05:22,043 log 627588 127920180813952 Invalid HTTP_HOST header: '159.223.200.106'. You may need to add '159.223.200.106' to ALLOWED_HOSTS.
Traceback (most recent call last):
  File "/srv/egarage/venv/lib/python3.12/site-packages/django/core/handlers/exception.py", line 55, in inner
    response = get_response(request)
               ^^^^^^^^^^^^^^^^^^^^^
  File "/srv/egarage/venv/lib/python3.12/site-packages/django/utils/deprecation.py", line 133, in __call__
    response = self.process_request(request)
               ^^^^^^^^^^^^^^^^^^^^^^^^^^^^^
  File "/srv/egarage/venv/lib/python3.12/site-packages/django/middleware/common.py", line 48, in process_request
    host = request.get_host()
           ^^^^^^^^^^^^^^^^^^
  File "/srv/egarage/venv/lib/python3.12/site-packages/django/http/request.py", line 150, in get_host
    raise DisallowedHost(msg)
django.core.exceptions.DisallowedHost: Invalid HTTP_HOST header: '159.223.200.106'. You may need to add '159.223.200.106' to ALLOWED_HOSTS.
ERROR 2026-03-12 06:05:22,417 log 627587 127920180813952 Invalid HTTP_HOST header: '159.223.200.106'. You may need to add '159.223.200.106' to ALLOWED_HOSTS.
Traceback (most recent call last):
  File "/srv/egarage/venv/lib/python3.12/site-packages/django/core/handlers/exception.py", line 55, in inner
    response = get_response(request)
               ^^^^^^^^^^^^^^^^^^^^^
  File "/srv/egarage/venv/lib/python3.12/site-packages/django/utils/deprecation.py", line 133, in __call__
    response = self.process_request(request)
               ^^^^^^^^^^^^^^^^^^^^^^^^^^^^^
  File "/srv/egarage/venv/lib/python3.12/site-packages/django/middleware/common.py", line 48, in process_request
    host = request.get_host()
           ^^^^^^^^^^^^^^^^^^
  File "/srv/egarage/venv/lib/python3.12/site-packages/django/http/request.py", line 150, in get_host
    raise DisallowedHost(msg)
django.core.exceptions.DisallowedHost: Invalid HTTP_HOST header: '159.223.200.106'. You may need to add '159.223.200.106' to ALLOWED_HOSTS.
ERROR 2026-03-12 06:05:22,786 log 627588 127920180813952 Invalid HTTP_HOST header: '159.223.200.106'. You may need to add '159.223.200.106' to ALLOWED_HOSTS.
Traceback (most recent call last):
  File "/srv/egarage/venv/lib/python3.12/site-packages/django/core/handlers/exception.py", line 55, in inner
    response = get_response(request)
               ^^^^^^^^^^^^^^^^^^^^^
  File "/srv/egarage/venv/lib/python3.12/site-packages/django/utils/deprecation.py", line 133, in __call__
    response = self.process_request(request)
               ^^^^^^^^^^^^^^^^^^^^^^^^^^^^^
  File "/srv/egarage/venv/lib/python3.12/site-packages/django/middleware/common.py", line 48, in process_request
    host = request.get_host()
           ^^^^^^^^^^^^^^^^^^
  File "/srv/egarage/venv/lib/python3.12/site-packages/django/http/request.py", line 150, in get_host
    raise DisallowedHost(msg)
django.core.exceptions.DisallowedHost: Invalid HTTP_HOST header: '159.223.200.106'. You may need to add '159.223.200.106' to ALLOWED_HOSTS.
ERROR 2026-03-12 06:05:23,138 log 627588 127920180813952 Invalid HTTP_HOST header: '159.223.200.106'. You may need to add '159.223.200.106' to ALLOWED_HOSTS.
Traceback (most recent call last):
  File "/srv/egarage/venv/lib/python3.12/site-packages/django/core/handlers/exception.py", line 55, in inner
    response = get_response(request)
               ^^^^^^^^^^^^^^^^^^^^^
  File "/srv/egarage/venv/lib/python3.12/site-packages/django/utils/deprecation.py", line 133, in __call__
    response = self.process_request(request)
               ^^^^^^^^^^^^^^^^^^^^^^^^^^^^^
  File "/srv/egarage/venv/lib/python3.12/site-packages/django/middleware/common.py", line 48, in process_request
    host = request.get_host()
           ^^^^^^^^^^^^^^^^^^
  File "/srv/egarage/venv/lib/python3.12/site-packages/django/http/request.py", line 150, in get_host
    raise DisallowedHost(msg)
django.core.exceptions.DisallowedHost: Invalid HTTP_HOST header: '159.223.200.106'. You may need to add '159.223.200.106' to ALLOWED_HOSTS.
ERROR 2026-03-12 06:05:23,558 log 627588 127920180813952 Invalid HTTP_HOST header: '159.223.200.106'. You may need to add '159.223.200.106' to ALLOWED_HOSTS.
Traceback (most recent call last):
  File "/srv/egarage/venv/lib/python3.12/site-packages/django/core/handlers/exception.py", line 55, in inner
    response = get_response(request)
               ^^^^^^^^^^^^^^^^^^^^^
  File "/srv/egarage/venv/lib/python3.12/site-packages/django/utils/deprecation.py", line 133, in __call__
    response = self.process_request(request)
               ^^^^^^^^^^^^^^^^^^^^^^^^^^^^^
  File "/srv/egarage/venv/lib/python3.12/site-packages/django/middleware/common.py", line 48, in process_request
    host = request.get_host()
           ^^^^^^^^^^^^^^^^^^
  File "/srv/egarage/venv/lib/python3.12/site-packages/django/http/request.py", line 150, in get_host
    raise DisallowedHost(msg)
django.core.exceptions.DisallowedHost: Invalid HTTP_HOST header: '159.223.200.106'. You may need to add '159.223.200.106' to ALLOWED_HOSTS.
ERROR 2026-03-12 06:05:23,942 log 627587 127920180813952 Invalid HTTP_HOST header: '159.223.200.106'. You may need to add '159.223.200.106' to ALLOWED_HOSTS.
Traceback (most recent call last):
  File "/srv/egarage/venv/lib/python3.12/site-packages/django/core/handlers/exception.py", line 55, in inner
    response = get_response(request)
               ^^^^^^^^^^^^^^^^^^^^^
  File "/srv/egarage/venv/lib/python3.12/site-packages/django/utils/deprecation.py", line 133, in __call__
    response = self.process_request(request)
               ^^^^^^^^^^^^^^^^^^^^^^^^^^^^^
  File "/srv/egarage/venv/lib/python3.12/site-packages/django/middleware/common.py", line 48, in process_request
    host = request.get_host()
           ^^^^^^^^^^^^^^^^^^
  File "/srv/egarage/venv/lib/python3.12/site-packages/django/http/request.py", line 150, in get_host
    raise DisallowedHost(msg)
django.core.exceptions.DisallowedHost: Invalid HTTP_HOST header: '159.223.200.106'. You may need to add '159.223.200.106' to ALLOWED_HOSTS.
ERROR 2026-03-12 06:05:24,366 log 627588 127920180813952 Invalid HTTP_HOST header: '159.223.200.106'. You may need to add '159.223.200.106' to ALLOWED_HOSTS.
Traceback (most recent call last):
  File "/srv/egarage/venv/lib/python3.12/site-packages/django/core/handlers/exception.py", line 55, in inner
    response = get_response(request)
               ^^^^^^^^^^^^^^^^^^^^^
  File "/srv/egarage/venv/lib/python3.12/site-packages/django/utils/deprecation.py", line 133, in __call__
    response = self.process_request(request)
               ^^^^^^^^^^^^^^^^^^^^^^^^^^^^^
  File "/srv/egarage/venv/lib/python3.12/site-packages/django/middleware/common.py", line 48, in process_request
    host = request.get_host()
           ^^^^^^^^^^^^^^^^^^
  File "/srv/egarage/venv/lib/python3.12/site-packages/django/http/request.py", line 150, in get_host
    raise DisallowedHost(msg)
django.core.exceptions.DisallowedHost: Invalid HTTP_HOST header: '159.223.200.106'. You may need to add '159.223.200.106' to ALLOWED_HOSTS.
ERROR 2026-03-12 06:05:24,765 log 627587 127920180813952 Invalid HTTP_HOST header: '159.223.200.106'. You may need to add '159.223.200.106' to ALLOWED_HOSTS.
Traceback (most recent call last):
  File "/srv/egarage/venv/lib/python3.12/site-packages/django/core/handlers/exception.py", line 55, in inner
    response = get_response(request)
               ^^^^^^^^^^^^^^^^^^^^^
  File "/srv/egarage/venv/lib/python3.12/site-packages/django/utils/deprecation.py", line 133, in __call__
    response = self.process_request(request)
               ^^^^^^^^^^^^^^^^^^^^^^^^^^^^^
  File "/srv/egarage/venv/lib/python3.12/site-packages/django/middleware/common.py", line 48, in process_request
    host = request.get_host()
           ^^^^^^^^^^^^^^^^^^
  File "/srv/egarage/venv/lib/python3.12/site-packages/django/http/request.py", line 150, in get_host
    raise DisallowedHost(msg)
django.core.exceptions.DisallowedHost: Invalid HTTP_HOST header: '159.223.200.106'. You may need to add '159.223.200.106' to ALLOWED_HOSTS.
ERROR 2026-03-12 06:05:25,113 log 627588 127920180813952 Invalid HTTP_HOST header: '159.223.200.106'. You may need to add '159.223.200.106' to ALLOWED_HOSTS.
Traceback (most recent call last):
  File "/srv/egarage/venv/lib/python3.12/site-packages/django/core/handlers/exception.py", line 55, in inner
    response = get_response(request)
               ^^^^^^^^^^^^^^^^^^^^^
  File "/srv/egarage/venv/lib/python3.12/site-packages/django/utils/deprecation.py", line 133, in __call__
    response = self.process_request(request)
               ^^^^^^^^^^^^^^^^^^^^^^^^^^^^^
  File "/srv/egarage/venv/lib/python3.12/site-packages/django/middleware/common.py", line 48, in process_request
    host = request.get_host()
           ^^^^^^^^^^^^^^^^^^
  File "/srv/egarage/venv/lib/python3.12/site-packages/django/http/request.py", line 150, in get_host
    raise DisallowedHost(msg)
django.core.exceptions.DisallowedHost: Invalid HTTP_HOST header: '159.223.200.106'. You may need to add '159.223.200.106' to ALLOWED_HOSTS.
ERROR 2026-03-12 06:05:25,475 log 627587 127920180813952 Invalid HTTP_HOST header: '159.223.200.106'. You may need to add '159.223.200.106' to ALLOWED_HOSTS.
Traceback (most recent call last):
  File "/srv/egarage/venv/lib/python3.12/site-packages/django/core/handlers/exception.py", line 55, in inner
    response = get_response(request)
               ^^^^^^^^^^^^^^^^^^^^^
  File "/srv/egarage/venv/lib/python3.12/site-packages/django/utils/deprecation.py", line 133, in __call__
    response = self.process_request(request)
               ^^^^^^^^^^^^^^^^^^^^^^^^^^^^^
  File "/srv/egarage/venv/lib/python3.12/site-packages/django/middleware/common.py", line 48, in process_request
    host = request.get_host()
           ^^^^^^^^^^^^^^^^^^
  File "/srv/egarage/venv/lib/python3.12/site-packages/django/http/request.py", line 150, in get_host
    raise DisallowedHost(msg)
django.core.exceptions.DisallowedHost: Invalid HTTP_HOST header: '159.223.200.106'. You may need to add '159.223.200.106' to ALLOWED_HOSTS.
ERROR 2026-03-12 06:05:25,888 log 627587 127920180813952 Invalid HTTP_HOST header: '159.223.200.106'. You may need to add '159.223.200.106' to ALLOWED_HOSTS.
Traceback (most recent call last):
  File "/srv/egarage/venv/lib/python3.12/site-packages/django/core/handlers/exception.py", line 55, in inner
    response = get_response(request)
               ^^^^^^^^^^^^^^^^^^^^^
  File "/srv/egarage/venv/lib/python3.12/site-packages/django/utils/deprecation.py", line 133, in __call__
    response = self.process_request(request)
               ^^^^^^^^^^^^^^^^^^^^^^^^^^^^^
  File "/srv/egarage/venv/lib/python3.12/site-packages/django/middleware/common.py", line 48, in process_request
    host = request.get_host()
           ^^^^^^^^^^^^^^^^^^
  File "/srv/egarage/venv/lib/python3.12/site-packages/django/http/request.py", line 150, in get_host
    raise DisallowedHost(msg)
django.core.exceptions.DisallowedHost: Invalid HTTP_HOST header: '159.223.200.106'. You may need to add '159.223.200.106' to ALLOWED_HOSTS.
ERROR 2026-03-12 06:05:26,321 log 627588 127920180813952 Invalid HTTP_HOST header: '159.223.200.106'. You may need to add '159.223.200.106' to ALLOWED_HOSTS.
Traceback (most recent call last):
  File "/srv/egarage/venv/lib/python3.12/site-packages/django/core/handlers/exception.py", line 55, in inner
    response = get_response(request)
               ^^^^^^^^^^^^^^^^^^^^^
  File "/srv/egarage/venv/lib/python3.12/site-packages/django/utils/deprecation.py", line 133, in __call__
    response = self.process_request(request)
               ^^^^^^^^^^^^^^^^^^^^^^^^^^^^^
  File "/srv/egarage/venv/lib/python3.12/site-packages/django/middleware/common.py", line 48, in process_request
    host = request.get_host()
           ^^^^^^^^^^^^^^^^^^
  File "/srv/egarage/venv/lib/python3.12/site-packages/django/http/request.py", line 150, in get_host
    raise DisallowedHost(msg)
django.core.exceptions.DisallowedHost: Invalid HTTP_HOST header: '159.223.200.106'. You may need to add '159.223.200.106' to ALLOWED_HOSTS.
ERROR 2026-03-12 06:05:26,806 log 627587 127920180813952 Invalid HTTP_HOST header: '159.223.200.106'. You may need to add '159.223.200.106' to ALLOWED_HOSTS.
Traceback (most recent call last):
  File "/srv/egarage/venv/lib/python3.12/site-packages/django/core/handlers/exception.py", line 55, in inner
    response = get_response(request)
               ^^^^^^^^^^^^^^^^^^^^^
  File "/srv/egarage/venv/lib/python3.12/site-packages/django/utils/deprecation.py", line 133, in __call__
    response = self.process_request(request)
               ^^^^^^^^^^^^^^^^^^^^^^^^^^^^^
  File "/srv/egarage/venv/lib/python3.12/site-packages/django/middleware/common.py", line 48, in process_request
    host = request.get_host()
           ^^^^^^^^^^^^^^^^^^
  File "/srv/egarage/venv/lib/python3.12/site-packages/django/http/request.py", line 150, in get_host
    raise DisallowedHost(msg)
django.core.exceptions.DisallowedHost: Invalid HTTP_HOST header: '159.223.200.106'. You may need to add '159.223.200.106' to ALLOWED_HOSTS.
ERROR 2026-03-12 06:05:27,270 log 627588 127920180813952 Invalid HTTP_HOST header: '159.223.200.106'. You may need to add '159.223.200.106' to ALLOWED_HOSTS.
Traceback (most recent call last):
  File "/srv/egarage/venv/lib/python3.12/site-packages/django/core/handlers/exception.py", line 55, in inner
    response = get_response(request)
               ^^^^^^^^^^^^^^^^^^^^^
  File "/srv/egarage/venv/lib/python3.12/site-packages/django/utils/deprecation.py", line 133, in __call__
    response = self.process_request(request)
               ^^^^^^^^^^^^^^^^^^^^^^^^^^^^^
  File "/srv/egarage/venv/lib/python3.12/site-packages/django/middleware/common.py", line 48, in process_request
    host = request.get_host()
           ^^^^^^^^^^^^^^^^^^
  File "/srv/egarage/venv/lib/python3.12/site-packages/django/http/request.py", line 150, in get_host
    raise DisallowedHost(msg)
django.core.exceptions.DisallowedHost: Invalid HTTP_HOST header: '159.223.200.106'. You may need to add '159.223.200.106' to ALLOWED_HOSTS.
ERROR 2026-03-12 06:05:27,709 log 627588 127920180813952 Invalid HTTP_HOST header: '159.223.200.106'. You may need to add '159.223.200.106' to ALLOWED_HOSTS.
Traceback (most recent call last):
  File "/srv/egarage/venv/lib/python3.12/site-packages/django/core/handlers/exception.py", line 55, in inner
    response = get_response(request)
               ^^^^^^^^^^^^^^^^^^^^^
  File "/srv/egarage/venv/lib/python3.12/site-packages/django/utils/deprecation.py", line 133, in __call__
    response = self.process_request(request)
               ^^^^^^^^^^^^^^^^^^^^^^^^^^^^^
  File "/srv/egarage/venv/lib/python3.12/site-packages/django/middleware/common.py", line 48, in process_request
    host = request.get_host()
           ^^^^^^^^^^^^^^^^^^
  File "/srv/egarage/venv/lib/python3.12/site-packages/django/http/request.py", line 150, in get_host
    raise DisallowedHost(msg)
django.core.exceptions.DisallowedHost: Invalid HTTP_HOST header: '159.223.200.106'. You may need to add '159.223.200.106' to ALLOWED_HOSTS.
ERROR 2026-03-12 06:05:28,137 log 627587 127920180813952 Invalid HTTP_HOST header: '159.223.200.106'. You may need to add '159.223.200.106' to ALLOWED_HOSTS.
Traceback (most recent call last):
  File "/srv/egarage/venv/lib/python3.12/site-packages/django/core/handlers/exception.py", line 55, in inner
    response = get_response(request)
               ^^^^^^^^^^^^^^^^^^^^^
  File "/srv/egarage/venv/lib/python3.12/site-packages/django/utils/deprecation.py", line 133, in __call__
    response = self.process_request(request)
               ^^^^^^^^^^^^^^^^^^^^^^^^^^^^^
  File "/srv/egarage/venv/lib/python3.12/site-packages/django/middleware/common.py", line 48, in process_request
    host = request.get_host()
           ^^^^^^^^^^^^^^^^^^
  File "/srv/egarage/venv/lib/python3.12/site-packages/django/http/request.py", line 150, in get_host
    raise DisallowedHost(msg)
django.core.exceptions.DisallowedHost: Invalid HTTP_HOST header: '159.223.200.106'. You may need to add '159.223.200.106' to ALLOWED_HOSTS.
ERROR 2026-03-12 06:05:28,616 log 627588 127920180813952 Invalid HTTP_HOST header: '159.223.200.106'. You may need to add '159.223.200.106' to ALLOWED_HOSTS.
Traceback (most recent call last):
  File "/srv/egarage/venv/lib/python3.12/site-packages/django/core/handlers/exception.py", line 55, in inner
    response = get_response(request)
               ^^^^^^^^^^^^^^^^^^^^^
  File "/srv/egarage/venv/lib/python3.12/site-packages/django/utils/deprecation.py", line 133, in __call__
    response = self.process_request(request)
               ^^^^^^^^^^^^^^^^^^^^^^^^^^^^^
  File "/srv/egarage/venv/lib/python3.12/site-packages/django/middleware/common.py", line 48, in process_request
    host = request.get_host()
           ^^^^^^^^^^^^^^^^^^
  File "/srv/egarage/venv/lib/python3.12/site-packages/django/http/request.py", line 150, in get_host
    raise DisallowedHost(msg)
django.core.exceptions.DisallowedHost: Invalid HTTP_HOST header: '159.223.200.106'. You may need to add '159.223.200.106' to ALLOWED_HOSTS.
ERROR 2026-03-12 06:05:29,099 log 627587 127920180813952 Invalid HTTP_HOST header: '159.223.200.106'. You may need to add '159.223.200.106' to ALLOWED_HOSTS.
Traceback (most recent call last):
  File "/srv/egarage/venv/lib/python3.12/site-packages/django/core/handlers/exception.py", line 55, in inner
    response = get_response(request)
               ^^^^^^^^^^^^^^^^^^^^^
  File "/srv/egarage/venv/lib/python3.12/site-packages/django/utils/deprecation.py", line 133, in __call__
    response = self.process_request(request)
               ^^^^^^^^^^^^^^^^^^^^^^^^^^^^^
  File "/srv/egarage/venv/lib/python3.12/site-packages/django/middleware/common.py", line 48, in process_request
    host = request.get_host()
           ^^^^^^^^^^^^^^^^^^
  File "/srv/egarage/venv/lib/python3.12/site-packages/django/http/request.py", line 150, in get_host
    raise DisallowedHost(msg)
django.core.exceptions.DisallowedHost: Invalid HTTP_HOST header: '159.223.200.106'. You may need to add '159.223.200.106' to ALLOWED_HOSTS.
ERROR 2026-03-12 06:05:29,605 log 627588 127920180813952 Invalid HTTP_HOST header: '159.223.200.106'. You may need to add '159.223.200.106' to ALLOWED_HOSTS.
Traceback (most recent call last):
  File "/srv/egarage/venv/lib/python3.12/site-packages/django/core/handlers/exception.py", line 55, in inner
    response = get_response(request)
               ^^^^^^^^^^^^^^^^^^^^^
  File "/srv/egarage/venv/lib/python3.12/site-packages/django/utils/deprecation.py", line 133, in __call__
    response = self.process_request(request)
               ^^^^^^^^^^^^^^^^^^^^^^^^^^^^^
  File "/srv/egarage/venv/lib/python3.12/site-packages/django/middleware/common.py", line 48, in process_request
    host = request.get_host()
           ^^^^^^^^^^^^^^^^^^
  File "/srv/egarage/venv/lib/python3.12/site-packages/django/http/request.py", line 150, in get_host
    raise DisallowedHost(msg)
django.core.exceptions.DisallowedHost: Invalid HTTP_HOST header: '159.223.200.106'. You may need to add '159.223.200.106' to ALLOWED_HOSTS.
ERROR 2026-03-12 06:05:30,041 log 627588 127920180813952 Invalid HTTP_HOST header: '159.223.200.106'. You may need to add '159.223.200.106' to ALLOWED_HOSTS.
Traceback (most recent call last):
  File "/srv/egarage/venv/lib/python3.12/site-packages/django/core/handlers/exception.py", line 55, in inner
    response = get_response(request)
               ^^^^^^^^^^^^^^^^^^^^^
  File "/srv/egarage/venv/lib/python3.12/site-packages/django/utils/deprecation.py", line 133, in __call__
    response = self.process_request(request)
               ^^^^^^^^^^^^^^^^^^^^^^^^^^^^^
  File "/srv/egarage/venv/lib/python3.12/site-packages/django/middleware/common.py", line 48, in process_request
    host = request.get_host()
           ^^^^^^^^^^^^^^^^^^
  File "/srv/egarage/venv/lib/python3.12/site-packages/django/http/request.py", line 150, in get_host
    raise DisallowedHost(msg)
django.core.exceptions.DisallowedHost: Invalid HTTP_HOST header: '159.223.200.106'. You may need to add '159.223.200.106' to ALLOWED_HOSTS.
ERROR 2026-03-12 06:05:30,481 log 627587 127920180813952 Invalid HTTP_HOST header: '159.223.200.106'. You may need to add '159.223.200.106' to ALLOWED_HOSTS.
Traceback (most recent call last):
  File "/srv/egarage/venv/lib/python3.12/site-packages/django/core/handlers/exception.py", line 55, in inner
    response = get_response(request)
               ^^^^^^^^^^^^^^^^^^^^^
  File "/srv/egarage/venv/lib/python3.12/site-packages/django/utils/deprecation.py", line 133, in __call__
    response = self.process_request(request)
               ^^^^^^^^^^^^^^^^^^^^^^^^^^^^^
  File "/srv/egarage/venv/lib/python3.12/site-packages/django/middleware/common.py", line 48, in process_request
    host = request.get_host()
           ^^^^^^^^^^^^^^^^^^
  File "/srv/egarage/venv/lib/python3.12/site-packages/django/http/request.py", line 150, in get_host
    raise DisallowedHost(msg)
django.core.exceptions.DisallowedHost: Invalid HTTP_HOST header: '159.223.200.106'. You may need to add '159.223.200.106' to ALLOWED_HOSTS.
ERROR 2026-03-12 06:05:30,925 log 627587 127920180813952 Invalid HTTP_HOST header: '159.223.200.106'. You may need to add '159.223.200.106' to ALLOWED_HOSTS.
Traceback (most recent call last):
  File "/srv/egarage/venv/lib/python3.12/site-packages/django/core/handlers/exception.py", line 55, in inner
    response = get_response(request)
               ^^^^^^^^^^^^^^^^^^^^^
  File "/srv/egarage/venv/lib/python3.12/site-packages/django/utils/deprecation.py", line 133, in __call__
    response = self.process_request(request)
               ^^^^^^^^^^^^^^^^^^^^^^^^^^^^^
  File "/srv/egarage/venv/lib/python3.12/site-packages/django/middleware/common.py", line 48, in process_request
    host = request.get_host()
           ^^^^^^^^^^^^^^^^^^
  File "/srv/egarage/venv/lib/python3.12/site-packages/django/http/request.py", line 150, in get_host
    raise DisallowedHost(msg)
django.core.exceptions.DisallowedHost: Invalid HTTP_HOST header: '159.223.200.106'. You may need to add '159.223.200.106' to ALLOWED_HOSTS.
ERROR 2026-03-12 06:05:31,307 log 627588 127920180813952 Invalid HTTP_HOST header: '159.223.200.106'. You may need to add '159.223.200.106' to ALLOWED_HOSTS.
Traceback (most recent call last):
  File "/srv/egarage/venv/lib/python3.12/site-packages/django/core/handlers/exception.py", line 55, in inner
    response = get_response(request)
               ^^^^^^^^^^^^^^^^^^^^^
  File "/srv/egarage/venv/lib/python3.12/site-packages/django/utils/deprecation.py", line 133, in __call__
    response = self.process_request(request)
               ^^^^^^^^^^^^^^^^^^^^^^^^^^^^^
  File "/srv/egarage/venv/lib/python3.12/site-packages/django/middleware/common.py", line 48, in process_request
    host = request.get_host()
           ^^^^^^^^^^^^^^^^^^
  File "/srv/egarage/venv/lib/python3.12/site-packages/django/http/request.py", line 150, in get_host
    raise DisallowedHost(msg)
django.core.exceptions.DisallowedHost: Invalid HTTP_HOST header: '159.223.200.106'. You may need to add '159.223.200.106' to ALLOWED_HOSTS.
ERROR 2026-03-12 06:05:31,750 log 627588 127920180813952 Invalid HTTP_HOST header: '159.223.200.106'. You may need to add '159.223.200.106' to ALLOWED_HOSTS.
Traceback (most recent call last):
  File "/srv/egarage/venv/lib/python3.12/site-packages/django/core/handlers/exception.py", line 55, in inner
    response = get_response(request)
               ^^^^^^^^^^^^^^^^^^^^^
  File "/srv/egarage/venv/lib/python3.12/site-packages/django/utils/deprecation.py", line 133, in __call__
    response = self.process_request(request)
               ^^^^^^^^^^^^^^^^^^^^^^^^^^^^^
  File "/srv/egarage/venv/lib/python3.12/site-packages/django/middleware/common.py", line 48, in process_request
    host = request.get_host()
           ^^^^^^^^^^^^^^^^^^
  File "/srv/egarage/venv/lib/python3.12/site-packages/django/http/request.py", line 150, in get_host
    raise DisallowedHost(msg)
django.core.exceptions.DisallowedHost: Invalid HTTP_HOST header: '159.223.200.106'. You may need to add '159.223.200.106' to ALLOWED_HOSTS.
ERROR 2026-03-12 06:05:32,120 log 627587 127920180813952 Invalid HTTP_HOST header: '159.223.200.106'. You may need to add '159.223.200.106' to ALLOWED_HOSTS.
Traceback (most recent call last):
  File "/srv/egarage/venv/lib/python3.12/site-packages/django/core/handlers/exception.py", line 55, in inner
    response = get_response(request)
               ^^^^^^^^^^^^^^^^^^^^^
  File "/srv/egarage/venv/lib/python3.12/site-packages/django/utils/deprecation.py", line 133, in __call__
    response = self.process_request(request)
               ^^^^^^^^^^^^^^^^^^^^^^^^^^^^^
  File "/srv/egarage/venv/lib/python3.12/site-packages/django/middleware/common.py", line 48, in process_request
    host = request.get_host()
           ^^^^^^^^^^^^^^^^^^
  File "/srv/egarage/venv/lib/python3.12/site-packages/django/http/request.py", line 150, in get_host
    raise DisallowedHost(msg)
django.core.exceptions.DisallowedHost: Invalid HTTP_HOST header: '159.223.200.106'. You may need to add '159.223.200.106' to ALLOWED_HOSTS.
ERROR 2026-03-12 06:05:32,513 log 627587 127920180813952 Invalid HTTP_HOST header: '159.223.200.106'. You may need to add '159.223.200.106' to ALLOWED_HOSTS.
Traceback (most recent call last):
  File "/srv/egarage/venv/lib/python3.12/site-packages/django/core/handlers/exception.py", line 55, in inner
    response = get_response(request)
               ^^^^^^^^^^^^^^^^^^^^^
  File "/srv/egarage/venv/lib/python3.12/site-packages/django/utils/deprecation.py", line 133, in __call__
    response = self.process_request(request)
               ^^^^^^^^^^^^^^^^^^^^^^^^^^^^^
  File "/srv/egarage/venv/lib/python3.12/site-packages/django/middleware/common.py", line 48, in process_request
    host = request.get_host()
           ^^^^^^^^^^^^^^^^^^
  File "/srv/egarage/venv/lib/python3.12/site-packages/django/http/request.py", line 150, in get_host
    raise DisallowedHost(msg)
django.core.exceptions.DisallowedHost: Invalid HTTP_HOST header: '159.223.200.106'. You may need to add '159.223.200.106' to ALLOWED_HOSTS.
ERROR 2026-03-12 06:05:32,862 log 627588 127920180813952 Invalid HTTP_HOST header: '159.223.200.106'. You may need to add '159.223.200.106' to ALLOWED_HOSTS.
Traceback (most recent call last):
  File "/srv/egarage/venv/lib/python3.12/site-packages/django/core/handlers/exception.py", line 55, in inner
    response = get_response(request)
               ^^^^^^^^^^^^^^^^^^^^^
  File "/srv/egarage/venv/lib/python3.12/site-packages/django/utils/deprecation.py", line 133, in __call__
    response = self.process_request(request)
               ^^^^^^^^^^^^^^^^^^^^^^^^^^^^^
  File "/srv/egarage/venv/lib/python3.12/site-packages/django/middleware/common.py", line 48, in process_request
    host = request.get_host()
           ^^^^^^^^^^^^^^^^^^
  File "/srv/egarage/venv/lib/python3.12/site-packages/django/http/request.py", line 150, in get_host
    raise DisallowedHost(msg)
django.core.exceptions.DisallowedHost: Invalid HTTP_HOST header: '159.223.200.106'. You may need to add '159.223.200.106' to ALLOWED_HOSTS.
ERROR 2026-03-12 06:05:33,243 log 627588 127920180813952 Invalid HTTP_HOST header: '159.223.200.106'. You may need to add '159.223.200.106' to ALLOWED_HOSTS.
Traceback (most recent call last):
  File "/srv/egarage/venv/lib/python3.12/site-packages/django/core/handlers/exception.py", line 55, in inner
    response = get_response(request)
               ^^^^^^^^^^^^^^^^^^^^^
  File "/srv/egarage/venv/lib/python3.12/site-packages/django/utils/deprecation.py", line 133, in __call__
    response = self.process_request(request)
               ^^^^^^^^^^^^^^^^^^^^^^^^^^^^^
  File "/srv/egarage/venv/lib/python3.12/site-packages/django/middleware/common.py", line 48, in process_request
    host = request.get_host()
           ^^^^^^^^^^^^^^^^^^
  File "/srv/egarage/venv/lib/python3.12/site-packages/django/http/request.py", line 150, in get_host
    raise DisallowedHost(msg)
django.core.exceptions.DisallowedHost: Invalid HTTP_HOST header: '159.223.200.106'. You may need to add '159.223.200.106' to ALLOWED_HOSTS.
ERROR 2026-03-12 06:05:33,628 log 627587 127920180813952 Invalid HTTP_HOST header: '159.223.200.106'. You may need to add '159.223.200.106' to ALLOWED_HOSTS.
Traceback (most recent call last):
  File "/srv/egarage/venv/lib/python3.12/site-packages/django/core/handlers/exception.py", line 55, in inner
    response = get_response(request)
               ^^^^^^^^^^^^^^^^^^^^^
  File "/srv/egarage/venv/lib/python3.12/site-packages/django/utils/deprecation.py", line 133, in __call__
    response = self.process_request(request)
               ^^^^^^^^^^^^^^^^^^^^^^^^^^^^^
  File "/srv/egarage/venv/lib/python3.12/site-packages/django/middleware/common.py", line 48, in process_request
    host = request.get_host()
           ^^^^^^^^^^^^^^^^^^
  File "/srv/egarage/venv/lib/python3.12/site-packages/django/http/request.py", line 150, in get_host
    raise DisallowedHost(msg)
django.core.exceptions.DisallowedHost: Invalid HTTP_HOST header: '159.223.200.106'. You may need to add '159.223.200.106' to ALLOWED_HOSTS.
ERROR 2026-03-12 06:05:34,012 log 627588 127920180813952 Invalid HTTP_HOST header: '159.223.200.106'. You may need to add '159.223.200.106' to ALLOWED_HOSTS.
Traceback (most recent call last):
  File "/srv/egarage/venv/lib/python3.12/site-packages/django/core/handlers/exception.py", line 55, in inner
    response = get_response(request)
               ^^^^^^^^^^^^^^^^^^^^^
  File "/srv/egarage/venv/lib/python3.12/site-packages/django/utils/deprecation.py", line 133, in __call__
    response = self.process_request(request)
               ^^^^^^^^^^^^^^^^^^^^^^^^^^^^^
  File "/srv/egarage/venv/lib/python3.12/site-packages/django/middleware/common.py", line 48, in process_request
    host = request.get_host()
           ^^^^^^^^^^^^^^^^^^
  File "/srv/egarage/venv/lib/python3.12/site-packages/django/http/request.py", line 150, in get_host
    raise DisallowedHost(msg)
django.core.exceptions.DisallowedHost: Invalid HTTP_HOST header: '159.223.200.106'. You may need to add '159.223.200.106' to ALLOWED_HOSTS.
ERROR 2026-03-12 06:05:34,357 log 627587 127920180813952 Invalid HTTP_HOST header: '159.223.200.106'. You may need to add '159.223.200.106' to ALLOWED_HOSTS.
Traceback (most recent call last):
  File "/srv/egarage/venv/lib/python3.12/site-packages/django/core/handlers/exception.py", line 55, in inner
    response = get_response(request)
               ^^^^^^^^^^^^^^^^^^^^^
  File "/srv/egarage/venv/lib/python3.12/site-packages/django/utils/deprecation.py", line 133, in __call__
    response = self.process_request(request)
               ^^^^^^^^^^^^^^^^^^^^^^^^^^^^^
  File "/srv/egarage/venv/lib/python3.12/site-packages/django/middleware/common.py", line 48, in process_request
    host = request.get_host()
           ^^^^^^^^^^^^^^^^^^
  File "/srv/egarage/venv/lib/python3.12/site-packages/django/http/request.py", line 150, in get_host
    raise DisallowedHost(msg)
django.core.exceptions.DisallowedHost: Invalid HTTP_HOST header: '159.223.200.106'. You may need to add '159.223.200.106' to ALLOWED_HOSTS.
ERROR 2026-03-12 06:20:08,686 log 627587 127920180813952 Internal Server Error: /
Traceback (most recent call last):
  File "/srv/egarage/venv/lib/python3.12/site-packages/django/core/handlers/exception.py", line 55, in inner
    response = get_response(request)
               ^^^^^^^^^^^^^^^^^^^^^
  File "/srv/egarage/venv/lib/python3.12/site-packages/django/core/handlers/base.py", line 220, in _get_response
    response = response.render()
               ^^^^^^^^^^^^^^^^^
  File "/srv/egarage/venv/lib/python3.12/site-packages/django/template/response.py", line 114, in render
    self.content = self.rendered_content
                   ^^^^^^^^^^^^^^^^^^^^^
  File "/srv/egarage/venv/lib/python3.12/site-packages/django/template/response.py", line 92, in rendered_content
    return template.render(context, self._request)
           ^^^^^^^^^^^^^^^^^^^^^^^^^^^^^^^^^^^^^^^
  File "/srv/egarage/venv/lib/python3.12/site-packages/django/template/backends/django.py", line 61, in render
    return self.template.render(context)
           ^^^^^^^^^^^^^^^^^^^^^^^^^^^^^
  File "/srv/egarage/venv/lib/python3.12/site-packages/django/template/base.py", line 175, in render
    return self._render(context)
           ^^^^^^^^^^^^^^^^^^^^^
  File "/srv/egarage/venv/lib/python3.12/site-packages/django/template/base.py", line 167, in _render
    return self.nodelist.render(context)
           ^^^^^^^^^^^^^^^^^^^^^^^^^^^^^
  File "/srv/egarage/venv/lib/python3.12/site-packages/django/template/base.py", line 1005, in render
    return SafeString("".join([node.render_annotated(context) for node in self]))
                               ^^^^^^^^^^^^^^^^^^^^^^^^^^^^^^
  File "/srv/egarage/venv/lib/python3.12/site-packages/django/template/base.py", line 966, in render_annotated
    return self.render(context)
           ^^^^^^^^^^^^^^^^^^^^
  File "/srv/egarage/venv/lib/python3.12/site-packages/django/templatetags/static.py", line 116, in render
    url = self.url(context)
          ^^^^^^^^^^^^^^^^^
  File "/srv/egarage/venv/lib/python3.12/site-packages/django/templatetags/static.py", line 113, in url
    return self.handle_simple(path)
           ^^^^^^^^^^^^^^^^^^^^^^^^
  File "/srv/egarage/venv/lib/python3.12/site-packages/django/templatetags/static.py", line 129, in handle_simple
    return staticfiles_storage.url(path)
           ^^^^^^^^^^^^^^^^^^^^^^^^^^^^^
  File "/srv/egarage/venv/lib/python3.12/site-packages/django/contrib/staticfiles/storage.py", line 203, in url
    return self._url(self.stored_name, name, force)
           ^^^^^^^^^^^^^^^^^^^^^^^^^^^^^^^^^^^^^^^^
  File "/srv/egarage/venv/lib/python3.12/site-packages/django/contrib/staticfiles/storage.py", line 182, in _url
    hashed_name = hashed_name_func(*args)
                  ^^^^^^^^^^^^^^^^^^^^^^^
  File "/srv/egarage/venv/lib/python3.12/site-packages/django/contrib/staticfiles/storage.py", line 513, in stored_name
    raise ValueError(
ValueError: Missing staticfiles manifest entry for 'img/egarage_logo.png'
ERROR 2026-03-12 06:37:31,234 log 627587 127920180813952 Invalid HTTP_HOST header: '159.223.200.106'. You may need to add '159.223.200.106' to ALLOWED_HOSTS.
Traceback (most recent call last):
  File "/srv/egarage/venv/lib/python3.12/site-packages/django/core/handlers/exception.py", line 55, in inner
    response = get_response(request)
               ^^^^^^^^^^^^^^^^^^^^^
  File "/srv/egarage/venv/lib/python3.12/site-packages/django/utils/deprecation.py", line 133, in __call__
    response = self.process_request(request)
               ^^^^^^^^^^^^^^^^^^^^^^^^^^^^^
  File "/srv/egarage/venv/lib/python3.12/site-packages/django/middleware/common.py", line 48, in process_request
    host = request.get_host()
           ^^^^^^^^^^^^^^^^^^
  File "/srv/egarage/venv/lib/python3.12/site-packages/django/http/request.py", line 150, in get_host
    raise DisallowedHost(msg)
django.core.exceptions.DisallowedHost: Invalid HTTP_HOST header: '159.223.200.106'. You may need to add '159.223.200.106' to ALLOWED_HOSTS.
ERROR 2026-03-12 06:47:13,270 log 627588 127920180813952 Internal Server Error: /
Traceback (most recent call last):
  File "/srv/egarage/venv/lib/python3.12/site-packages/django/core/handlers/exception.py", line 55, in inner
    response = get_response(request)
               ^^^^^^^^^^^^^^^^^^^^^
  File "/srv/egarage/venv/lib/python3.12/site-packages/django/core/handlers/base.py", line 220, in _get_response
    response = response.render()
               ^^^^^^^^^^^^^^^^^
  File "/srv/egarage/venv/lib/python3.12/site-packages/django/template/response.py", line 114, in render
    self.content = self.rendered_content
                   ^^^^^^^^^^^^^^^^^^^^^
  File "/srv/egarage/venv/lib/python3.12/site-packages/django/template/response.py", line 92, in rendered_content
    return template.render(context, self._request)
           ^^^^^^^^^^^^^^^^^^^^^^^^^^^^^^^^^^^^^^^
  File "/srv/egarage/venv/lib/python3.12/site-packages/django/template/backends/django.py", line 61, in render
    return self.template.render(context)
           ^^^^^^^^^^^^^^^^^^^^^^^^^^^^^
  File "/srv/egarage/venv/lib/python3.12/site-packages/django/template/base.py", line 175, in render
    return self._render(context)
           ^^^^^^^^^^^^^^^^^^^^^
  File "/srv/egarage/venv/lib/python3.12/site-packages/django/template/base.py", line 167, in _render
    return self.nodelist.render(context)
           ^^^^^^^^^^^^^^^^^^^^^^^^^^^^^
  File "/srv/egarage/venv/lib/python3.12/site-packages/django/template/base.py", line 1005, in render
    return SafeString("".join([node.render_annotated(context) for node in self]))
                               ^^^^^^^^^^^^^^^^^^^^^^^^^^^^^^
  File "/srv/egarage/venv/lib/python3.12/site-packages/django/template/base.py", line 966, in render_annotated
    return self.render(context)
           ^^^^^^^^^^^^^^^^^^^^
  File "/srv/egarage/venv/lib/python3.12/site-packages/django/templatetags/static.py", line 116, in render
    url = self.url(context)
          ^^^^^^^^^^^^^^^^^
  File "/srv/egarage/venv/lib/python3.12/site-packages/django/templatetags/static.py", line 113, in url
    return self.handle_simple(path)
           ^^^^^^^^^^^^^^^^^^^^^^^^
  File "/srv/egarage/venv/lib/python3.12/site-packages/django/templatetags/static.py", line 129, in handle_simple
    return staticfiles_storage.url(path)
           ^^^^^^^^^^^^^^^^^^^^^^^^^^^^^
  File "/srv/egarage/venv/lib/python3.12/site-packages/django/contrib/staticfiles/storage.py", line 203, in url
    return self._url(self.stored_name, name, force)
           ^^^^^^^^^^^^^^^^^^^^^^^^^^^^^^^^^^^^^^^^
  File "/srv/egarage/venv/lib/python3.12/site-packages/django/contrib/staticfiles/storage.py", line 182, in _url
    hashed_name = hashed_name_func(*args)
                  ^^^^^^^^^^^^^^^^^^^^^^^
  File "/srv/egarage/venv/lib/python3.12/site-packages/django/contrib/staticfiles/storage.py", line 513, in stored_name
    raise ValueError(
ValueError: Missing staticfiles manifest entry for 'img/egarage_logo.png'
ERROR 2026-03-12 06:55:03,442 log 627588 127920180813952 Internal Server Error: /cl/es/bienvenida/
Traceback (most recent call last):
  File "/srv/egarage/venv/lib/python3.12/site-packages/django/core/handlers/exception.py", line 55, in inner
    response = get_response(request)
               ^^^^^^^^^^^^^^^^^^^^^
  File "/srv/egarage/venv/lib/python3.12/site-packages/django/core/handlers/base.py", line 220, in _get_response
    response = response.render()
               ^^^^^^^^^^^^^^^^^
  File "/srv/egarage/venv/lib/python3.12/site-packages/django/template/response.py", line 114, in render
    self.content = self.rendered_content
                   ^^^^^^^^^^^^^^^^^^^^^
  File "/srv/egarage/venv/lib/python3.12/site-packages/django/template/response.py", line 92, in rendered_content
    return template.render(context, self._request)
           ^^^^^^^^^^^^^^^^^^^^^^^^^^^^^^^^^^^^^^^
  File "/srv/egarage/venv/lib/python3.12/site-packages/django/template/backends/django.py", line 61, in render
    return self.template.render(context)
           ^^^^^^^^^^^^^^^^^^^^^^^^^^^^^
  File "/srv/egarage/venv/lib/python3.12/site-packages/django/template/base.py", line 175, in render
    return self._render(context)
           ^^^^^^^^^^^^^^^^^^^^^
  File "/srv/egarage/venv/lib/python3.12/site-packages/django/template/base.py", line 167, in _render
    return self.nodelist.render(context)
           ^^^^^^^^^^^^^^^^^^^^^^^^^^^^^
  File "/srv/egarage/venv/lib/python3.12/site-packages/django/template/base.py", line 1005, in render
    return SafeString("".join([node.render_annotated(context) for node in self]))
                               ^^^^^^^^^^^^^^^^^^^^^^^^^^^^^^
  File "/srv/egarage/venv/lib/python3.12/site-packages/django/template/base.py", line 966, in render_annotated
    return self.render(context)
           ^^^^^^^^^^^^^^^^^^^^
  File "/srv/egarage/venv/lib/python3.12/site-packages/django/templatetags/static.py", line 116, in render
    url = self.url(context)
          ^^^^^^^^^^^^^^^^^
  File "/srv/egarage/venv/lib/python3.12/site-packages/django/templatetags/static.py", line 113, in url
    return self.handle_simple(path)
           ^^^^^^^^^^^^^^^^^^^^^^^^
  File "/srv/egarage/venv/lib/python3.12/site-packages/django/templatetags/static.py", line 129, in handle_simple
    return staticfiles_storage.url(path)
           ^^^^^^^^^^^^^^^^^^^^^^^^^^^^^
  File "/srv/egarage/venv/lib/python3.12/site-packages/django/contrib/staticfiles/storage.py", line 203, in url
    return self._url(self.stored_name, name, force)
           ^^^^^^^^^^^^^^^^^^^^^^^^^^^^^^^^^^^^^^^^
  File "/srv/egarage/venv/lib/python3.12/site-packages/django/contrib/staticfiles/storage.py", line 182, in _url
    hashed_name = hashed_name_func(*args)
                  ^^^^^^^^^^^^^^^^^^^^^^^
  File "/srv/egarage/venv/lib/python3.12/site-packages/django/contrib/staticfiles/storage.py", line 513, in stored_name
    raise ValueError(
ValueError: Missing staticfiles manifest entry for 'img/og-cl.png'
ERROR 2026-03-12 07:29:00,171 log 627587 127920180813952 Internal Server Error: /cl/es/accounts/login/
Traceback (most recent call last):
  File "/srv/egarage/venv/lib/python3.12/site-packages/django/core/handlers/exception.py", line 55, in inner
    response = get_response(request)
               ^^^^^^^^^^^^^^^^^^^^^
  File "/srv/egarage/venv/lib/python3.12/site-packages/django/core/handlers/base.py", line 220, in _get_response
    response = response.render()
               ^^^^^^^^^^^^^^^^^
  File "/srv/egarage/venv/lib/python3.12/site-packages/django/template/response.py", line 114, in render
    self.content = self.rendered_content
                   ^^^^^^^^^^^^^^^^^^^^^
  File "/srv/egarage/venv/lib/python3.12/site-packages/django/template/response.py", line 92, in rendered_content
    return template.render(context, self._request)
           ^^^^^^^^^^^^^^^^^^^^^^^^^^^^^^^^^^^^^^^
  File "/srv/egarage/venv/lib/python3.12/site-packages/django/template/backends/django.py", line 61, in render
    return self.template.render(context)
           ^^^^^^^^^^^^^^^^^^^^^^^^^^^^^
  File "/srv/egarage/venv/lib/python3.12/site-packages/django/template/base.py", line 175, in render
    return self._render(context)
           ^^^^^^^^^^^^^^^^^^^^^
  File "/srv/egarage/venv/lib/python3.12/site-packages/django/template/base.py", line 167, in _render
    return self.nodelist.render(context)
           ^^^^^^^^^^^^^^^^^^^^^^^^^^^^^
  File "/srv/egarage/venv/lib/python3.12/site-packages/django/template/base.py", line 1005, in render
    return SafeString("".join([node.render_annotated(context) for node in self]))
                               ^^^^^^^^^^^^^^^^^^^^^^^^^^^^^^
  File "/srv/egarage/venv/lib/python3.12/site-packages/django/template/base.py", line 966, in render_annotated
    return self.render(context)
           ^^^^^^^^^^^^^^^^^^^^
  File "/srv/egarage/venv/lib/python3.12/site-packages/django/template/loader_tags.py", line 157, in render
    return compiled_parent._render(context)
           ^^^^^^^^^^^^^^^^^^^^^^^^^^^^^^^^
  File "/srv/egarage/venv/lib/python3.12/site-packages/django/template/base.py", line 167, in _render
    return self.nodelist.render(context)
           ^^^^^^^^^^^^^^^^^^^^^^^^^^^^^
  File "/srv/egarage/venv/lib/python3.12/site-packages/django/template/base.py", line 1005, in render
    return SafeString("".join([node.render_annotated(context) for node in self]))
                               ^^^^^^^^^^^^^^^^^^^^^^^^^^^^^^
  File "/srv/egarage/venv/lib/python3.12/site-packages/django/template/base.py", line 966, in render_annotated
    return self.render(context)
           ^^^^^^^^^^^^^^^^^^^^
  File "/srv/egarage/venv/lib/python3.12/site-packages/django/templatetags/static.py", line 116, in render
    url = self.url(context)
          ^^^^^^^^^^^^^^^^^
  File "/srv/egarage/venv/lib/python3.12/site-packages/django/templatetags/static.py", line 113, in url
    return self.handle_simple(path)
           ^^^^^^^^^^^^^^^^^^^^^^^^
  File "/srv/egarage/venv/lib/python3.12/site-packages/django/templatetags/static.py", line 129, in handle_simple
    return staticfiles_storage.url(path)
           ^^^^^^^^^^^^^^^^^^^^^^^^^^^^^
  File "/srv/egarage/venv/lib/python3.12/site-packages/django/contrib/staticfiles/storage.py", line 203, in url
    return self._url(self.stored_name, name, force)
           ^^^^^^^^^^^^^^^^^^^^^^^^^^^^^^^^^^^^^^^^
  File "/srv/egarage/venv/lib/python3.12/site-packages/django/contrib/staticfiles/storage.py", line 182, in _url
    hashed_name = hashed_name_func(*args)
                  ^^^^^^^^^^^^^^^^^^^^^^^
  File "/srv/egarage/venv/lib/python3.12/site-packages/django/contrib/staticfiles/storage.py", line 513, in stored_name
    raise ValueError(
ValueError: Missing staticfiles manifest entry for 'css/output.css'
ERROR 2026-03-12 07:32:57,523 log 627587 127920180813952 Invalid HTTP_HOST header: '159.223.200.106'. You may need to add '159.223.200.106' to ALLOWED_HOSTS.
Traceback (most recent call last):
  File "/srv/egarage/venv/lib/python3.12/site-packages/django/core/handlers/exception.py", line 55, in inner
    response = get_response(request)
               ^^^^^^^^^^^^^^^^^^^^^
  File "/srv/egarage/venv/lib/python3.12/site-packages/django/utils/deprecation.py", line 133, in __call__
    response = self.process_request(request)
               ^^^^^^^^^^^^^^^^^^^^^^^^^^^^^
  File "/srv/egarage/venv/lib/python3.12/site-packages/django/middleware/common.py", line 48, in process_request
    host = request.get_host()
           ^^^^^^^^^^^^^^^^^^
  File "/srv/egarage/venv/lib/python3.12/site-packages/django/http/request.py", line 150, in get_host
    raise DisallowedHost(msg)
django.core.exceptions.DisallowedHost: Invalid HTTP_HOST header: '159.223.200.106'. You may need to add '159.223.200.106' to ALLOWED_HOSTS.
ERROR 2026-03-12 07:41:17,125 log 627588 127920180813952 Internal Server Error: /cl/accounts/login/
Traceback (most recent call last):
  File "/srv/egarage/venv/lib/python3.12/site-packages/django/core/handlers/exception.py", line 55, in inner
    response = get_response(request)
               ^^^^^^^^^^^^^^^^^^^^^
  File "/srv/egarage/venv/lib/python3.12/site-packages/django/core/handlers/base.py", line 220, in _get_response
    response = response.render()
               ^^^^^^^^^^^^^^^^^
  File "/srv/egarage/venv/lib/python3.12/site-packages/django/template/response.py", line 114, in render
    self.content = self.rendered_content
                   ^^^^^^^^^^^^^^^^^^^^^
  File "/srv/egarage/venv/lib/python3.12/site-packages/django/template/response.py", line 92, in rendered_content
    return template.render(context, self._request)
           ^^^^^^^^^^^^^^^^^^^^^^^^^^^^^^^^^^^^^^^
  File "/srv/egarage/venv/lib/python3.12/site-packages/django/template/backends/django.py", line 61, in render
    return self.template.render(context)
           ^^^^^^^^^^^^^^^^^^^^^^^^^^^^^
  File "/srv/egarage/venv/lib/python3.12/site-packages/django/template/base.py", line 175, in render
    return self._render(context)
           ^^^^^^^^^^^^^^^^^^^^^
  File "/srv/egarage/venv/lib/python3.12/site-packages/django/template/base.py", line 167, in _render
    return self.nodelist.render(context)
           ^^^^^^^^^^^^^^^^^^^^^^^^^^^^^
  File "/srv/egarage/venv/lib/python3.12/site-packages/django/template/base.py", line 1005, in render
    return SafeString("".join([node.render_annotated(context) for node in self]))
                               ^^^^^^^^^^^^^^^^^^^^^^^^^^^^^^
  File "/srv/egarage/venv/lib/python3.12/site-packages/django/template/base.py", line 966, in render_annotated
    return self.render(context)
           ^^^^^^^^^^^^^^^^^^^^
  File "/srv/egarage/venv/lib/python3.12/site-packages/django/template/loader_tags.py", line 157, in render
    return compiled_parent._render(context)
           ^^^^^^^^^^^^^^^^^^^^^^^^^^^^^^^^
  File "/srv/egarage/venv/lib/python3.12/site-packages/django/template/base.py", line 167, in _render
    return self.nodelist.render(context)
           ^^^^^^^^^^^^^^^^^^^^^^^^^^^^^
  File "/srv/egarage/venv/lib/python3.12/site-packages/django/template/base.py", line 1005, in render
    return SafeString("".join([node.render_annotated(context) for node in self]))
                               ^^^^^^^^^^^^^^^^^^^^^^^^^^^^^^
  File "/srv/egarage/venv/lib/python3.12/site-packages/django/template/base.py", line 966, in render_annotated
    return self.render(context)
           ^^^^^^^^^^^^^^^^^^^^
  File "/srv/egarage/venv/lib/python3.12/site-packages/django/templatetags/static.py", line 116, in render
    url = self.url(context)
          ^^^^^^^^^^^^^^^^^
  File "/srv/egarage/venv/lib/python3.12/site-packages/django/templatetags/static.py", line 113, in url
    return self.handle_simple(path)
           ^^^^^^^^^^^^^^^^^^^^^^^^
  File "/srv/egarage/venv/lib/python3.12/site-packages/django/templatetags/static.py", line 129, in handle_simple
    return staticfiles_storage.url(path)
           ^^^^^^^^^^^^^^^^^^^^^^^^^^^^^
  File "/srv/egarage/venv/lib/python3.12/site-packages/django/contrib/staticfiles/storage.py", line 203, in url
    return self._url(self.stored_name, name, force)
           ^^^^^^^^^^^^^^^^^^^^^^^^^^^^^^^^^^^^^^^^
  File "/srv/egarage/venv/lib/python3.12/site-packages/django/contrib/staticfiles/storage.py", line 182, in _url
    hashed_name = hashed_name_func(*args)
                  ^^^^^^^^^^^^^^^^^^^^^^^
  File "/srv/egarage/venv/lib/python3.12/site-packages/django/contrib/staticfiles/storage.py", line 513, in stored_name
    raise ValueError(
ValueError: Missing staticfiles manifest entry for 'css/output.css'
ERROR 2026-03-12 08:37:22,745 log 627588 127920180813952 Invalid HTTP_HOST header: '159.223.200.106'. You may need to add '159.223.200.106' to ALLOWED_HOSTS.
Traceback (most recent call last):
  File "/srv/egarage/venv/lib/python3.12/site-packages/django/core/handlers/exception.py", line 55, in inner
    response = get_response(request)
               ^^^^^^^^^^^^^^^^^^^^^
  File "/srv/egarage/venv/lib/python3.12/site-packages/django/utils/deprecation.py", line 133, in __call__
    response = self.process_request(request)
               ^^^^^^^^^^^^^^^^^^^^^^^^^^^^^
  File "/srv/egarage/venv/lib/python3.12/site-packages/django/middleware/common.py", line 48, in process_request
    host = request.get_host()
           ^^^^^^^^^^^^^^^^^^
  File "/srv/egarage/venv/lib/python3.12/site-packages/django/http/request.py", line 150, in get_host
    raise DisallowedHost(msg)
django.core.exceptions.DisallowedHost: Invalid HTTP_HOST header: '159.223.200.106'. You may need to add '159.223.200.106' to ALLOWED_HOSTS.
ERROR 2026-03-12 08:43:57,167 log 627587 127920180813952 Internal Server Error: /accounts/signup/
Traceback (most recent call last):
  File "/srv/egarage/venv/lib/python3.12/site-packages/django/core/handlers/exception.py", line 55, in inner
    response = get_response(request)
               ^^^^^^^^^^^^^^^^^^^^^
  File "/srv/egarage/venv/lib/python3.12/site-packages/django/core/handlers/base.py", line 197, in _get_response
    response = wrapped_callback(request, *callback_args, **callback_kwargs)
               ^^^^^^^^^^^^^^^^^^^^^^^^^^^^^^^^^^^^^^^^^^^^^^^^^^^^^^^^^^^^
  File "/srv/egarage/venv/lib/python3.12/site-packages/django/views/generic/base.py", line 105, in view
    return self.dispatch(request, *args, **kwargs)
           ^^^^^^^^^^^^^^^^^^^^^^^^^^^^^^^^^^^^^^^
  File "/srv/egarage/venv/lib/python3.12/site-packages/django/utils/decorators.py", line 46, in _wrapper
    return bound_method(*args, **kwargs)
           ^^^^^^^^^^^^^^^^^^^^^^^^^^^^^
  File "/srv/egarage/venv/lib/python3.12/site-packages/allauth/decorators.py", line 12, in wrap
    resp = function(request, *args, **kwargs)
           ^^^^^^^^^^^^^^^^^^^^^^^^^^^^^^^^^^
  File "/srv/egarage/venv/lib/python3.12/site-packages/django/utils/decorators.py", line 46, in _wrapper
    return bound_method(*args, **kwargs)
           ^^^^^^^^^^^^^^^^^^^^^^^^^^^^^
  File "/srv/egarage/venv/lib/python3.12/site-packages/django/utils/decorators.py", line 46, in _wrapper
    return bound_method(*args, **kwargs)
           ^^^^^^^^^^^^^^^^^^^^^^^^^^^^^
  File "/srv/egarage/venv/lib/python3.12/site-packages/django/views/decorators/debug.py", line 92, in sensitive_post_parameters_wrapper
    return view(request, *args, **kwargs)
           ^^^^^^^^^^^^^^^^^^^^^^^^^^^^^^
  File "/srv/egarage/venv/lib/python3.12/site-packages/django/utils/decorators.py", line 46, in _wrapper
    return bound_method(*args, **kwargs)
           ^^^^^^^^^^^^^^^^^^^^^^^^^^^^^
  File "/srv/egarage/venv/lib/python3.12/site-packages/django/views/decorators/cache.py", line 62, in _wrapper_view_func
    response = view_func(request, *args, **kwargs)
               ^^^^^^^^^^^^^^^^^^^^^^^^^^^^^^^^^^^
  File "/srv/egarage/venv/lib/python3.12/site-packages/allauth/account/views.py", line 167, in dispatch
    return super().dispatch(request, *args, **kwargs)
           ^^^^^^^^^^^^^^^^^^^^^^^^^^^^^^^^^^^^^^^^^^
  File "/srv/egarage/venv/lib/python3.12/site-packages/django/utils/decorators.py", line 46, in _wrapper
    return bound_method(*args, **kwargs)
           ^^^^^^^^^^^^^^^^^^^^^^^^^^^^^
  File "/srv/egarage/venv/lib/python3.12/site-packages/django/utils/decorators.py", line 46, in _wrapper
    return bound_method(*args, **kwargs)
           ^^^^^^^^^^^^^^^^^^^^^^^^^^^^^
  File "/srv/egarage/venv/lib/python3.12/site-packages/django/views/decorators/cache.py", line 62, in _wrapper_view_func
    response = view_func(request, *args, **kwargs)
               ^^^^^^^^^^^^^^^^^^^^^^^^^^^^^^^^^^^
  File "/srv/egarage/venv/lib/python3.12/site-packages/allauth/account/mixins.py", line 53, in dispatch
    response = super().dispatch(request, *args, **kwargs)
               ^^^^^^^^^^^^^^^^^^^^^^^^^^^^^^^^^^^^^^^^^^
  File "/srv/egarage/venv/lib/python3.12/site-packages/allauth/account/mixins.py", line 118, in dispatch
    return super().dispatch(request, *args, **kwargs)
           ^^^^^^^^^^^^^^^^^^^^^^^^^^^^^^^^^^^^^^^^^^
  File "/srv/egarage/venv/lib/python3.12/site-packages/django/views/generic/base.py", line 144, in dispatch
    return handler(request, *args, **kwargs)
           ^^^^^^^^^^^^^^^^^^^^^^^^^^^^^^^^^
  File "/srv/egarage/venv/lib/python3.12/site-packages/allauth/account/mixins.py", line 72, in get
    response = super().get(request, *args, **kwargs)
               ^^^^^^^^^^^^^^^^^^^^^^^^^^^^^^^^^^^^^
  File "/srv/egarage/venv/lib/python3.12/site-packages/django/views/generic/edit.py", line 144, in get
    return self.render_to_response(self.get_context_data())
                                   ^^^^^^^^^^^^^^^^^^^^^^^
  File "/srv/egarage/taller/views_extra/custom_signup.py", line 53, in get_context_data
    context = super().get_context_data(**kwargs)
              ^^^^^^^^^^^^^^^^^^^^^^^^^^^^^^^^^^
  File "/srv/egarage/venv/lib/python3.12/site-packages/allauth/account/views.py", line 188, in get_context_data
    ret = super().get_context_data(**kwargs)
          ^^^^^^^^^^^^^^^^^^^^^^^^^^^^^^^^^^
  File "/srv/egarage/venv/lib/python3.12/site-packages/allauth/account/mixins.py", line 135, in get_context_data
    ret = super().get_context_data(**kwargs)
          ^^^^^^^^^^^^^^^^^^^^^^^^^^^^^^^^^^
  File "/srv/egarage/venv/lib/python3.12/site-packages/django/views/generic/edit.py", line 74, in get_context_data
    kwargs["form"] = self.get_form()
                     ^^^^^^^^^^^^^^^
  File "/srv/egarage/venv/lib/python3.12/site-packages/allauth/account/mixins.py", line 92, in get_form
    form = super().get_form(form_class)
           ^^^^^^^^^^^^^^^^^^^^^^^^^^^^
  File "/srv/egarage/venv/lib/python3.12/site-packages/django/views/generic/edit.py", line 39, in get_form
    return form_class(**self.get_form_kwargs())
           ^^^^^^^^^^^^^^^^^^^^^^^^^^^^^^^^^^^^
  File "/srv/egarage/taller/forms/custom_signup.py", line 90, in __init__
    super().__init__(*args, **kwargs)
  File "/srv/egarage/venv/lib/python3.12/site-packages/allauth/account/forms.py", line 446, in __init__
    super().__init__(*args, **kwargs)
  File "/srv/egarage/venv/lib/python3.12/site-packages/allauth/account/forms.py", line 275, in __init__
    super().__init__(*args, **kwargs)
TypeError: BaseForm.__init__() got an unexpected keyword argument 'request'
ERROR 2026-03-12 08:54:52,477 log 627588 127920180813952 Internal Server Error: /cl/accounts/login/
Traceback (most recent call last):
  File "/srv/egarage/venv/lib/python3.12/site-packages/django/core/handlers/exception.py", line 55, in inner
    response = get_response(request)
               ^^^^^^^^^^^^^^^^^^^^^
  File "/srv/egarage/venv/lib/python3.12/site-packages/django/core/handlers/base.py", line 220, in _get_response
    response = response.render()
               ^^^^^^^^^^^^^^^^^
  File "/srv/egarage/venv/lib/python3.12/site-packages/django/template/response.py", line 114, in render
    self.content = self.rendered_content
                   ^^^^^^^^^^^^^^^^^^^^^
  File "/srv/egarage/venv/lib/python3.12/site-packages/django/template/response.py", line 92, in rendered_content
    return template.render(context, self._request)
           ^^^^^^^^^^^^^^^^^^^^^^^^^^^^^^^^^^^^^^^
  File "/srv/egarage/venv/lib/python3.12/site-packages/django/template/backends/django.py", line 61, in render
    return self.template.render(context)
           ^^^^^^^^^^^^^^^^^^^^^^^^^^^^^
  File "/srv/egarage/venv/lib/python3.12/site-packages/django/template/base.py", line 175, in render
    return self._render(context)
           ^^^^^^^^^^^^^^^^^^^^^
  File "/srv/egarage/venv/lib/python3.12/site-packages/django/template/base.py", line 167, in _render
    return self.nodelist.render(context)
           ^^^^^^^^^^^^^^^^^^^^^^^^^^^^^
  File "/srv/egarage/venv/lib/python3.12/site-packages/django/template/base.py", line 1005, in render
    return SafeString("".join([node.render_annotated(context) for node in self]))
                               ^^^^^^^^^^^^^^^^^^^^^^^^^^^^^^
  File "/srv/egarage/venv/lib/python3.12/site-packages/django/template/base.py", line 966, in render_annotated
    return self.render(context)
           ^^^^^^^^^^^^^^^^^^^^
  File "/srv/egarage/venv/lib/python3.12/site-packages/django/template/loader_tags.py", line 157, in render
    return compiled_parent._render(context)
           ^^^^^^^^^^^^^^^^^^^^^^^^^^^^^^^^
  File "/srv/egarage/venv/lib/python3.12/site-packages/django/template/base.py", line 167, in _render
    return self.nodelist.render(context)
           ^^^^^^^^^^^^^^^^^^^^^^^^^^^^^
  File "/srv/egarage/venv/lib/python3.12/site-packages/django/template/base.py", line 1005, in render
    return SafeString("".join([node.render_annotated(context) for node in self]))
                               ^^^^^^^^^^^^^^^^^^^^^^^^^^^^^^
  File "/srv/egarage/venv/lib/python3.12/site-packages/django/template/base.py", line 966, in render_annotated
    return self.render(context)
           ^^^^^^^^^^^^^^^^^^^^
  File "/srv/egarage/venv/lib/python3.12/site-packages/django/templatetags/static.py", line 116, in render
    url = self.url(context)
          ^^^^^^^^^^^^^^^^^
  File "/srv/egarage/venv/lib/python3.12/site-packages/django/templatetags/static.py", line 113, in url
    return self.handle_simple(path)
           ^^^^^^^^^^^^^^^^^^^^^^^^
  File "/srv/egarage/venv/lib/python3.12/site-packages/django/templatetags/static.py", line 129, in handle_simple
    return staticfiles_storage.url(path)
           ^^^^^^^^^^^^^^^^^^^^^^^^^^^^^
  File "/srv/egarage/venv/lib/python3.12/site-packages/django/contrib/staticfiles/storage.py", line 203, in url
    return self._url(self.stored_name, name, force)
           ^^^^^^^^^^^^^^^^^^^^^^^^^^^^^^^^^^^^^^^^
  File "/srv/egarage/venv/lib/python3.12/site-packages/django/contrib/staticfiles/storage.py", line 182, in _url
    hashed_name = hashed_name_func(*args)
                  ^^^^^^^^^^^^^^^^^^^^^^^
  File "/srv/egarage/venv/lib/python3.12/site-packages/django/contrib/staticfiles/storage.py", line 513, in stored_name
    raise ValueError(
ValueError: Missing staticfiles manifest entry for 'css/output.css'
ERROR 2026-03-12 09:05:47,664 log 627588 127920180813952 Internal Server Error: /
Traceback (most recent call last):
  File "/srv/egarage/venv/lib/python3.12/site-packages/django/core/handlers/exception.py", line 55, in inner
    response = get_response(request)
               ^^^^^^^^^^^^^^^^^^^^^
  File "/srv/egarage/venv/lib/python3.12/site-packages/django/core/handlers/base.py", line 220, in _get_response
    response = response.render()
               ^^^^^^^^^^^^^^^^^
  File "/srv/egarage/venv/lib/python3.12/site-packages/django/template/response.py", line 114, in render
    self.content = self.rendered_content
                   ^^^^^^^^^^^^^^^^^^^^^
  File "/srv/egarage/venv/lib/python3.12/site-packages/django/template/response.py", line 92, in rendered_content
    return template.render(context, self._request)
           ^^^^^^^^^^^^^^^^^^^^^^^^^^^^^^^^^^^^^^^
  File "/srv/egarage/venv/lib/python3.12/site-packages/django/template/backends/django.py", line 61, in render
    return self.template.render(context)
           ^^^^^^^^^^^^^^^^^^^^^^^^^^^^^
  File "/srv/egarage/venv/lib/python3.12/site-packages/django/template/base.py", line 175, in render
    return self._render(context)
           ^^^^^^^^^^^^^^^^^^^^^
  File "/srv/egarage/venv/lib/python3.12/site-packages/django/template/base.py", line 167, in _render
    return self.nodelist.render(context)
           ^^^^^^^^^^^^^^^^^^^^^^^^^^^^^
  File "/srv/egarage/venv/lib/python3.12/site-packages/django/template/base.py", line 1005, in render
    return SafeString("".join([node.render_annotated(context) for node in self]))
                               ^^^^^^^^^^^^^^^^^^^^^^^^^^^^^^
  File "/srv/egarage/venv/lib/python3.12/site-packages/django/template/base.py", line 966, in render_annotated
    return self.render(context)
           ^^^^^^^^^^^^^^^^^^^^
  File "/srv/egarage/venv/lib/python3.12/site-packages/django/templatetags/static.py", line 116, in render
    url = self.url(context)
          ^^^^^^^^^^^^^^^^^
  File "/srv/egarage/venv/lib/python3.12/site-packages/django/templatetags/static.py", line 113, in url
    return self.handle_simple(path)
           ^^^^^^^^^^^^^^^^^^^^^^^^
  File "/srv/egarage/venv/lib/python3.12/site-packages/django/templatetags/static.py", line 129, in handle_simple
    return staticfiles_storage.url(path)
           ^^^^^^^^^^^^^^^^^^^^^^^^^^^^^
  File "/srv/egarage/venv/lib/python3.12/site-packages/django/contrib/staticfiles/storage.py", line 203, in url
    return self._url(self.stored_name, name, force)
           ^^^^^^^^^^^^^^^^^^^^^^^^^^^^^^^^^^^^^^^^
  File "/srv/egarage/venv/lib/python3.12/site-packages/django/contrib/staticfiles/storage.py", line 182, in _url
    hashed_name = hashed_name_func(*args)
                  ^^^^^^^^^^^^^^^^^^^^^^^
  File "/srv/egarage/venv/lib/python3.12/site-packages/django/contrib/staticfiles/storage.py", line 513, in stored_name
    raise ValueError(
ValueError: Missing staticfiles manifest entry for 'img/egarage_logo.png'
ERROR 2026-03-12 09:06:34,781 log 627587 127920180813952 Internal Server Error: /
Traceback (most recent call last):
  File "/srv/egarage/venv/lib/python3.12/site-packages/django/core/handlers/exception.py", line 55, in inner
    response = get_response(request)
               ^^^^^^^^^^^^^^^^^^^^^
  File "/srv/egarage/venv/lib/python3.12/site-packages/django/core/handlers/base.py", line 220, in _get_response
    response = response.render()
               ^^^^^^^^^^^^^^^^^
  File "/srv/egarage/venv/lib/python3.12/site-packages/django/template/response.py", line 114, in render
    self.content = self.rendered_content
                   ^^^^^^^^^^^^^^^^^^^^^
  File "/srv/egarage/venv/lib/python3.12/site-packages/django/template/response.py", line 92, in rendered_content
    return template.render(context, self._request)
           ^^^^^^^^^^^^^^^^^^^^^^^^^^^^^^^^^^^^^^^
  File "/srv/egarage/venv/lib/python3.12/site-packages/django/template/backends/django.py", line 61, in render
    return self.template.render(context)
           ^^^^^^^^^^^^^^^^^^^^^^^^^^^^^
  File "/srv/egarage/venv/lib/python3.12/site-packages/django/template/base.py", line 175, in render
    return self._render(context)
           ^^^^^^^^^^^^^^^^^^^^^
  File "/srv/egarage/venv/lib/python3.12/site-packages/django/template/base.py", line 167, in _render
    return self.nodelist.render(context)
           ^^^^^^^^^^^^^^^^^^^^^^^^^^^^^
  File "/srv/egarage/venv/lib/python3.12/site-packages/django/template/base.py", line 1005, in render
    return SafeString("".join([node.render_annotated(context) for node in self]))
                               ^^^^^^^^^^^^^^^^^^^^^^^^^^^^^^
  File "/srv/egarage/venv/lib/python3.12/site-packages/django/template/base.py", line 966, in render_annotated
    return self.render(context)
           ^^^^^^^^^^^^^^^^^^^^
  File "/srv/egarage/venv/lib/python3.12/site-packages/django/templatetags/static.py", line 116, in render
    url = self.url(context)
          ^^^^^^^^^^^^^^^^^
  File "/srv/egarage/venv/lib/python3.12/site-packages/django/templatetags/static.py", line 113, in url
    return self.handle_simple(path)
           ^^^^^^^^^^^^^^^^^^^^^^^^
  File "/srv/egarage/venv/lib/python3.12/site-packages/django/templatetags/static.py", line 129, in handle_simple
    return staticfiles_storage.url(path)
           ^^^^^^^^^^^^^^^^^^^^^^^^^^^^^
  File "/srv/egarage/venv/lib/python3.12/site-packages/django/contrib/staticfiles/storage.py", line 203, in url
    return self._url(self.stored_name, name, force)
           ^^^^^^^^^^^^^^^^^^^^^^^^^^^^^^^^^^^^^^^^
  File "/srv/egarage/venv/lib/python3.12/site-packages/django/contrib/staticfiles/storage.py", line 182, in _url
    hashed_name = hashed_name_func(*args)
                  ^^^^^^^^^^^^^^^^^^^^^^^
  File "/srv/egarage/venv/lib/python3.12/site-packages/django/contrib/staticfiles/storage.py", line 513, in stored_name
    raise ValueError(
ValueError: Missing staticfiles manifest entry for 'img/egarage_logo.png'
ERROR 2026-03-12 09:06:35,326 log 627588 127920180813952 Internal Server Error: /
Traceback (most recent call last):
  File "/srv/egarage/venv/lib/python3.12/site-packages/django/core/handlers/exception.py", line 55, in inner
    response = get_response(request)
               ^^^^^^^^^^^^^^^^^^^^^
  File "/srv/egarage/venv/lib/python3.12/site-packages/django/core/handlers/base.py", line 220, in _get_response
    response = response.render()
               ^^^^^^^^^^^^^^^^^
  File "/srv/egarage/venv/lib/python3.12/site-packages/django/template/response.py", line 114, in render
    self.content = self.rendered_content
                   ^^^^^^^^^^^^^^^^^^^^^
  File "/srv/egarage/venv/lib/python3.12/site-packages/django/template/response.py", line 92, in rendered_content
    return template.render(context, self._request)
           ^^^^^^^^^^^^^^^^^^^^^^^^^^^^^^^^^^^^^^^
  File "/srv/egarage/venv/lib/python3.12/site-packages/django/template/backends/django.py", line 61, in render
    return self.template.render(context)
           ^^^^^^^^^^^^^^^^^^^^^^^^^^^^^
  File "/srv/egarage/venv/lib/python3.12/site-packages/django/template/base.py", line 175, in render
    return self._render(context)
           ^^^^^^^^^^^^^^^^^^^^^
  File "/srv/egarage/venv/lib/python3.12/site-packages/django/template/base.py", line 167, in _render
    return self.nodelist.render(context)
           ^^^^^^^^^^^^^^^^^^^^^^^^^^^^^
  File "/srv/egarage/venv/lib/python3.12/site-packages/django/template/base.py", line 1005, in render
    return SafeString("".join([node.render_annotated(context) for node in self]))
                               ^^^^^^^^^^^^^^^^^^^^^^^^^^^^^^
  File "/srv/egarage/venv/lib/python3.12/site-packages/django/template/base.py", line 966, in render_annotated
    return self.render(context)
           ^^^^^^^^^^^^^^^^^^^^
  File "/srv/egarage/venv/lib/python3.12/site-packages/django/templatetags/static.py", line 116, in render
    url = self.url(context)
          ^^^^^^^^^^^^^^^^^
  File "/srv/egarage/venv/lib/python3.12/site-packages/django/templatetags/static.py", line 113, in url
    return self.handle_simple(path)
           ^^^^^^^^^^^^^^^^^^^^^^^^
  File "/srv/egarage/venv/lib/python3.12/site-packages/django/templatetags/static.py", line 129, in handle_simple
    return staticfiles_storage.url(path)
           ^^^^^^^^^^^^^^^^^^^^^^^^^^^^^
  File "/srv/egarage/venv/lib/python3.12/site-packages/django/contrib/staticfiles/storage.py", line 203, in url
    return self._url(self.stored_name, name, force)
           ^^^^^^^^^^^^^^^^^^^^^^^^^^^^^^^^^^^^^^^^
  File "/srv/egarage/venv/lib/python3.12/site-packages/django/contrib/staticfiles/storage.py", line 182, in _url
    hashed_name = hashed_name_func(*args)
                  ^^^^^^^^^^^^^^^^^^^^^^^
  File "/srv/egarage/venv/lib/python3.12/site-packages/django/contrib/staticfiles/storage.py", line 513, in stored_name
    raise ValueError(
ValueError: Missing staticfiles manifest entry for 'img/egarage_logo.png'
ERROR 2026-03-12 09:06:35,880 log 627588 127920180813952 Internal Server Error: /
Traceback (most recent call last):
  File "/srv/egarage/venv/lib/python3.12/site-packages/django/core/handlers/exception.py", line 55, in inner
    response = get_response(request)
               ^^^^^^^^^^^^^^^^^^^^^
  File "/srv/egarage/venv/lib/python3.12/site-packages/django/core/handlers/base.py", line 220, in _get_response
    response = response.render()
               ^^^^^^^^^^^^^^^^^
  File "/srv/egarage/venv/lib/python3.12/site-packages/django/template/response.py", line 114, in render
    self.content = self.rendered_content
                   ^^^^^^^^^^^^^^^^^^^^^
  File "/srv/egarage/venv/lib/python3.12/site-packages/django/template/response.py", line 92, in rendered_content
    return template.render(context, self._request)
           ^^^^^^^^^^^^^^^^^^^^^^^^^^^^^^^^^^^^^^^
  File "/srv/egarage/venv/lib/python3.12/site-packages/django/template/backends/django.py", line 61, in render
    return self.template.render(context)
           ^^^^^^^^^^^^^^^^^^^^^^^^^^^^^
  File "/srv/egarage/venv/lib/python3.12/site-packages/django/template/base.py", line 175, in render
    return self._render(context)
           ^^^^^^^^^^^^^^^^^^^^^
  File "/srv/egarage/venv/lib/python3.12/site-packages/django/template/base.py", line 167, in _render
    return self.nodelist.render(context)
           ^^^^^^^^^^^^^^^^^^^^^^^^^^^^^
  File "/srv/egarage/venv/lib/python3.12/site-packages/django/template/base.py", line 1005, in render
    return SafeString("".join([node.render_annotated(context) for node in self]))
                               ^^^^^^^^^^^^^^^^^^^^^^^^^^^^^^
  File "/srv/egarage/venv/lib/python3.12/site-packages/django/template/base.py", line 966, in render_annotated
    return self.render(context)
           ^^^^^^^^^^^^^^^^^^^^
  File "/srv/egarage/venv/lib/python3.12/site-packages/django/templatetags/static.py", line 116, in render
    url = self.url(context)
          ^^^^^^^^^^^^^^^^^
  File "/srv/egarage/venv/lib/python3.12/site-packages/django/templatetags/static.py", line 113, in url
    return self.handle_simple(path)
           ^^^^^^^^^^^^^^^^^^^^^^^^
  File "/srv/egarage/venv/lib/python3.12/site-packages/django/templatetags/static.py", line 129, in handle_simple
    return staticfiles_storage.url(path)
           ^^^^^^^^^^^^^^^^^^^^^^^^^^^^^
  File "/srv/egarage/venv/lib/python3.12/site-packages/django/contrib/staticfiles/storage.py", line 203, in url
    return self._url(self.stored_name, name, force)
           ^^^^^^^^^^^^^^^^^^^^^^^^^^^^^^^^^^^^^^^^
  File "/srv/egarage/venv/lib/python3.12/site-packages/django/contrib/staticfiles/storage.py", line 182, in _url
    hashed_name = hashed_name_func(*args)
                  ^^^^^^^^^^^^^^^^^^^^^^^
  File "/srv/egarage/venv/lib/python3.12/site-packages/django/contrib/staticfiles/storage.py", line 513, in stored_name
    raise ValueError(
ValueError: Missing staticfiles manifest entry for 'img/egarage_logo.png'
ERROR 2026-03-12 09:06:36,481 log 627587 127920180813952 Internal Server Error: /
Traceback (most recent call last):
  File "/srv/egarage/venv/lib/python3.12/site-packages/django/core/handlers/exception.py", line 55, in inner
    response = get_response(request)
               ^^^^^^^^^^^^^^^^^^^^^
  File "/srv/egarage/venv/lib/python3.12/site-packages/django/core/handlers/base.py", line 220, in _get_response
    response = response.render()
               ^^^^^^^^^^^^^^^^^
  File "/srv/egarage/venv/lib/python3.12/site-packages/django/template/response.py", line 114, in render
    self.content = self.rendered_content
                   ^^^^^^^^^^^^^^^^^^^^^
  File "/srv/egarage/venv/lib/python3.12/site-packages/django/template/response.py", line 92, in rendered_content
    return template.render(context, self._request)
           ^^^^^^^^^^^^^^^^^^^^^^^^^^^^^^^^^^^^^^^
  File "/srv/egarage/venv/lib/python3.12/site-packages/django/template/backends/django.py", line 61, in render
    return self.template.render(context)
           ^^^^^^^^^^^^^^^^^^^^^^^^^^^^^
  File "/srv/egarage/venv/lib/python3.12/site-packages/django/template/base.py", line 175, in render
    return self._render(context)
           ^^^^^^^^^^^^^^^^^^^^^
  File "/srv/egarage/venv/lib/python3.12/site-packages/django/template/base.py", line 167, in _render
    return self.nodelist.render(context)
           ^^^^^^^^^^^^^^^^^^^^^^^^^^^^^
  File "/srv/egarage/venv/lib/python3.12/site-packages/django/template/base.py", line 1005, in render
    return SafeString("".join([node.render_annotated(context) for node in self]))
                               ^^^^^^^^^^^^^^^^^^^^^^^^^^^^^^
  File "/srv/egarage/venv/lib/python3.12/site-packages/django/template/base.py", line 966, in render_annotated
    return self.render(context)
           ^^^^^^^^^^^^^^^^^^^^
  File "/srv/egarage/venv/lib/python3.12/site-packages/django/templatetags/static.py", line 116, in render
    url = self.url(context)
          ^^^^^^^^^^^^^^^^^
  File "/srv/egarage/venv/lib/python3.12/site-packages/django/templatetags/static.py", line 113, in url
    return self.handle_simple(path)
           ^^^^^^^^^^^^^^^^^^^^^^^^
  File "/srv/egarage/venv/lib/python3.12/site-packages/django/templatetags/static.py", line 129, in handle_simple
    return staticfiles_storage.url(path)
           ^^^^^^^^^^^^^^^^^^^^^^^^^^^^^
  File "/srv/egarage/venv/lib/python3.12/site-packages/django/contrib/staticfiles/storage.py", line 203, in url
    return self._url(self.stored_name, name, force)
           ^^^^^^^^^^^^^^^^^^^^^^^^^^^^^^^^^^^^^^^^
  File "/srv/egarage/venv/lib/python3.12/site-packages/django/contrib/staticfiles/storage.py", line 182, in _url
    hashed_name = hashed_name_func(*args)
                  ^^^^^^^^^^^^^^^^^^^^^^^
  File "/srv/egarage/venv/lib/python3.12/site-packages/django/contrib/staticfiles/storage.py", line 513, in stored_name
    raise ValueError(
ValueError: Missing staticfiles manifest entry for 'img/egarage_logo.png'
ERROR 2026-03-12 09:06:44,415 log 627587 127920180813952 Internal Server Error: /
Traceback (most recent call last):
  File "/srv/egarage/venv/lib/python3.12/site-packages/django/core/handlers/exception.py", line 55, in inner
    response = get_response(request)
               ^^^^^^^^^^^^^^^^^^^^^
  File "/srv/egarage/venv/lib/python3.12/site-packages/django/core/handlers/base.py", line 220, in _get_response
    response = response.render()
               ^^^^^^^^^^^^^^^^^
  File "/srv/egarage/venv/lib/python3.12/site-packages/django/template/response.py", line 114, in render
    self.content = self.rendered_content
                   ^^^^^^^^^^^^^^^^^^^^^
  File "/srv/egarage/venv/lib/python3.12/site-packages/django/template/response.py", line 92, in rendered_content
    return template.render(context, self._request)
           ^^^^^^^^^^^^^^^^^^^^^^^^^^^^^^^^^^^^^^^
  File "/srv/egarage/venv/lib/python3.12/site-packages/django/template/backends/django.py", line 61, in render
    return self.template.render(context)
           ^^^^^^^^^^^^^^^^^^^^^^^^^^^^^
  File "/srv/egarage/venv/lib/python3.12/site-packages/django/template/base.py", line 175, in render
    return self._render(context)
           ^^^^^^^^^^^^^^^^^^^^^
  File "/srv/egarage/venv/lib/python3.12/site-packages/django/template/base.py", line 167, in _render
    return self.nodelist.render(context)
           ^^^^^^^^^^^^^^^^^^^^^^^^^^^^^
  File "/srv/egarage/venv/lib/python3.12/site-packages/django/template/base.py", line 1005, in render
    return SafeString("".join([node.render_annotated(context) for node in self]))
                               ^^^^^^^^^^^^^^^^^^^^^^^^^^^^^^
  File "/srv/egarage/venv/lib/python3.12/site-packages/django/template/base.py", line 966, in render_annotated
    return self.render(context)
           ^^^^^^^^^^^^^^^^^^^^
  File "/srv/egarage/venv/lib/python3.12/site-packages/django/templatetags/static.py", line 116, in render
    url = self.url(context)
          ^^^^^^^^^^^^^^^^^
  File "/srv/egarage/venv/lib/python3.12/site-packages/django/templatetags/static.py", line 113, in url
    return self.handle_simple(path)
           ^^^^^^^^^^^^^^^^^^^^^^^^
  File "/srv/egarage/venv/lib/python3.12/site-packages/django/templatetags/static.py", line 129, in handle_simple
    return staticfiles_storage.url(path)
           ^^^^^^^^^^^^^^^^^^^^^^^^^^^^^
  File "/srv/egarage/venv/lib/python3.12/site-packages/django/contrib/staticfiles/storage.py", line 203, in url
    return self._url(self.stored_name, name, force)
           ^^^^^^^^^^^^^^^^^^^^^^^^^^^^^^^^^^^^^^^^
  File "/srv/egarage/venv/lib/python3.12/site-packages/django/contrib/staticfiles/storage.py", line 182, in _url
    hashed_name = hashed_name_func(*args)
                  ^^^^^^^^^^^^^^^^^^^^^^^
  File "/srv/egarage/venv/lib/python3.12/site-packages/django/contrib/staticfiles/storage.py", line 513, in stored_name
    raise ValueError(
ValueError: Missing staticfiles manifest entry for 'img/egarage_logo.png'
ERROR 2026-03-12 09:06:44,975 log 627588 127920180813952 Internal Server Error: /
Traceback (most recent call last):
  File "/srv/egarage/venv/lib/python3.12/site-packages/django/core/handlers/exception.py", line 55, in inner
    response = get_response(request)
               ^^^^^^^^^^^^^^^^^^^^^
  File "/srv/egarage/venv/lib/python3.12/site-packages/django/core/handlers/base.py", line 220, in _get_response
    response = response.render()
               ^^^^^^^^^^^^^^^^^
  File "/srv/egarage/venv/lib/python3.12/site-packages/django/template/response.py", line 114, in render
    self.content = self.rendered_content
                   ^^^^^^^^^^^^^^^^^^^^^
  File "/srv/egarage/venv/lib/python3.12/site-packages/django/template/response.py", line 92, in rendered_content
    return template.render(context, self._request)
           ^^^^^^^^^^^^^^^^^^^^^^^^^^^^^^^^^^^^^^^
  File "/srv/egarage/venv/lib/python3.12/site-packages/django/template/backends/django.py", line 61, in render
    return self.template.render(context)
           ^^^^^^^^^^^^^^^^^^^^^^^^^^^^^
  File "/srv/egarage/venv/lib/python3.12/site-packages/django/template/base.py", line 175, in render
    return self._render(context)
           ^^^^^^^^^^^^^^^^^^^^^
  File "/srv/egarage/venv/lib/python3.12/site-packages/django/template/base.py", line 167, in _render
    return self.nodelist.render(context)
           ^^^^^^^^^^^^^^^^^^^^^^^^^^^^^
  File "/srv/egarage/venv/lib/python3.12/site-packages/django/template/base.py", line 1005, in render
    return SafeString("".join([node.render_annotated(context) for node in self]))
                               ^^^^^^^^^^^^^^^^^^^^^^^^^^^^^^
  File "/srv/egarage/venv/lib/python3.12/site-packages/django/template/base.py", line 966, in render_annotated
    return self.render(context)
           ^^^^^^^^^^^^^^^^^^^^
  File "/srv/egarage/venv/lib/python3.12/site-packages/django/templatetags/static.py", line 116, in render
    url = self.url(context)
          ^^^^^^^^^^^^^^^^^
  File "/srv/egarage/venv/lib/python3.12/site-packages/django/templatetags/static.py", line 113, in url
    return self.handle_simple(path)
           ^^^^^^^^^^^^^^^^^^^^^^^^
  File "/srv/egarage/venv/lib/python3.12/site-packages/django/templatetags/static.py", line 129, in handle_simple
    return staticfiles_storage.url(path)
           ^^^^^^^^^^^^^^^^^^^^^^^^^^^^^
  File "/srv/egarage/venv/lib/python3.12/site-packages/django/contrib/staticfiles/storage.py", line 203, in url
    return self._url(self.stored_name, name, force)
           ^^^^^^^^^^^^^^^^^^^^^^^^^^^^^^^^^^^^^^^^
  File "/srv/egarage/venv/lib/python3.12/site-packages/django/contrib/staticfiles/storage.py", line 182, in _url
    hashed_name = hashed_name_func(*args)
                  ^^^^^^^^^^^^^^^^^^^^^^^
  File "/srv/egarage/venv/lib/python3.12/site-packages/django/contrib/staticfiles/storage.py", line 513, in stored_name
    raise ValueError(
ValueError: Missing staticfiles manifest entry for 'img/egarage_logo.png'
ERROR 2026-03-12 09:06:45,546 log 627588 127920180813952 Internal Server Error: /
Traceback (most recent call last):
  File "/srv/egarage/venv/lib/python3.12/site-packages/django/core/handlers/exception.py", line 55, in inner
    response = get_response(request)
               ^^^^^^^^^^^^^^^^^^^^^
  File "/srv/egarage/venv/lib/python3.12/site-packages/django/core/handlers/base.py", line 220, in _get_response
    response = response.render()
               ^^^^^^^^^^^^^^^^^
  File "/srv/egarage/venv/lib/python3.12/site-packages/django/template/response.py", line 114, in render
    self.content = self.rendered_content
                   ^^^^^^^^^^^^^^^^^^^^^
  File "/srv/egarage/venv/lib/python3.12/site-packages/django/template/response.py", line 92, in rendered_content
    return template.render(context, self._request)
           ^^^^^^^^^^^^^^^^^^^^^^^^^^^^^^^^^^^^^^^
  File "/srv/egarage/venv/lib/python3.12/site-packages/django/template/backends/django.py", line 61, in render
    return self.template.render(context)
           ^^^^^^^^^^^^^^^^^^^^^^^^^^^^^
  File "/srv/egarage/venv/lib/python3.12/site-packages/django/template/base.py", line 175, in render
    return self._render(context)
           ^^^^^^^^^^^^^^^^^^^^^
  File "/srv/egarage/venv/lib/python3.12/site-packages/django/template/base.py", line 167, in _render
    return self.nodelist.render(context)
           ^^^^^^^^^^^^^^^^^^^^^^^^^^^^^
  File "/srv/egarage/venv/lib/python3.12/site-packages/django/template/base.py", line 1005, in render
    return SafeString("".join([node.render_annotated(context) for node in self]))
                               ^^^^^^^^^^^^^^^^^^^^^^^^^^^^^^
  File "/srv/egarage/venv/lib/python3.12/site-packages/django/template/base.py", line 966, in render_annotated
    return self.render(context)
           ^^^^^^^^^^^^^^^^^^^^
  File "/srv/egarage/venv/lib/python3.12/site-packages/django/templatetags/static.py", line 116, in render
    url = self.url(context)
          ^^^^^^^^^^^^^^^^^
  File "/srv/egarage/venv/lib/python3.12/site-packages/django/templatetags/static.py", line 113, in url
    return self.handle_simple(path)
           ^^^^^^^^^^^^^^^^^^^^^^^^
  File "/srv/egarage/venv/lib/python3.12/site-packages/django/templatetags/static.py", line 129, in handle_simple
    return staticfiles_storage.url(path)
           ^^^^^^^^^^^^^^^^^^^^^^^^^^^^^
  File "/srv/egarage/venv/lib/python3.12/site-packages/django/contrib/staticfiles/storage.py", line 203, in url
    return self._url(self.stored_name, name, force)
           ^^^^^^^^^^^^^^^^^^^^^^^^^^^^^^^^^^^^^^^^
  File "/srv/egarage/venv/lib/python3.12/site-packages/django/contrib/staticfiles/storage.py", line 182, in _url
    hashed_name = hashed_name_func(*args)
                  ^^^^^^^^^^^^^^^^^^^^^^^
  File "/srv/egarage/venv/lib/python3.12/site-packages/django/contrib/staticfiles/storage.py", line 513, in stored_name
    raise ValueError(
ValueError: Missing staticfiles manifest entry for 'img/egarage_logo.png'
ERROR 2026-03-12 09:07:47,477 log 627588 127920180813952 Internal Server Error: /
Traceback (most recent call last):
  File "/srv/egarage/venv/lib/python3.12/site-packages/django/core/handlers/exception.py", line 55, in inner
    response = get_response(request)
               ^^^^^^^^^^^^^^^^^^^^^
  File "/srv/egarage/venv/lib/python3.12/site-packages/django/core/handlers/base.py", line 220, in _get_response
    response = response.render()
               ^^^^^^^^^^^^^^^^^
  File "/srv/egarage/venv/lib/python3.12/site-packages/django/template/response.py", line 114, in render
    self.content = self.rendered_content
                   ^^^^^^^^^^^^^^^^^^^^^
  File "/srv/egarage/venv/lib/python3.12/site-packages/django/template/response.py", line 92, in rendered_content
    return template.render(context, self._request)
           ^^^^^^^^^^^^^^^^^^^^^^^^^^^^^^^^^^^^^^^
  File "/srv/egarage/venv/lib/python3.12/site-packages/django/template/backends/django.py", line 61, in render
    return self.template.render(context)
           ^^^^^^^^^^^^^^^^^^^^^^^^^^^^^
  File "/srv/egarage/venv/lib/python3.12/site-packages/django/template/base.py", line 175, in render
    return self._render(context)
           ^^^^^^^^^^^^^^^^^^^^^
  File "/srv/egarage/venv/lib/python3.12/site-packages/django/template/base.py", line 167, in _render
    return self.nodelist.render(context)
           ^^^^^^^^^^^^^^^^^^^^^^^^^^^^^
  File "/srv/egarage/venv/lib/python3.12/site-packages/django/template/base.py", line 1005, in render
    return SafeString("".join([node.render_annotated(context) for node in self]))
                               ^^^^^^^^^^^^^^^^^^^^^^^^^^^^^^
  File "/srv/egarage/venv/lib/python3.12/site-packages/django/template/base.py", line 966, in render_annotated
    return self.render(context)
           ^^^^^^^^^^^^^^^^^^^^
  File "/srv/egarage/venv/lib/python3.12/site-packages/django/templatetags/static.py", line 116, in render
    url = self.url(context)
          ^^^^^^^^^^^^^^^^^
  File "/srv/egarage/venv/lib/python3.12/site-packages/django/templatetags/static.py", line 113, in url
    return self.handle_simple(path)
           ^^^^^^^^^^^^^^^^^^^^^^^^
  File "/srv/egarage/venv/lib/python3.12/site-packages/django/templatetags/static.py", line 129, in handle_simple
    return staticfiles_storage.url(path)
           ^^^^^^^^^^^^^^^^^^^^^^^^^^^^^
  File "/srv/egarage/venv/lib/python3.12/site-packages/django/contrib/staticfiles/storage.py", line 203, in url
    return self._url(self.stored_name, name, force)
           ^^^^^^^^^^^^^^^^^^^^^^^^^^^^^^^^^^^^^^^^
  File "/srv/egarage/venv/lib/python3.12/site-packages/django/contrib/staticfiles/storage.py", line 182, in _url
    hashed_name = hashed_name_func(*args)
                  ^^^^^^^^^^^^^^^^^^^^^^^
  File "/srv/egarage/venv/lib/python3.12/site-packages/django/contrib/staticfiles/storage.py", line 513, in stored_name
    raise ValueError(
ValueError: Missing staticfiles manifest entry for 'img/egarage_logo.png'
ERROR 2026-03-12 09:07:47,499 log 627587 127920180813952 Internal Server Error: /
Traceback (most recent call last):
  File "/srv/egarage/venv/lib/python3.12/site-packages/django/core/handlers/exception.py", line 55, in inner
    response = get_response(request)
               ^^^^^^^^^^^^^^^^^^^^^
  File "/srv/egarage/venv/lib/python3.12/site-packages/django/core/handlers/base.py", line 220, in _get_response
    response = response.render()
               ^^^^^^^^^^^^^^^^^
  File "/srv/egarage/venv/lib/python3.12/site-packages/django/template/response.py", line 114, in render
    self.content = self.rendered_content
                   ^^^^^^^^^^^^^^^^^^^^^
  File "/srv/egarage/venv/lib/python3.12/site-packages/django/template/response.py", line 92, in rendered_content
    return template.render(context, self._request)
           ^^^^^^^^^^^^^^^^^^^^^^^^^^^^^^^^^^^^^^^
  File "/srv/egarage/venv/lib/python3.12/site-packages/django/template/backends/django.py", line 61, in render
    return self.template.render(context)
           ^^^^^^^^^^^^^^^^^^^^^^^^^^^^^
  File "/srv/egarage/venv/lib/python3.12/site-packages/django/template/base.py", line 175, in render
    return self._render(context)
           ^^^^^^^^^^^^^^^^^^^^^
  File "/srv/egarage/venv/lib/python3.12/site-packages/django/template/base.py", line 167, in _render
    return self.nodelist.render(context)
           ^^^^^^^^^^^^^^^^^^^^^^^^^^^^^
  File "/srv/egarage/venv/lib/python3.12/site-packages/django/template/base.py", line 1005, in render
    return SafeString("".join([node.render_annotated(context) for node in self]))
                               ^^^^^^^^^^^^^^^^^^^^^^^^^^^^^^
  File "/srv/egarage/venv/lib/python3.12/site-packages/django/template/base.py", line 966, in render_annotated
    return self.render(context)
           ^^^^^^^^^^^^^^^^^^^^
  File "/srv/egarage/venv/lib/python3.12/site-packages/django/templatetags/static.py", line 116, in render
    url = self.url(context)
          ^^^^^^^^^^^^^^^^^
  File "/srv/egarage/venv/lib/python3.12/site-packages/django/templatetags/static.py", line 113, in url
    return self.handle_simple(path)
           ^^^^^^^^^^^^^^^^^^^^^^^^
  File "/srv/egarage/venv/lib/python3.12/site-packages/django/templatetags/static.py", line 129, in handle_simple
    return staticfiles_storage.url(path)
           ^^^^^^^^^^^^^^^^^^^^^^^^^^^^^
  File "/srv/egarage/venv/lib/python3.12/site-packages/django/contrib/staticfiles/storage.py", line 203, in url
    return self._url(self.stored_name, name, force)
           ^^^^^^^^^^^^^^^^^^^^^^^^^^^^^^^^^^^^^^^^
  File "/srv/egarage/venv/lib/python3.12/site-packages/django/contrib/staticfiles/storage.py", line 182, in _url
    hashed_name = hashed_name_func(*args)
                  ^^^^^^^^^^^^^^^^^^^^^^^
  File "/srv/egarage/venv/lib/python3.12/site-packages/django/contrib/staticfiles/storage.py", line 513, in stored_name
    raise ValueError(
ValueError: Missing staticfiles manifest entry for 'img/egarage_logo.png'
ERROR 2026-03-12 09:08:34,641 log 627588 127920180813952 Internal Server Error: /
Traceback (most recent call last):
  File "/srv/egarage/venv/lib/python3.12/site-packages/django/core/handlers/exception.py", line 55, in inner
    response = get_response(request)
               ^^^^^^^^^^^^^^^^^^^^^
  File "/srv/egarage/venv/lib/python3.12/site-packages/django/core/handlers/base.py", line 220, in _get_response
    response = response.render()
               ^^^^^^^^^^^^^^^^^
  File "/srv/egarage/venv/lib/python3.12/site-packages/django/template/response.py", line 114, in render
    self.content = self.rendered_content
                   ^^^^^^^^^^^^^^^^^^^^^
  File "/srv/egarage/venv/lib/python3.12/site-packages/django/template/response.py", line 92, in rendered_content
    return template.render(context, self._request)
           ^^^^^^^^^^^^^^^^^^^^^^^^^^^^^^^^^^^^^^^
  File "/srv/egarage/venv/lib/python3.12/site-packages/django/template/backends/django.py", line 61, in render
    return self.template.render(context)
           ^^^^^^^^^^^^^^^^^^^^^^^^^^^^^
  File "/srv/egarage/venv/lib/python3.12/site-packages/django/template/base.py", line 175, in render
    return self._render(context)
           ^^^^^^^^^^^^^^^^^^^^^
  File "/srv/egarage/venv/lib/python3.12/site-packages/django/template/base.py", line 167, in _render
    return self.nodelist.render(context)
           ^^^^^^^^^^^^^^^^^^^^^^^^^^^^^
  File "/srv/egarage/venv/lib/python3.12/site-packages/django/template/base.py", line 1005, in render
    return SafeString("".join([node.render_annotated(context) for node in self]))
                               ^^^^^^^^^^^^^^^^^^^^^^^^^^^^^^
  File "/srv/egarage/venv/lib/python3.12/site-packages/django/template/base.py", line 966, in render_annotated
    return self.render(context)
           ^^^^^^^^^^^^^^^^^^^^
  File "/srv/egarage/venv/lib/python3.12/site-packages/django/templatetags/static.py", line 116, in render
    url = self.url(context)
          ^^^^^^^^^^^^^^^^^
  File "/srv/egarage/venv/lib/python3.12/site-packages/django/templatetags/static.py", line 113, in url
    return self.handle_simple(path)
           ^^^^^^^^^^^^^^^^^^^^^^^^
  File "/srv/egarage/venv/lib/python3.12/site-packages/django/templatetags/static.py", line 129, in handle_simple
    return staticfiles_storage.url(path)
           ^^^^^^^^^^^^^^^^^^^^^^^^^^^^^
  File "/srv/egarage/venv/lib/python3.12/site-packages/django/contrib/staticfiles/storage.py", line 203, in url
    return self._url(self.stored_name, name, force)
           ^^^^^^^^^^^^^^^^^^^^^^^^^^^^^^^^^^^^^^^^
  File "/srv/egarage/venv/lib/python3.12/site-packages/django/contrib/staticfiles/storage.py", line 182, in _url
    hashed_name = hashed_name_func(*args)
                  ^^^^^^^^^^^^^^^^^^^^^^^
  File "/srv/egarage/venv/lib/python3.12/site-packages/django/contrib/staticfiles/storage.py", line 513, in stored_name
    raise ValueError(
ValueError: Missing staticfiles manifest entry for 'img/egarage_logo.png'
ERROR 2026-03-12 09:08:43,068 log 627587 127920180813952 Internal Server Error: /
Traceback (most recent call last):
  File "/srv/egarage/venv/lib/python3.12/site-packages/django/core/handlers/exception.py", line 55, in inner
    response = get_response(request)
               ^^^^^^^^^^^^^^^^^^^^^
  File "/srv/egarage/venv/lib/python3.12/site-packages/django/core/handlers/base.py", line 220, in _get_response
    response = response.render()
               ^^^^^^^^^^^^^^^^^
  File "/srv/egarage/venv/lib/python3.12/site-packages/django/template/response.py", line 114, in render
    self.content = self.rendered_content
                   ^^^^^^^^^^^^^^^^^^^^^
  File "/srv/egarage/venv/lib/python3.12/site-packages/django/template/response.py", line 92, in rendered_content
    return template.render(context, self._request)
           ^^^^^^^^^^^^^^^^^^^^^^^^^^^^^^^^^^^^^^^
  File "/srv/egarage/venv/lib/python3.12/site-packages/django/template/backends/django.py", line 61, in render
    return self.template.render(context)
           ^^^^^^^^^^^^^^^^^^^^^^^^^^^^^
  File "/srv/egarage/venv/lib/python3.12/site-packages/django/template/base.py", line 175, in render
    return self._render(context)
           ^^^^^^^^^^^^^^^^^^^^^
  File "/srv/egarage/venv/lib/python3.12/site-packages/django/template/base.py", line 167, in _render
    return self.nodelist.render(context)
           ^^^^^^^^^^^^^^^^^^^^^^^^^^^^^
  File "/srv/egarage/venv/lib/python3.12/site-packages/django/template/base.py", line 1005, in render
    return SafeString("".join([node.render_annotated(context) for node in self]))
                               ^^^^^^^^^^^^^^^^^^^^^^^^^^^^^^
  File "/srv/egarage/venv/lib/python3.12/site-packages/django/template/base.py", line 966, in render_annotated
    return self.render(context)
           ^^^^^^^^^^^^^^^^^^^^
  File "/srv/egarage/venv/lib/python3.12/site-packages/django/templatetags/static.py", line 116, in render
    url = self.url(context)
          ^^^^^^^^^^^^^^^^^
  File "/srv/egarage/venv/lib/python3.12/site-packages/django/templatetags/static.py", line 113, in url
    return self.handle_simple(path)
           ^^^^^^^^^^^^^^^^^^^^^^^^
  File "/srv/egarage/venv/lib/python3.12/site-packages/django/templatetags/static.py", line 129, in handle_simple
    return staticfiles_storage.url(path)
           ^^^^^^^^^^^^^^^^^^^^^^^^^^^^^
  File "/srv/egarage/venv/lib/python3.12/site-packages/django/contrib/staticfiles/storage.py", line 203, in url
    return self._url(self.stored_name, name, force)
           ^^^^^^^^^^^^^^^^^^^^^^^^^^^^^^^^^^^^^^^^
  File "/srv/egarage/venv/lib/python3.12/site-packages/django/contrib/staticfiles/storage.py", line 182, in _url
    hashed_name = hashed_name_func(*args)
                  ^^^^^^^^^^^^^^^^^^^^^^^
  File "/srv/egarage/venv/lib/python3.12/site-packages/django/contrib/staticfiles/storage.py", line 513, in stored_name
    raise ValueError(
ValueError: Missing staticfiles manifest entry for 'img/egarage_logo.png'
ERROR 2026-03-12 09:24:28,022 log 633924 129935381950592 Internal Server Error: /
Traceback (most recent call last):
  File "/srv/egarage/venv/lib/python3.12/site-packages/django/core/handlers/exception.py", line 55, in inner
    response = get_response(request)
               ^^^^^^^^^^^^^^^^^^^^^
  File "/srv/egarage/venv/lib/python3.12/site-packages/django/core/handlers/base.py", line 220, in _get_response
    response = response.render()
               ^^^^^^^^^^^^^^^^^
  File "/srv/egarage/venv/lib/python3.12/site-packages/django/template/response.py", line 114, in render
    self.content = self.rendered_content
                   ^^^^^^^^^^^^^^^^^^^^^
  File "/srv/egarage/venv/lib/python3.12/site-packages/django/template/response.py", line 92, in rendered_content
    return template.render(context, self._request)
           ^^^^^^^^^^^^^^^^^^^^^^^^^^^^^^^^^^^^^^^
  File "/srv/egarage/venv/lib/python3.12/site-packages/django/template/backends/django.py", line 61, in render
    return self.template.render(context)
           ^^^^^^^^^^^^^^^^^^^^^^^^^^^^^
  File "/srv/egarage/venv/lib/python3.12/site-packages/django/template/base.py", line 175, in render
    return self._render(context)
           ^^^^^^^^^^^^^^^^^^^^^
  File "/srv/egarage/venv/lib/python3.12/site-packages/django/template/base.py", line 167, in _render
    return self.nodelist.render(context)
           ^^^^^^^^^^^^^^^^^^^^^^^^^^^^^
  File "/srv/egarage/venv/lib/python3.12/site-packages/django/template/base.py", line 1005, in render
    return SafeString("".join([node.render_annotated(context) for node in self]))
                               ^^^^^^^^^^^^^^^^^^^^^^^^^^^^^^
  File "/srv/egarage/venv/lib/python3.12/site-packages/django/template/base.py", line 966, in render_annotated
    return self.render(context)
           ^^^^^^^^^^^^^^^^^^^^
  File "/srv/egarage/venv/lib/python3.12/site-packages/django/templatetags/static.py", line 116, in render
    url = self.url(context)
          ^^^^^^^^^^^^^^^^^
  File "/srv/egarage/venv/lib/python3.12/site-packages/django/templatetags/static.py", line 113, in url
    return self.handle_simple(path)
           ^^^^^^^^^^^^^^^^^^^^^^^^
  File "/srv/egarage/venv/lib/python3.12/site-packages/django/templatetags/static.py", line 129, in handle_simple
    return staticfiles_storage.url(path)
           ^^^^^^^^^^^^^^^^^^^^^^^^^^^^^
  File "/srv/egarage/venv/lib/python3.12/site-packages/django/contrib/staticfiles/storage.py", line 203, in url
    return self._url(self.stored_name, name, force)
           ^^^^^^^^^^^^^^^^^^^^^^^^^^^^^^^^^^^^^^^^
  File "/srv/egarage/venv/lib/python3.12/site-packages/django/contrib/staticfiles/storage.py", line 182, in _url
    hashed_name = hashed_name_func(*args)
                  ^^^^^^^^^^^^^^^^^^^^^^^
  File "/srv/egarage/venv/lib/python3.12/site-packages/django/contrib/staticfiles/storage.py", line 513, in stored_name
    raise ValueError(
ValueError: Missing staticfiles manifest entry for 'img/egarage_logo.png'
ERROR 2026-03-12 09:27:16,068 log 633924 129935381950592 Internal Server Error: /
Traceback (most recent call last):
  File "/srv/egarage/venv/lib/python3.12/site-packages/django/core/handlers/exception.py", line 55, in inner
    response = get_response(request)
               ^^^^^^^^^^^^^^^^^^^^^
  File "/srv/egarage/venv/lib/python3.12/site-packages/django/core/handlers/base.py", line 220, in _get_response
    response = response.render()
               ^^^^^^^^^^^^^^^^^
  File "/srv/egarage/venv/lib/python3.12/site-packages/django/template/response.py", line 114, in render
    self.content = self.rendered_content
                   ^^^^^^^^^^^^^^^^^^^^^
  File "/srv/egarage/venv/lib/python3.12/site-packages/django/template/response.py", line 92, in rendered_content
    return template.render(context, self._request)
           ^^^^^^^^^^^^^^^^^^^^^^^^^^^^^^^^^^^^^^^
  File "/srv/egarage/venv/lib/python3.12/site-packages/django/template/backends/django.py", line 61, in render
    return self.template.render(context)
           ^^^^^^^^^^^^^^^^^^^^^^^^^^^^^
  File "/srv/egarage/venv/lib/python3.12/site-packages/django/template/base.py", line 175, in render
    return self._render(context)
           ^^^^^^^^^^^^^^^^^^^^^
  File "/srv/egarage/venv/lib/python3.12/site-packages/django/template/base.py", line 167, in _render
    return self.nodelist.render(context)
           ^^^^^^^^^^^^^^^^^^^^^^^^^^^^^
  File "/srv/egarage/venv/lib/python3.12/site-packages/django/template/base.py", line 1005, in render
    return SafeString("".join([node.render_annotated(context) for node in self]))
                               ^^^^^^^^^^^^^^^^^^^^^^^^^^^^^^
  File "/srv/egarage/venv/lib/python3.12/site-packages/django/template/base.py", line 966, in render_annotated
    return self.render(context)
           ^^^^^^^^^^^^^^^^^^^^
  File "/srv/egarage/venv/lib/python3.12/site-packages/django/templatetags/static.py", line 116, in render
    url = self.url(context)
          ^^^^^^^^^^^^^^^^^
  File "/srv/egarage/venv/lib/python3.12/site-packages/django/templatetags/static.py", line 113, in url
    return self.handle_simple(path)
           ^^^^^^^^^^^^^^^^^^^^^^^^
  File "/srv/egarage/venv/lib/python3.12/site-packages/django/templatetags/static.py", line 129, in handle_simple
    return staticfiles_storage.url(path)
           ^^^^^^^^^^^^^^^^^^^^^^^^^^^^^
  File "/srv/egarage/venv/lib/python3.12/site-packages/django/contrib/staticfiles/storage.py", line 203, in url
    return self._url(self.stored_name, name, force)
           ^^^^^^^^^^^^^^^^^^^^^^^^^^^^^^^^^^^^^^^^
  File "/srv/egarage/venv/lib/python3.12/site-packages/django/contrib/staticfiles/storage.py", line 182, in _url
    hashed_name = hashed_name_func(*args)
                  ^^^^^^^^^^^^^^^^^^^^^^^
  File "/srv/egarage/venv/lib/python3.12/site-packages/django/contrib/staticfiles/storage.py", line 513, in stored_name
    raise ValueError(
ValueError: Missing staticfiles manifest entry for 'img/egarage_logo.png'
ERROR 2026-03-12 09:27:24,901 log 633923 129935381950592 Internal Server Error: /cl/es/bienvenida/
Traceback (most recent call last):
  File "/srv/egarage/venv/lib/python3.12/site-packages/django/core/handlers/exception.py", line 55, in inner
    response = get_response(request)
               ^^^^^^^^^^^^^^^^^^^^^
  File "/srv/egarage/venv/lib/python3.12/site-packages/django/core/handlers/base.py", line 220, in _get_response
    response = response.render()
               ^^^^^^^^^^^^^^^^^
  File "/srv/egarage/venv/lib/python3.12/site-packages/django/template/response.py", line 114, in render
    self.content = self.rendered_content
                   ^^^^^^^^^^^^^^^^^^^^^
  File "/srv/egarage/venv/lib/python3.12/site-packages/django/template/response.py", line 92, in rendered_content
    return template.render(context, self._request)
           ^^^^^^^^^^^^^^^^^^^^^^^^^^^^^^^^^^^^^^^
  File "/srv/egarage/venv/lib/python3.12/site-packages/django/template/backends/django.py", line 61, in render
    return self.template.render(context)
           ^^^^^^^^^^^^^^^^^^^^^^^^^^^^^
  File "/srv/egarage/venv/lib/python3.12/site-packages/django/template/base.py", line 175, in render
    return self._render(context)
           ^^^^^^^^^^^^^^^^^^^^^
  File "/srv/egarage/venv/lib/python3.12/site-packages/django/template/base.py", line 167, in _render
    return self.nodelist.render(context)
           ^^^^^^^^^^^^^^^^^^^^^^^^^^^^^
  File "/srv/egarage/venv/lib/python3.12/site-packages/django/template/base.py", line 1005, in render
    return SafeString("".join([node.render_annotated(context) for node in self]))
                               ^^^^^^^^^^^^^^^^^^^^^^^^^^^^^^
  File "/srv/egarage/venv/lib/python3.12/site-packages/django/template/base.py", line 966, in render_annotated
    return self.render(context)
           ^^^^^^^^^^^^^^^^^^^^
  File "/srv/egarage/venv/lib/python3.12/site-packages/django/templatetags/static.py", line 116, in render
    url = self.url(context)
          ^^^^^^^^^^^^^^^^^
  File "/srv/egarage/venv/lib/python3.12/site-packages/django/templatetags/static.py", line 113, in url
    return self.handle_simple(path)
           ^^^^^^^^^^^^^^^^^^^^^^^^
  File "/srv/egarage/venv/lib/python3.12/site-packages/django/templatetags/static.py", line 129, in handle_simple
    return staticfiles_storage.url(path)
           ^^^^^^^^^^^^^^^^^^^^^^^^^^^^^
  File "/srv/egarage/venv/lib/python3.12/site-packages/django/contrib/staticfiles/storage.py", line 203, in url
    return self._url(self.stored_name, name, force)
           ^^^^^^^^^^^^^^^^^^^^^^^^^^^^^^^^^^^^^^^^
  File "/srv/egarage/venv/lib/python3.12/site-packages/django/contrib/staticfiles/storage.py", line 182, in _url
    hashed_name = hashed_name_func(*args)
                  ^^^^^^^^^^^^^^^^^^^^^^^
  File "/srv/egarage/venv/lib/python3.12/site-packages/django/contrib/staticfiles/storage.py", line 513, in stored_name
    raise ValueError(
ValueError: Missing staticfiles manifest entry for 'img/og-cl.png'
ERROR 2026-03-12 09:27:31,658 account_adapter 633924 129935381950592 LOGIN IP NOT FOUND | path=/cl/es/accounts/login/ host=www.egarage.cl meta_keys=['HTTP_ACCEPT', 'HTTP_HOST', 'HTTP_USER_AGENT', 'HTTP_X_FORWARDED_PROTO', 'PATH_INFO', 'QUERY_STRING', 'RAW_URI', 'REMOTE_ADDR', 'REQUEST_METHOD', 'SCRIPT_NAME', 'SERVER_NAME', 'SERVER_PORT', 'SERVER_PROTOCOL', 'SERVER_SOFTWARE', 'gunicorn.socket', 'wsgi.early_hints', 'wsgi.errors', 'wsgi.file_wrapper', 'wsgi.input', 'wsgi.input_terminated', 'wsgi.multiprocess', 'wsgi.multithread', 'wsgi.run_once', 'wsgi.url_scheme', 'wsgi.version']
ERROR 2026-03-12 09:27:31,784 log 633924 129935381950592 Internal Server Error: /cl/es/accounts/login/
Traceback (most recent call last):
  File "/srv/egarage/venv/lib/python3.12/site-packages/django/core/handlers/exception.py", line 55, in inner
    response = get_response(request)
               ^^^^^^^^^^^^^^^^^^^^^
  File "/srv/egarage/venv/lib/python3.12/site-packages/django/core/handlers/base.py", line 220, in _get_response
    response = response.render()
               ^^^^^^^^^^^^^^^^^
  File "/srv/egarage/venv/lib/python3.12/site-packages/django/template/response.py", line 114, in render
    self.content = self.rendered_content
                   ^^^^^^^^^^^^^^^^^^^^^
  File "/srv/egarage/venv/lib/python3.12/site-packages/django/template/response.py", line 92, in rendered_content
    return template.render(context, self._request)
           ^^^^^^^^^^^^^^^^^^^^^^^^^^^^^^^^^^^^^^^
  File "/srv/egarage/venv/lib/python3.12/site-packages/django/template/backends/django.py", line 61, in render
    return self.template.render(context)
           ^^^^^^^^^^^^^^^^^^^^^^^^^^^^^
  File "/srv/egarage/venv/lib/python3.12/site-packages/django/template/base.py", line 175, in render
    return self._render(context)
           ^^^^^^^^^^^^^^^^^^^^^
  File "/srv/egarage/venv/lib/python3.12/site-packages/django/template/base.py", line 167, in _render
    return self.nodelist.render(context)
           ^^^^^^^^^^^^^^^^^^^^^^^^^^^^^
  File "/srv/egarage/venv/lib/python3.12/site-packages/django/template/base.py", line 1005, in render
    return SafeString("".join([node.render_annotated(context) for node in self]))
                               ^^^^^^^^^^^^^^^^^^^^^^^^^^^^^^
  File "/srv/egarage/venv/lib/python3.12/site-packages/django/template/base.py", line 966, in render_annotated
    return self.render(context)
           ^^^^^^^^^^^^^^^^^^^^
  File "/srv/egarage/venv/lib/python3.12/site-packages/django/template/loader_tags.py", line 157, in render
    return compiled_parent._render(context)
           ^^^^^^^^^^^^^^^^^^^^^^^^^^^^^^^^
  File "/srv/egarage/venv/lib/python3.12/site-packages/django/template/base.py", line 167, in _render
    return self.nodelist.render(context)
           ^^^^^^^^^^^^^^^^^^^^^^^^^^^^^
  File "/srv/egarage/venv/lib/python3.12/site-packages/django/template/base.py", line 1005, in render
    return SafeString("".join([node.render_annotated(context) for node in self]))
                               ^^^^^^^^^^^^^^^^^^^^^^^^^^^^^^
  File "/srv/egarage/venv/lib/python3.12/site-packages/django/template/base.py", line 966, in render_annotated
    return self.render(context)
           ^^^^^^^^^^^^^^^^^^^^
  File "/srv/egarage/venv/lib/python3.12/site-packages/django/templatetags/static.py", line 116, in render
    url = self.url(context)
          ^^^^^^^^^^^^^^^^^
  File "/srv/egarage/venv/lib/python3.12/site-packages/django/templatetags/static.py", line 113, in url
    return self.handle_simple(path)
           ^^^^^^^^^^^^^^^^^^^^^^^^
  File "/srv/egarage/venv/lib/python3.12/site-packages/django/templatetags/static.py", line 129, in handle_simple
    return staticfiles_storage.url(path)
           ^^^^^^^^^^^^^^^^^^^^^^^^^^^^^
  File "/srv/egarage/venv/lib/python3.12/site-packages/django/contrib/staticfiles/storage.py", line 203, in url
    return self._url(self.stored_name, name, force)
           ^^^^^^^^^^^^^^^^^^^^^^^^^^^^^^^^^^^^^^^^
  File "/srv/egarage/venv/lib/python3.12/site-packages/django/contrib/staticfiles/storage.py", line 182, in _url
    hashed_name = hashed_name_func(*args)
                  ^^^^^^^^^^^^^^^^^^^^^^^
  File "/srv/egarage/venv/lib/python3.12/site-packages/django/contrib/staticfiles/storage.py", line 513, in stored_name
    raise ValueError(
ValueError: Missing staticfiles manifest entry for 'css/output.css'
ERROR 2026-03-12 09:27:40,950 log 633923 129935381950592 Internal Server Error: /
Traceback (most recent call last):
  File "/srv/egarage/venv/lib/python3.12/site-packages/django/core/handlers/exception.py", line 55, in inner
    response = get_response(request)
               ^^^^^^^^^^^^^^^^^^^^^
  File "/srv/egarage/venv/lib/python3.12/site-packages/django/core/handlers/base.py", line 220, in _get_response
    response = response.render()
               ^^^^^^^^^^^^^^^^^
  File "/srv/egarage/venv/lib/python3.12/site-packages/django/template/response.py", line 114, in render
    self.content = self.rendered_content
                   ^^^^^^^^^^^^^^^^^^^^^
  File "/srv/egarage/venv/lib/python3.12/site-packages/django/template/response.py", line 92, in rendered_content
    return template.render(context, self._request)
           ^^^^^^^^^^^^^^^^^^^^^^^^^^^^^^^^^^^^^^^
  File "/srv/egarage/venv/lib/python3.12/site-packages/django/template/backends/django.py", line 61, in render
    return self.template.render(context)
           ^^^^^^^^^^^^^^^^^^^^^^^^^^^^^
  File "/srv/egarage/venv/lib/python3.12/site-packages/django/template/base.py", line 175, in render
    return self._render(context)
           ^^^^^^^^^^^^^^^^^^^^^
  File "/srv/egarage/venv/lib/python3.12/site-packages/django/template/base.py", line 167, in _render
    return self.nodelist.render(context)
           ^^^^^^^^^^^^^^^^^^^^^^^^^^^^^
  File "/srv/egarage/venv/lib/python3.12/site-packages/django/template/base.py", line 1005, in render
    return SafeString("".join([node.render_annotated(context) for node in self]))
                               ^^^^^^^^^^^^^^^^^^^^^^^^^^^^^^
  File "/srv/egarage/venv/lib/python3.12/site-packages/django/template/base.py", line 966, in render_annotated
    return self.render(context)
           ^^^^^^^^^^^^^^^^^^^^
  File "/srv/egarage/venv/lib/python3.12/site-packages/django/templatetags/static.py", line 116, in render
    url = self.url(context)
          ^^^^^^^^^^^^^^^^^
  File "/srv/egarage/venv/lib/python3.12/site-packages/django/templatetags/static.py", line 113, in url
    return self.handle_simple(path)
           ^^^^^^^^^^^^^^^^^^^^^^^^
  File "/srv/egarage/venv/lib/python3.12/site-packages/django/templatetags/static.py", line 129, in handle_simple
    return staticfiles_storage.url(path)
           ^^^^^^^^^^^^^^^^^^^^^^^^^^^^^
  File "/srv/egarage/venv/lib/python3.12/site-packages/django/contrib/staticfiles/storage.py", line 203, in url
    return self._url(self.stored_name, name, force)
           ^^^^^^^^^^^^^^^^^^^^^^^^^^^^^^^^^^^^^^^^
  File "/srv/egarage/venv/lib/python3.12/site-packages/django/contrib/staticfiles/storage.py", line 182, in _url
    hashed_name = hashed_name_func(*args)
                  ^^^^^^^^^^^^^^^^^^^^^^^
  File "/srv/egarage/venv/lib/python3.12/site-packages/django/contrib/staticfiles/storage.py", line 513, in stored_name
    raise ValueError(
ValueError: Missing staticfiles manifest entry for 'img/egarage_logo.png'
ERROR 2026-03-12 09:27:47,157 log 633923 129935381950592 Internal Server Error: /cl/es/accounts/login/
Traceback (most recent call last):
  File "/srv/egarage/venv/lib/python3.12/site-packages/django/core/handlers/exception.py", line 55, in inner
    response = get_response(request)
               ^^^^^^^^^^^^^^^^^^^^^
  File "/srv/egarage/venv/lib/python3.12/site-packages/django/core/handlers/base.py", line 220, in _get_response
    response = response.render()
               ^^^^^^^^^^^^^^^^^
  File "/srv/egarage/venv/lib/python3.12/site-packages/django/template/response.py", line 114, in render
    self.content = self.rendered_content
                   ^^^^^^^^^^^^^^^^^^^^^
  File "/srv/egarage/venv/lib/python3.12/site-packages/django/template/response.py", line 92, in rendered_content
    return template.render(context, self._request)
           ^^^^^^^^^^^^^^^^^^^^^^^^^^^^^^^^^^^^^^^
  File "/srv/egarage/venv/lib/python3.12/site-packages/django/template/backends/django.py", line 61, in render
    return self.template.render(context)
           ^^^^^^^^^^^^^^^^^^^^^^^^^^^^^
  File "/srv/egarage/venv/lib/python3.12/site-packages/django/template/base.py", line 175, in render
    return self._render(context)
           ^^^^^^^^^^^^^^^^^^^^^
  File "/srv/egarage/venv/lib/python3.12/site-packages/django/template/base.py", line 167, in _render
    return self.nodelist.render(context)
           ^^^^^^^^^^^^^^^^^^^^^^^^^^^^^
  File "/srv/egarage/venv/lib/python3.12/site-packages/django/template/base.py", line 1005, in render
    return SafeString("".join([node.render_annotated(context) for node in self]))
                               ^^^^^^^^^^^^^^^^^^^^^^^^^^^^^^
  File "/srv/egarage/venv/lib/python3.12/site-packages/django/template/base.py", line 966, in render_annotated
    return self.render(context)
           ^^^^^^^^^^^^^^^^^^^^
  File "/srv/egarage/venv/lib/python3.12/site-packages/django/template/loader_tags.py", line 157, in render
    return compiled_parent._render(context)
           ^^^^^^^^^^^^^^^^^^^^^^^^^^^^^^^^
  File "/srv/egarage/venv/lib/python3.12/site-packages/django/template/base.py", line 167, in _render
    return self.nodelist.render(context)
           ^^^^^^^^^^^^^^^^^^^^^^^^^^^^^
  File "/srv/egarage/venv/lib/python3.12/site-packages/django/template/base.py", line 1005, in render
    return SafeString("".join([node.render_annotated(context) for node in self]))
                               ^^^^^^^^^^^^^^^^^^^^^^^^^^^^^^
  File "/srv/egarage/venv/lib/python3.12/site-packages/django/template/base.py", line 966, in render_annotated
    return self.render(context)
           ^^^^^^^^^^^^^^^^^^^^
  File "/srv/egarage/venv/lib/python3.12/site-packages/django/templatetags/static.py", line 116, in render
    url = self.url(context)
          ^^^^^^^^^^^^^^^^^
  File "/srv/egarage/venv/lib/python3.12/site-packages/django/templatetags/static.py", line 113, in url
    return self.handle_simple(path)
           ^^^^^^^^^^^^^^^^^^^^^^^^
  File "/srv/egarage/venv/lib/python3.12/site-packages/django/templatetags/static.py", line 129, in handle_simple
    return staticfiles_storage.url(path)
           ^^^^^^^^^^^^^^^^^^^^^^^^^^^^^
  File "/srv/egarage/venv/lib/python3.12/site-packages/django/contrib/staticfiles/storage.py", line 203, in url
    return self._url(self.stored_name, name, force)
           ^^^^^^^^^^^^^^^^^^^^^^^^^^^^^^^^^^^^^^^^
  File "/srv/egarage/venv/lib/python3.12/site-packages/django/contrib/staticfiles/storage.py", line 182, in _url
    hashed_name = hashed_name_func(*args)
                  ^^^^^^^^^^^^^^^^^^^^^^^
  File "/srv/egarage/venv/lib/python3.12/site-packages/django/contrib/staticfiles/storage.py", line 513, in stored_name
    raise ValueError(
ValueError: Missing staticfiles manifest entry for 'css/output.css'
ERROR 2026-03-12 09:29:23,745 log 633923 129935381950592 Internal Server Error: /
Traceback (most recent call last):
  File "/srv/egarage/venv/lib/python3.12/site-packages/django/core/handlers/exception.py", line 55, in inner
    response = get_response(request)
               ^^^^^^^^^^^^^^^^^^^^^
  File "/srv/egarage/venv/lib/python3.12/site-packages/django/core/handlers/base.py", line 220, in _get_response
    response = response.render()
               ^^^^^^^^^^^^^^^^^
  File "/srv/egarage/venv/lib/python3.12/site-packages/django/template/response.py", line 114, in render
    self.content = self.rendered_content
                   ^^^^^^^^^^^^^^^^^^^^^
  File "/srv/egarage/venv/lib/python3.12/site-packages/django/template/response.py", line 92, in rendered_content
    return template.render(context, self._request)
           ^^^^^^^^^^^^^^^^^^^^^^^^^^^^^^^^^^^^^^^
  File "/srv/egarage/venv/lib/python3.12/site-packages/django/template/backends/django.py", line 61, in render
    return self.template.render(context)
           ^^^^^^^^^^^^^^^^^^^^^^^^^^^^^
  File "/srv/egarage/venv/lib/python3.12/site-packages/django/template/base.py", line 175, in render
    return self._render(context)
           ^^^^^^^^^^^^^^^^^^^^^
  File "/srv/egarage/venv/lib/python3.12/site-packages/django/template/base.py", line 167, in _render
    return self.nodelist.render(context)
           ^^^^^^^^^^^^^^^^^^^^^^^^^^^^^
  File "/srv/egarage/venv/lib/python3.12/site-packages/django/template/base.py", line 1005, in render
    return SafeString("".join([node.render_annotated(context) for node in self]))
                               ^^^^^^^^^^^^^^^^^^^^^^^^^^^^^^
  File "/srv/egarage/venv/lib/python3.12/site-packages/django/template/base.py", line 966, in render_annotated
    return self.render(context)
           ^^^^^^^^^^^^^^^^^^^^
  File "/srv/egarage/venv/lib/python3.12/site-packages/django/templatetags/static.py", line 116, in render
    url = self.url(context)
          ^^^^^^^^^^^^^^^^^
  File "/srv/egarage/venv/lib/python3.12/site-packages/django/templatetags/static.py", line 113, in url
    return self.handle_simple(path)
           ^^^^^^^^^^^^^^^^^^^^^^^^
  File "/srv/egarage/venv/lib/python3.12/site-packages/django/templatetags/static.py", line 129, in handle_simple
    return staticfiles_storage.url(path)
           ^^^^^^^^^^^^^^^^^^^^^^^^^^^^^
  File "/srv/egarage/venv/lib/python3.12/site-packages/django/contrib/staticfiles/storage.py", line 203, in url
    return self._url(self.stored_name, name, force)
           ^^^^^^^^^^^^^^^^^^^^^^^^^^^^^^^^^^^^^^^^
  File "/srv/egarage/venv/lib/python3.12/site-packages/django/contrib/staticfiles/storage.py", line 182, in _url
    hashed_name = hashed_name_func(*args)
                  ^^^^^^^^^^^^^^^^^^^^^^^
  File "/srv/egarage/venv/lib/python3.12/site-packages/django/contrib/staticfiles/storage.py", line 513, in stored_name
    raise ValueError(
ValueError: Missing staticfiles manifest entry for 'img/egarage_logo.png'
ERROR 2026-03-12 09:29:30,533 account_adapter 633924 129935381950592 LOGIN IP NOT FOUND | path=/cl/es/accounts/login/ host=www.egarage.cl meta_keys=['HTTP_ACCEPT', 'HTTP_HOST', 'HTTP_USER_AGENT', 'HTTP_X_FORWARDED_HOST', 'HTTP_X_FORWARDED_PROTO', 'PATH_INFO', 'QUERY_STRING', 'RAW_URI', 'REMOTE_ADDR', 'REQUEST_METHOD', 'SCRIPT_NAME', 'SERVER_NAME', 'SERVER_PORT', 'SERVER_PROTOCOL', 'SERVER_SOFTWARE', 'gunicorn.socket', 'wsgi.early_hints', 'wsgi.errors', 'wsgi.file_wrapper', 'wsgi.input', 'wsgi.input_terminated', 'wsgi.multiprocess', 'wsgi.multithread', 'wsgi.run_once', 'wsgi.url_scheme', 'wsgi.version']
ERROR 2026-03-12 09:29:30,536 log 633924 129935381950592 Internal Server Error: /cl/es/accounts/login/
Traceback (most recent call last):
  File "/srv/egarage/venv/lib/python3.12/site-packages/django/core/handlers/exception.py", line 55, in inner
    response = get_response(request)
               ^^^^^^^^^^^^^^^^^^^^^
  File "/srv/egarage/venv/lib/python3.12/site-packages/django/core/handlers/base.py", line 220, in _get_response
    response = response.render()
               ^^^^^^^^^^^^^^^^^
  File "/srv/egarage/venv/lib/python3.12/site-packages/django/template/response.py", line 114, in render
    self.content = self.rendered_content
                   ^^^^^^^^^^^^^^^^^^^^^
  File "/srv/egarage/venv/lib/python3.12/site-packages/django/template/response.py", line 92, in rendered_content
    return template.render(context, self._request)
           ^^^^^^^^^^^^^^^^^^^^^^^^^^^^^^^^^^^^^^^
  File "/srv/egarage/venv/lib/python3.12/site-packages/django/template/backends/django.py", line 61, in render
    return self.template.render(context)
           ^^^^^^^^^^^^^^^^^^^^^^^^^^^^^
  File "/srv/egarage/venv/lib/python3.12/site-packages/django/template/base.py", line 175, in render
    return self._render(context)
           ^^^^^^^^^^^^^^^^^^^^^
  File "/srv/egarage/venv/lib/python3.12/site-packages/django/template/base.py", line 167, in _render
    return self.nodelist.render(context)
           ^^^^^^^^^^^^^^^^^^^^^^^^^^^^^
  File "/srv/egarage/venv/lib/python3.12/site-packages/django/template/base.py", line 1005, in render
    return SafeString("".join([node.render_annotated(context) for node in self]))
                               ^^^^^^^^^^^^^^^^^^^^^^^^^^^^^^
  File "/srv/egarage/venv/lib/python3.12/site-packages/django/template/base.py", line 966, in render_annotated
    return self.render(context)
           ^^^^^^^^^^^^^^^^^^^^
  File "/srv/egarage/venv/lib/python3.12/site-packages/django/template/loader_tags.py", line 157, in render
    return compiled_parent._render(context)
           ^^^^^^^^^^^^^^^^^^^^^^^^^^^^^^^^
  File "/srv/egarage/venv/lib/python3.12/site-packages/django/template/base.py", line 167, in _render
    return self.nodelist.render(context)
           ^^^^^^^^^^^^^^^^^^^^^^^^^^^^^
  File "/srv/egarage/venv/lib/python3.12/site-packages/django/template/base.py", line 1005, in render
    return SafeString("".join([node.render_annotated(context) for node in self]))
                               ^^^^^^^^^^^^^^^^^^^^^^^^^^^^^^
  File "/srv/egarage/venv/lib/python3.12/site-packages/django/template/base.py", line 966, in render_annotated
    return self.render(context)
           ^^^^^^^^^^^^^^^^^^^^
  File "/srv/egarage/venv/lib/python3.12/site-packages/django/templatetags/static.py", line 116, in render
    url = self.url(context)
          ^^^^^^^^^^^^^^^^^
  File "/srv/egarage/venv/lib/python3.12/site-packages/django/templatetags/static.py", line 113, in url
    return self.handle_simple(path)
           ^^^^^^^^^^^^^^^^^^^^^^^^
  File "/srv/egarage/venv/lib/python3.12/site-packages/django/templatetags/static.py", line 129, in handle_simple
    return staticfiles_storage.url(path)
           ^^^^^^^^^^^^^^^^^^^^^^^^^^^^^
  File "/srv/egarage/venv/lib/python3.12/site-packages/django/contrib/staticfiles/storage.py", line 203, in url
    return self._url(self.stored_name, name, force)
           ^^^^^^^^^^^^^^^^^^^^^^^^^^^^^^^^^^^^^^^^
  File "/srv/egarage/venv/lib/python3.12/site-packages/django/contrib/staticfiles/storage.py", line 182, in _url
    hashed_name = hashed_name_func(*args)
                  ^^^^^^^^^^^^^^^^^^^^^^^
  File "/srv/egarage/venv/lib/python3.12/site-packages/django/contrib/staticfiles/storage.py", line 513, in stored_name
    raise ValueError(
ValueError: Missing staticfiles manifest entry for 'css/output.css'
ERROR 2026-03-12 09:53:55,004 log 634779 128447332667520 Internal Server Error: /
Traceback (most recent call last):
  File "/srv/egarage/venv/lib/python3.12/site-packages/django/core/handlers/exception.py", line 55, in inner
    response = get_response(request)
               ^^^^^^^^^^^^^^^^^^^^^
  File "/srv/egarage/venv/lib/python3.12/site-packages/django/core/handlers/base.py", line 220, in _get_response
    response = response.render()
               ^^^^^^^^^^^^^^^^^
  File "/srv/egarage/venv/lib/python3.12/site-packages/django/template/response.py", line 114, in render
    self.content = self.rendered_content
                   ^^^^^^^^^^^^^^^^^^^^^
  File "/srv/egarage/venv/lib/python3.12/site-packages/django/template/response.py", line 92, in rendered_content
    return template.render(context, self._request)
           ^^^^^^^^^^^^^^^^^^^^^^^^^^^^^^^^^^^^^^^
  File "/srv/egarage/venv/lib/python3.12/site-packages/django/template/backends/django.py", line 61, in render
    return self.template.render(context)
           ^^^^^^^^^^^^^^^^^^^^^^^^^^^^^
  File "/srv/egarage/venv/lib/python3.12/site-packages/django/template/base.py", line 175, in render
    return self._render(context)
           ^^^^^^^^^^^^^^^^^^^^^
  File "/srv/egarage/venv/lib/python3.12/site-packages/django/template/base.py", line 167, in _render
    return self.nodelist.render(context)
           ^^^^^^^^^^^^^^^^^^^^^^^^^^^^^
  File "/srv/egarage/venv/lib/python3.12/site-packages/django/template/base.py", line 1005, in render
    return SafeString("".join([node.render_annotated(context) for node in self]))
                               ^^^^^^^^^^^^^^^^^^^^^^^^^^^^^^
  File "/srv/egarage/venv/lib/python3.12/site-packages/django/template/base.py", line 966, in render_annotated
    return self.render(context)
           ^^^^^^^^^^^^^^^^^^^^
  File "/srv/egarage/venv/lib/python3.12/site-packages/django/templatetags/static.py", line 116, in render
    url = self.url(context)
          ^^^^^^^^^^^^^^^^^
  File "/srv/egarage/venv/lib/python3.12/site-packages/django/templatetags/static.py", line 113, in url
    return self.handle_simple(path)
           ^^^^^^^^^^^^^^^^^^^^^^^^
  File "/srv/egarage/venv/lib/python3.12/site-packages/django/templatetags/static.py", line 129, in handle_simple
    return staticfiles_storage.url(path)
           ^^^^^^^^^^^^^^^^^^^^^^^^^^^^^
  File "/srv/egarage/venv/lib/python3.12/site-packages/django/contrib/staticfiles/storage.py", line 203, in url
    return self._url(self.stored_name, name, force)
           ^^^^^^^^^^^^^^^^^^^^^^^^^^^^^^^^^^^^^^^^
  File "/srv/egarage/venv/lib/python3.12/site-packages/django/contrib/staticfiles/storage.py", line 182, in _url
    hashed_name = hashed_name_func(*args)
                  ^^^^^^^^^^^^^^^^^^^^^^^
  File "/srv/egarage/venv/lib/python3.12/site-packages/django/contrib/staticfiles/storage.py", line 513, in stored_name
    raise ValueError(
ValueError: Missing staticfiles manifest entry for 'img/egarage_logo.png'
